CreditScore,Age,Tenure,Balance,NumOfProducts,EstimatedSalary,Geography,Gender,HasCrCard,IsActiveMember
584,44,5,95671.75,2,106564.88,France,Female,1,1
453,38,8,120623.21,1,129697.99,Germany,Female,1,0
803,43,3,0.0,1,72051.44,Spain,Male,1,0
601,41,3,0.0,2,54342.83,Spain,Female,1,0
531,42,6,88324.31,2,75248.75,Germany,Female,1,0
664,40,9,0.0,2,194767.3,France,Male,1,0
605,57,2,0.0,3,66652.75,Spain,Female,1,0
652,37,4,0.0,2,143393.24,France,Female,1,0
743,40,8,68155.59,1,94876.65,France,Male,1,0
557,34,3,83074.0,1,132673.22,France,Male,1,0
660,41,1,129901.21,1,26025.6,Germany,Male,1,0
764,29,5,0.0,2,65868.28,Spain,Male,1,0
655,52,9,144696.75,1,49025.79,Germany,Male,1,1
773,25,2,135903.33,1,73656.38,France,Male,1,0
602,23,7,113758.48,2,84077.6,France,Male,0,0
610,57,7,72092.95,4,113228.82,France,Female,0,1
711,21,0,82844.33,2,1408.68,France,Female,0,1
763,39,7,0.0,2,19458.75,Spain,Female,1,0
553,47,3,116528.15,1,145704.19,Spain,Male,0,0
472,37,1,0.0,2,48357.9,France,Female,1,1
558,39,10,144757.02,1,22878.16,Germany,Male,1,0
660,35,6,100768.77,1,19199.61,France,Female,1,0
566,65,4,120100.41,1,107563.16,Germany,Male,1,0
625,28,3,0.0,1,183646.41,France,Female,0,0
681,37,6,121231.39,1,146366.08,Spain,Female,1,1
525,36,2,114628.4,1,168290.06,France,Male,0,1
543,36,3,0.0,2,26019.59,France,Female,0,0
703,45,5,0.0,2,131906.44,France,Female,1,0
704,36,2,175509.8,2,152039.67,Spain,Female,1,0
667,71,4,137260.78,1,94433.08,Spain,Male,0,1
667,32,0,103846.65,1,20560.69,Germany,Male,1,0
593,36,2,70181.48,2,80608.12,France,Male,1,0
802,60,3,92887.06,1,39473.63,France,Female,1,0
684,34,9,0.0,2,65257.57,France,Male,1,1
489,46,8,92060.06,1,147222.95,Germany,Female,1,0
623,33,2,80002.33,1,104079.62,Germany,Male,1,1
569,43,8,161546.68,2,178187.28,Spain,Male,0,1
531,42,6,75302.85,2,57034.35,Spain,Female,0,0
427,29,1,141325.56,1,93839.3,France,Male,1,1
519,21,1,146329.57,2,194867.27,France,Female,1,1
621,42,8,68683.68,1,74157.71,Spain,Male,1,1
596,29,6,0.0,2,116696.77,Spain,Female,1,0
632,50,2,0.0,2,57942.88,France,Male,0,0
635,28,3,81623.67,2,156791.36,Germany,Female,1,1
586,32,1,149814.54,1,31830.06,Germany,Male,1,0
649,46,5,0.0,2,76946.6,France,Male,1,1
653,25,2,158266.42,3,199357.24,Germany,Female,1,1
559,29,1,0.0,2,155639.76,France,Male,0,0
539,39,3,139153.68,2,147662.33,France,Male,1,0
738,18,4,0.0,2,47799.15,France,Male,1,1
581,37,10,104255.03,1,86609.37,France,Female,1,0
719,22,7,114415.84,1,177497.4,France,Female,1,1
692,53,7,150926.99,2,119817.19,Germany,Male,0,0
656,34,6,59877.33,1,14032.62,Spain,Female,1,0
456,32,9,147506.25,1,135399.21,Spain,Male,1,1
816,67,6,151858.98,1,72814.31,Spain,Male,1,1
689,31,3,139799.63,1,120663.57,Spain,Female,0,1
569,38,7,0.0,1,108469.2,France,Male,1,1
686,39,4,0.0,2,155023.93,France,Male,1,0
729,38,10,0.0,2,189727.12,Spain,Female,1,0
525,30,5,0.0,2,149195.44,Spain,Female,0,1
642,26,0,0.0,1,47472.68,France,Male,0,0
646,30,7,0.0,2,153566.97,France,Male,1,0
750,33,3,161801.47,1,153288.97,Spain,Female,0,1
561,28,7,0.0,2,7797.01,France,Male,1,0
775,74,0,161371.5,1,134869.93,Germany,Female,1,1
634,36,1,69518.95,1,116238.39,France,Female,1,0
670,36,7,0.0,2,59571.5,France,Male,0,0
714,24,7,0.0,2,166335.0,France,Female,1,0
812,24,10,0.0,2,156906.15,France,Male,1,1
453,29,6,0.0,1,198376.02,France,Male,0,0
456,63,1,165350.61,2,140758.07,France,Female,0,0
771,41,10,108309.0,4,137510.41,France,Female,1,1
676,41,4,101457.14,1,79101.67,France,Female,1,1
785,55,5,0.0,2,7008.65,France,Male,1,1
685,31,10,135213.71,1,125777.28,Spain,Male,1,1
557,46,4,96173.17,2,116378.31,France,Female,1,1
492,38,8,57068.43,2,188974.81,Germany,Female,1,0
711,37,8,113899.92,1,80215.2,France,Female,0,0
789,39,7,124828.46,2,124411.08,Germany,Male,1,1
744,44,5,120654.68,1,82290.81,Spain,Male,1,0
636,31,6,0.0,2,2382.61,France,Male,1,1
718,67,7,0.0,3,82782.08,France,Female,1,1
584,38,3,0.0,2,4525.4,Spain,Female,1,1
642,36,4,0.0,2,195224.91,France,Male,1,1
633,35,3,0.0,2,36249.76,France,Male,1,1
679,39,4,0.0,1,172939.3,France,Female,0,0
717,35,1,0.0,3,174770.14,Spain,Male,0,0
670,35,2,79585.96,1,198802.9,Germany,Female,0,1
537,38,3,0.0,2,141023.01,France,Male,0,0
512,43,1,0.0,2,52471.36,France,Male,1,1
530,48,0,0.0,1,85081.09,France,Female,1,0
486,24,1,0.0,1,98802.76,Spain,Male,1,0
671,31,6,0.0,2,15846.42,France,Female,1,1
654,29,4,132954.64,1,146715.07,France,Male,1,1
698,39,4,0.0,2,47455.82,France,Female,0,1
660,30,4,0.0,2,129149.06,Spain,Male,1,0
821,28,8,0.0,1,36754.13,France,Female,1,1
730,22,9,65763.57,1,145792.01,France,Female,1,1
721,41,6,135071.12,1,64477.25,France,Male,1,1
537,37,7,158411.95,4,117690.58,Germany,Female,1,1
537,45,7,158621.04,1,120892.96,France,Female,1,0
552,50,4,121175.56,1,117505.07,Germany,Male,1,0
547,25,4,98141.57,2,52309.8,Germany,Male,1,1
646,36,6,124445.52,1,88481.32,France,Male,1,0
724,31,2,160997.54,2,64831.36,Germany,Male,0,1
450,34,2,0.0,2,175480.93,Spain,Female,1,0
706,42,8,95386.82,1,75732.25,Spain,Female,1,1
569,31,1,115406.97,1,145528.22,Spain,Male,0,0
599,25,7,108380.72,1,79005.95,Germany,Male,1,1
681,43,8,154100.3,1,114659.81,France,Female,0,0
669,41,0,150219.41,2,107839.03,France,Female,0,0
769,31,7,148913.72,2,53817.23,Germany,Female,1,0
548,32,2,172448.77,1,188083.77,France,Female,1,0
527,33,9,132168.28,1,98734.15,Spain,Male,0,0
644,46,6,12459.19,1,156787.34,Spain,Female,0,0
809,48,2,0.0,1,160976.85,Spain,Female,1,0
530,42,0,99948.45,1,97338.62,Germany,Female,0,1
799,32,3,106045.92,2,17938.0,France,Female,1,1
792,42,2,0.0,2,92664.09,France,Female,1,0
633,37,9,156091.97,1,72008.61,France,Female,1,0
606,36,10,0.0,2,155641.46,France,Female,0,1
461,51,9,119889.84,1,56767.67,France,Male,0,0
726,30,5,111375.32,2,2704.09,Germany,Male,1,0
573,41,5,0.0,2,14479.29,Spain,Male,0,1
513,45,0,164649.52,3,49915.52,France,Female,1,0
572,47,4,99353.42,1,196549.85,Germany,Male,1,0
556,38,2,115463.16,1,150679.65,Spain,Male,1,0
418,34,8,155973.88,1,154208.96,France,Male,1,0
501,42,9,114631.23,1,91429.74,France,Male,0,1
754,48,7,141819.02,1,93550.53,Germany,Female,1,0
607,25,3,0.0,2,187048.72,France,Male,0,0
702,37,10,150525.8,1,94728.49,France,Male,1,1
695,35,7,0.0,2,160387.98,Spain,Male,1,0
701,32,5,102500.34,1,106287.77,Germany,Male,0,0
484,36,8,0.0,2,186136.48,Spain,Male,1,0
656,40,10,167878.5,1,151887.16,Spain,Female,0,1
629,40,9,0.0,1,106.67,France,Male,1,0
596,54,1,123544.0,1,120314.75,Germany,Male,1,1
791,33,3,0.0,1,144413.92,France,Female,1,1
715,21,8,0.0,2,68666.63,France,Male,1,0
545,37,9,110483.86,1,127394.67,Germany,Male,1,1
773,25,1,124532.78,2,11723.57,France,Male,0,1
696,47,1,106758.6,1,80591.18,Spain,Male,1,1
602,34,8,98382.72,1,39542.0,Spain,Male,1,0
850,48,2,0.0,1,169425.3,Spain,Male,1,0
728,38,1,115934.74,1,139059.05,France,Male,1,1
694,58,1,143212.22,1,102628.56,Germany,Female,0,0
588,46,8,0.0,1,61931.21,Spain,Male,1,0
597,43,7,119127.46,2,55809.92,Germany,Female,1,0
676,36,1,82729.49,1,113810.12,Spain,Male,1,0
634,35,10,0.0,1,82634.41,Spain,Female,1,0
826,56,8,174506.1,2,161802.82,Spain,Female,0,1
505,26,8,112972.57,1,145011.62,France,Male,1,0
625,69,1,107569.96,1,182336.45,Spain,Female,1,1
706,68,4,114386.85,1,28601.68,Spain,Male,1,1
577,43,3,127940.47,1,125140.72,Germany,Female,0,0
663,33,8,122528.18,1,196260.3,Spain,Female,1,0
696,43,4,0.0,2,66406.37,Spain,Female,1,1
667,33,4,0.0,2,131834.75,France,Male,1,1
622,35,5,0.0,2,51112.8,France,Female,1,0
693,25,6,146580.69,1,14633.35,Germany,Male,0,1
498,61,7,102453.26,1,187247.56,Germany,Male,1,0
800,38,9,0.0,1,78744.39,Spain,Male,1,0
577,46,1,0.0,1,158750.53,France,Female,1,1
651,35,2,86911.8,1,174094.24,France,Male,1,0
678,38,3,0.0,2,66561.6,France,Male,1,0
545,26,7,0.0,2,156598.23,France,Male,0,1
693,43,1,121927.92,1,87994.95,Germany,Female,1,0
590,31,8,112211.61,1,26261.42,France,Male,1,0
697,32,7,175464.85,3,116442.42,France,Male,1,0
506,50,3,0.0,2,12016.79,Spain,Male,1,0
621,36,7,116338.68,1,155743.48,Spain,Female,1,1
849,41,6,0.0,2,169203.51,France,Female,1,1
666,51,2,148222.65,1,156953.54,France,Male,0,0
785,47,9,122031.55,1,33823.5,France,Female,1,1
614,36,1,44054.84,1,73329.08,Spain,Female,1,1
493,31,3,0.0,1,176570.28,France,Female,1,1
586,38,6,0.0,2,37935.83,France,Female,1,1
590,60,6,147751.75,1,88206.04,France,Female,1,0
512,41,6,0.0,1,100507.81,France,Female,1,1
598,27,10,171283.91,1,84136.12,Germany,Female,1,1
791,35,5,129828.58,1,181918.26,Germany,Male,1,1
666,44,2,122314.5,1,68574.88,Germany,Female,0,0
582,43,5,153313.67,1,170563.73,France,Female,0,0
418,46,9,0.0,1,81014.5,France,Female,1,1
650,31,1,160566.11,2,27073.81,France,Female,0,0
673,32,0,0.0,1,72873.33,Spain,Female,1,1
736,54,7,111729.47,2,84920.49,France,Male,0,1
550,46,7,0.0,2,130590.35,France,Female,1,0
662,26,0,0.0,2,72929.96,France,Male,0,1
545,32,4,0.0,1,94739.2,Spain,Female,1,0
726,34,0,185734.75,1,102036.82,France,Female,1,1
468,32,8,137649.47,1,198714.29,France,Female,0,0
794,30,8,0.0,2,24113.91,France,Male,1,1
523,41,0,119276.31,1,122284.38,Germany,Male,0,0
452,52,1,98443.14,2,92033.98,Germany,Male,0,0
629,39,5,0.0,2,116748.14,Spain,Male,0,0
576,39,9,84719.98,1,191063.36,France,Male,0,0
655,20,7,134397.61,1,28029.54,France,Female,0,0
701,33,7,123870.07,1,97794.71,Spain,Female,1,0
632,41,3,126550.7,1,177644.52,Germany,Male,0,0
582,29,0,0.0,1,84012.81,France,Female,1,1
673,35,6,0.0,2,98618.79,Spain,Female,1,0
711,25,7,0.0,3,9679.28,France,Female,1,1
737,31,5,121192.22,2,74890.58,Germany,Male,1,1
648,51,2,116574.84,1,4121.04,Germany,Female,1,0
602,59,7,0.0,2,162347.05,France,Male,1,1
518,29,9,125961.74,2,160303.08,Germany,Male,1,0
655,26,7,106198.5,1,32020.42,France,Female,0,1
714,52,2,0.0,1,144045.08,France,Female,0,1
564,30,0,100954.88,2,134175.15,Germany,Female,0,0
644,37,2,186347.97,2,92809.73,France,Male,1,0
688,35,5,111578.18,1,166165.93,Germany,Male,0,0
554,31,1,0.0,2,192660.55,France,Male,0,1
446,45,10,125191.69,1,128260.86,Spain,Female,1,1
580,35,10,136281.41,2,24799.47,Germany,Male,1,1
650,26,4,214346.96,2,128815.33,Germany,Male,1,0
697,40,7,130334.35,2,116951.1,Spain,Female,0,1
584,42,3,137479.13,1,25669.1,Germany,Male,1,0
647,35,3,166518.63,2,147930.46,Germany,Female,1,0
579,27,9,0.0,2,126838.7,France,Female,1,0
707,33,2,0.0,2,130866.95,France,Male,0,0
528,35,3,156687.1,1,199320.77,France,Male,1,0
527,39,4,0.0,2,167183.07,France,Male,1,0
569,34,3,0.0,1,133997.53,Spain,Female,1,0
743,43,2,161807.18,2,93228.86,Spain,Male,0,1
617,26,2,165947.99,2,168834.38,France,Female,0,1
567,48,3,0.0,1,55362.45,France,Female,1,0
704,37,9,155619.58,1,135088.58,Spain,Female,1,1
850,35,3,162442.35,1,183566.78,France,Male,1,0
764,24,7,0.0,2,186105.99,France,Female,1,0
709,37,7,0.0,1,159486.76,France,Male,1,0
758,51,8,81710.46,1,116520.07,France,Male,1,1
640,38,9,0.0,2,88827.67,France,Male,1,0
660,36,0,84438.57,1,181449.51,Spain,Female,1,1
683,39,2,47685.47,2,86019.48,Germany,Female,1,1
613,40,1,147856.82,3,107961.11,Germany,Male,0,0
500,56,1,100374.58,1,118490.8,France,Male,1,0
685,38,4,0.0,2,35884.91,Spain,Male,1,1
794,33,8,0.0,2,91340.02,Spain,Male,0,0
500,37,9,125822.21,1,111698.0,Spain,Male,1,0
747,40,3,0.0,1,57817.84,France,Female,0,0
697,34,2,126558.92,1,73334.43,France,Female,1,0
844,18,2,160980.03,1,145936.28,France,Male,0,0
659,38,9,0.0,2,35701.06,Spain,Female,1,1
515,35,10,176273.95,1,121277.78,Spain,Male,0,1
639,27,8,133806.54,2,6251.3,Spain,Female,1,0
756,26,5,155143.52,1,135034.57,Germany,Female,0,1
675,54,6,0.0,1,110273.84,France,Male,1,0
622,35,8,0.0,2,131772.51,France,Male,1,1
684,41,1,134177.06,1,177506.66,Spain,Female,0,0
749,26,6,0.0,2,34948.77,France,Female,0,1
642,40,1,154863.15,1,138052.51,France,Male,1,1
717,35,7,58469.37,2,172459.39,Germany,Male,1,1
666,71,1,53013.29,2,112222.64,Germany,Male,1,1
583,27,1,125406.58,1,110784.42,France,Female,1,1
684,33,4,140700.61,1,103557.93,France,Male,1,0
743,36,8,92716.96,1,33693.78,Spain,Female,1,1
551,32,4,0.0,2,53420.53,Spain,Male,1,0
566,44,5,0.0,2,66462.79,Spain,Male,1,0
596,47,5,140187.1,2,174311.3,Germany,Male,1,1
585,30,6,0.0,2,137757.69,France,Female,1,1
555,46,4,120392.99,1,177719.88,Germany,Female,1,0
646,46,1,170826.55,2,45041.32,Germany,Male,1,0
591,58,5,128468.69,1,137254.55,Spain,Male,0,1
724,28,5,0.0,1,59351.68,France,Female,1,0
570,43,9,0.0,2,11417.26,France,Female,0,1
539,20,0,83459.86,1,146752.67,France,Male,1,1
623,48,5,118469.38,1,158590.25,France,Male,1,1
614,27,9,106414.57,2,77500.81,France,Female,0,0
811,44,3,0.0,2,78439.73,Spain,Male,0,1
747,21,4,81025.6,2,167682.57,France,Female,1,0
695,29,5,0.0,2,6770.44,France,Male,1,1
625,51,4,124620.01,2,92243.94,France,Female,1,0
448,25,2,0.0,2,95215.73,Spain,Male,0,0
594,35,2,0.0,2,103480.69,France,Male,1,0
639,37,5,98186.7,1,173386.95,France,Male,0,1
579,38,8,0.0,2,91763.67,France,Male,0,0
727,39,5,80615.46,2,180962.32,Germany,Male,0,0
607,39,10,0.0,3,132741.13,France,Female,1,0
449,31,1,113693.0,1,82796.29,Spain,Female,0,0
445,34,7,131082.17,2,70618.0,Germany,Female,1,1
550,48,6,0.0,2,191870.28,France,Female,1,1
714,34,5,0.0,2,193040.32,Spain,Male,1,0
561,56,7,152759.0,2,133167.11,France,Male,1,0
627,30,6,57809.32,1,188258.49,Germany,Female,1,0
653,47,6,0.0,1,50695.93,France,Male,1,0
718,28,6,0.0,2,146875.86,Spain,Male,1,0
679,33,1,0.0,2,69608.48,France,Female,0,0
723,42,2,99095.73,1,17512.53,France,Male,1,1
676,27,4,0.0,1,107955.67,Spain,Male,0,1
470,31,4,55732.92,2,103792.53,Spain,Male,1,1
762,53,1,102520.37,1,170195.4,France,Male,1,1
774,41,5,126670.37,1,102426.06,France,Female,1,0
549,29,3,0.0,2,146090.38,France,Male,1,0
740,33,1,129574.98,1,123300.38,France,Male,1,1
626,38,7,141074.59,1,52795.56,France,Male,1,0
790,31,9,0.0,2,84126.75,France,Female,1,0
713,24,7,147687.24,1,121592.5,Germany,Female,1,1
553,38,1,181110.13,2,184544.59,Spain,Male,1,0
594,38,4,0.0,2,186884.04,France,Male,0,0
758,34,1,154139.45,1,60728.89,France,Female,1,1
640,33,8,81677.22,2,34925.56,Germany,Male,0,0
574,34,5,0.0,2,28269.86,Spain,Male,0,0
532,38,9,0.0,2,30583.95,France,Male,0,0
593,45,4,138825.19,1,10828.78,France,Male,0,0
652,38,1,103895.31,1,159649.44,Spain,Female,0,1
542,39,4,109949.39,2,41268.65,France,Female,1,1
651,63,8,129968.67,1,11830.53,Spain,Female,1,1
711,38,4,123345.85,1,141827.83,France,Male,1,0
537,30,1,103138.17,1,96555.42,Spain,Male,1,1
704,36,7,120026.98,2,100601.73,France,Male,0,1
513,40,3,141004.46,1,105028.46,France,Male,1,0
850,71,4,0.0,2,107236.87,France,Female,1,1
712,27,8,113174.21,2,147261.58,Germany,Male,1,0
598,38,6,0.0,2,173783.38,Spain,Female,0,0
704,48,8,167997.6,1,173498.45,Spain,Male,1,1
578,40,7,0.0,2,102233.73,France,Female,0,0
676,28,1,69459.05,2,128461.29,Germany,Male,1,1
605,36,9,0.0,2,35521.63,Spain,Female,0,1
565,38,0,122447.76,1,67339.34,Spain,Male,0,0
639,50,6,115335.32,2,53130.41,France,Female,1,1
630,50,3,129370.91,4,47775.34,Germany,Male,1,1
781,32,6,147107.91,1,40066.95,France,Male,1,1
746,37,2,0.0,2,143194.05,France,Male,1,0
497,24,6,111769.14,2,55859.27,Germany,Male,1,0
571,33,9,0.0,2,77519.62,France,Female,0,1
781,48,0,57098.96,1,85644.06,France,Female,1,0
490,35,7,107749.03,1,3937.37,France,Female,1,1
639,28,8,0.0,2,126561.07,Spain,Male,1,0
662,39,5,138106.75,1,19596.73,France,Female,0,0
658,40,7,140596.95,1,135459.02,France,Female,0,1
651,34,2,90355.12,2,193597.94,Germany,Male,0,0
604,23,9,124577.33,1,7267.25,Spain,Male,1,1
605,43,8,125338.8,2,23970.13,Germany,Female,1,0
842,58,1,63492.94,1,83172.19,France,Male,1,1
605,32,9,0.0,2,55724.24,France,Male,1,1
560,30,0,108883.29,1,27914.95,France,Female,1,0
805,33,3,105663.56,2,33330.89,Germany,Female,0,1
652,36,1,0.0,2,151314.98,France,Male,1,1
642,39,4,0.0,1,76821.24,France,Female,1,1
623,35,0,130557.24,1,47880.71,France,Female,1,1
633,60,8,69365.25,1,10288.24,France,Female,1,1
735,50,9,0.0,1,166677.35,Spain,Male,0,0
659,43,1,106086.42,2,26900.63,France,Male,1,0
617,44,9,49157.09,2,53294.17,Germany,Male,1,0
821,45,0,135827.33,2,131778.58,Germany,Male,1,1
784,38,10,122267.85,1,145759.93,Spain,Male,0,0
639,35,5,136526.26,2,59653.03,Spain,Female,1,0
752,36,1,86837.95,1,105280.55,France,Female,1,1
732,43,6,0.0,2,65731.53,France,Female,1,0
563,32,6,0.0,2,19720.08,Spain,Male,1,1
560,49,4,0.0,1,100075.1,France,Male,1,1
637,36,9,166939.88,1,72504.76,France,Female,1,1
835,18,2,142872.36,1,117632.63,Germany,Male,1,1
753,92,3,121513.31,1,195563.99,France,Male,0,1
705,31,9,110941.93,2,163484.8,Germany,Female,1,0
726,24,6,0.0,2,54724.03,France,Female,1,1
707,33,8,136678.52,1,54290.62,France,Male,1,0
712,38,7,132767.66,2,59115.77,Germany,Male,1,1
781,38,2,117810.79,1,65632.33,France,Male,0,1
633,47,0,0.0,1,6342.84,France,Female,1,1
646,42,3,99836.47,1,22909.56,Spain,Female,0,1
686,41,4,129553.76,2,187599.8,France,Female,1,0
492,39,7,0.0,2,71323.23,France,Male,0,1
759,26,4,0.0,2,135394.62,France,Male,1,0
490,41,0,139659.04,1,176254.12,Germany,Female,1,1
770,37,5,141547.26,2,180326.83,Germany,Male,0,1
822,38,6,128289.7,3,9149.96,France,Male,1,0
600,27,6,0.0,2,172031.22,Spain,Female,1,1
697,27,8,141223.68,2,90591.15,France,Male,1,0
740,39,9,0.0,2,19047.23,France,Male,1,0
590,37,1,0.0,2,133535.99,Spain,Male,0,0
778,31,9,182275.23,2,190631.23,Germany,Male,1,0
738,35,3,0.0,1,15650.73,Spain,Male,1,1
708,32,3,151691.44,2,172810.51,Germany,Male,1,1
660,19,5,127649.64,1,40368.65,France,Male,1,1
592,38,8,119278.01,2,19370.73,France,Female,0,1
503,30,10,136622.55,2,47310.24,Germany,Male,0,0
739,42,2,141642.92,2,172149.76,France,Male,1,0
663,42,7,115930.87,1,19862.78,Germany,Male,1,0
747,47,5,139914.6,4,129964.56,France,Female,0,1
678,22,6,118064.93,2,195424.01,France,Female,1,1
712,52,9,0.0,1,117977.45,Spain,Male,1,1
642,35,2,133161.95,1,122254.86,France,Male,0,1
611,27,7,0.0,2,157474.1,France,Male,1,1
496,29,4,0.0,2,164806.89,France,Female,1,0
539,38,6,0.0,1,152880.07,Spain,Male,1,1
589,36,9,140355.56,2,136329.96,Germany,Female,1,0
585,36,5,146050.97,2,86424.57,Germany,Male,0,0
628,50,4,143054.56,1,109608.81,France,Female,0,1
646,57,6,90212.0,1,13911.27,Germany,Female,1,0
726,33,7,99046.31,2,56053.06,Germany,Female,1,1
675,32,10,0.0,2,191545.65,Spain,Male,1,0
652,40,8,84390.8,2,107876.2,France,Female,0,1
562,31,2,112708.2,1,186370.3,Germany,Male,0,1
518,41,5,110624.99,1,89327.67,Germany,Female,1,0
697,29,0,172693.54,1,141798.98,Germany,Male,0,0
780,34,5,94108.54,2,177235.21,Germany,Male,1,0
667,48,2,0.0,1,43229.2,France,Male,1,0
507,31,9,111589.67,1,150037.19,Germany,Male,1,0
507,41,3,58820.32,2,138536.09,France,Male,1,1
623,40,6,0.0,2,66119.07,France,Male,1,1
667,37,9,71786.9,2,67734.79,France,Female,1,1
571,25,6,82506.72,2,167705.07,Germany,Male,1,0
600,36,4,0.0,2,143635.36,Spain,Male,1,0
634,44,9,149961.11,1,57121.51,France,Male,1,0
604,26,8,149542.52,2,197911.52,France,Male,0,1
619,38,3,0.0,2,116467.35,France,Female,0,1
601,40,10,127847.86,1,173245.68,France,Male,0,0
679,40,7,0.0,2,163757.29,Spain,Female,1,1
724,30,10,0.0,2,54265.55,France,Male,1,1
778,29,7,123229.46,1,181221.09,Germany,Female,1,0
709,49,4,154344.49,2,38794.57,France,Male,1,1
730,42,4,0.0,2,85982.47,Spain,Male,0,1
732,38,5,178787.54,1,195760.53,Germany,Male,1,1
497,41,5,80542.81,1,88729.22,Germany,Male,0,0
683,73,8,137732.23,2,133210.44,France,Female,1,1
598,39,1,0.0,2,159130.32,Spain,Male,1,0
512,33,6,121685.31,2,83681.97,France,Female,1,1
609,37,5,129312.79,1,26793.82,Spain,Male,1,1
850,29,7,0.0,2,23237.25,Spain,Female,1,0
753,30,1,110824.52,1,57896.27,Germany,Male,1,1
617,35,2,104508.1,1,147636.46,France,Female,1,1
631,26,1,149144.61,1,123697.95,France,Male,0,1
850,38,3,0.0,2,179360.76,Spain,Female,0,1
759,31,1,109848.6,1,42012.55,France,Female,1,1
671,31,4,0.0,2,79270.02,Spain,Female,0,1
653,30,2,88243.29,2,96658.26,Spain,Female,1,1
721,55,3,44020.89,1,65864.4,France,Female,1,0
599,46,9,123444.72,1,31368.08,Germany,Male,1,1
656,48,9,0.0,2,85240.61,France,Female,1,1
620,35,0,76989.97,1,17242.79,Germany,Male,1,1
799,30,9,0.0,2,136827.96,France,Female,1,0
580,39,9,128362.59,1,86044.98,France,Female,1,0
598,32,9,123938.6,2,198894.42,Germany,Male,1,0
614,41,8,121558.46,1,598.8,France,Female,1,1
529,44,1,0.0,2,14161.3,Spain,Female,0,0
543,36,6,0.0,2,176728.28,France,Male,1,0
607,32,9,144272.07,2,176580.63,Germany,Male,1,0
534,52,1,0.0,3,104035.41,France,Male,1,1
684,41,6,135203.81,2,121967.88,France,Female,1,1
637,38,3,104339.56,1,119882.86,France,Female,0,0
605,32,5,0.0,2,42135.28,France,Female,1,1
596,48,2,131326.47,1,1140.02,Germany,Male,0,0
678,44,2,98009.13,2,31384.86,Germany,Female,0,1
577,39,10,0.0,2,10553.31,France,Female,1,0
550,22,7,139096.85,1,129890.94,France,Female,1,0
555,55,4,146798.81,1,74149.77,France,Male,1,1
644,18,7,0.0,1,59645.24,Spain,Male,0,1
572,43,2,140431.98,1,26450.57,France,Male,1,0
726,48,4,0.0,1,114020.06,France,Female,1,0
613,38,9,67111.65,1,78566.64,Germany,Male,1,0
676,23,1,107787.47,1,116378.82,France,Male,0,1
680,34,9,0.0,2,95686.6,France,Male,1,1
644,40,10,139180.97,1,19959.67,France,Female,1,1
741,39,7,143637.58,2,174227.66,Spain,Male,0,1
593,29,5,101713.84,3,134594.99,Germany,Female,1,0
481,37,8,0.0,2,44215.86,Spain,Female,1,0
615,42,4,0.0,3,120321.09,Spain,Male,0,1
654,35,2,90865.8,1,86764.46,France,Female,1,1
554,39,2,129709.62,1,173197.12,France,Male,1,0
850,31,4,0.0,2,33082.81,France,Female,1,1
850,28,8,99986.98,1,196582.55,France,Male,1,0
631,48,1,106396.48,1,150661.42,Germany,Male,1,1
638,44,9,77637.35,2,111346.22,Spain,Male,1,1
635,35,2,113635.16,1,90883.12,Spain,Male,1,0
545,39,6,0.0,1,38410.74,Spain,Female,0,0
714,39,3,149887.49,2,63846.36,Germany,Male,1,0
678,40,8,128644.46,1,167673.37,Germany,Female,0,0
551,76,2,128410.71,2,181718.73,Spain,Male,1,1
694,34,5,127900.03,1,101737.8,France,Male,1,0
757,43,5,131433.33,2,3497.43,Germany,Female,1,1
627,28,5,71097.23,1,130504.49,Germany,Male,1,1
730,43,1,103960.38,1,193650.16,Spain,Female,1,1
710,47,5,158623.14,1,83499.89,France,Male,0,0
531,53,5,127642.44,1,141501.45,France,Female,1,0
774,42,2,132193.94,2,162865.52,Germany,Male,1,1
732,67,1,0.0,2,177783.04,Spain,Female,1,1
692,43,10,118588.83,1,161241.65,Germany,Female,1,1
749,34,2,0.0,1,174189.04,Spain,Male,0,0
608,48,2,127924.25,2,32202.61,Germany,Female,1,0
607,45,7,123859.6,1,113051.57,France,Male,0,1
588,32,3,109109.33,1,4993.94,Spain,Male,0,1
653,51,3,0.0,1,170426.65,France,Male,1,0
700,27,6,137963.07,1,8996.79,France,Female,0,0
523,35,8,138782.76,1,186118.93,Germany,Male,1,1
722,32,5,106807.64,1,76998.69,Germany,Female,1,1
752,36,3,0.0,2,48505.1,Spain,Female,1,1
718,31,1,152663.77,1,17128.64,France,Female,0,1
657,33,1,84309.57,2,103914.4,France,Male,0,0
674,41,4,126605.14,1,166694.93,Spain,Female,1,1
483,27,1,77805.66,1,2101.89,France,Male,1,1
670,20,4,0.0,2,119759.24,Spain,Female,1,0
753,38,1,117314.92,1,122021.33,Germany,Female,1,0
582,29,0,0.0,1,142516.35,France,Male,1,0
667,36,3,121542.57,2,186841.71,Spain,Female,1,1
535,50,1,140292.58,3,69531.22,Spain,Female,0,0
698,39,9,133191.19,2,53289.49,Germany,Male,0,1
651,32,8,144581.96,1,87609.5,France,Female,1,1
681,31,4,97338.19,2,48226.76,Germany,Male,0,0
625,44,7,0.0,1,4791.8,France,Female,1,0
640,37,5,158024.38,1,81298.09,Spain,Male,1,0
585,43,2,0.0,2,89402.54,France,Female,1,0
480,35,2,165692.91,1,197984.58,France,Male,1,1
792,70,3,0.0,2,172240.27,France,Female,1,1
534,36,4,120037.96,1,36275.94,France,Male,1,0
575,30,2,0.0,2,82222.86,Spain,Male,1,1
721,36,3,65253.07,2,28737.78,Germany,Female,1,0
793,41,9,0.0,2,152153.74,Spain,Male,1,0
715,37,9,105489.31,1,143096.49,Germany,Female,0,0
594,29,3,130830.22,1,61048.53,Germany,Female,1,0
669,23,1,0.0,2,66088.83,France,Male,0,0
603,42,8,91611.12,1,144675.3,Spain,Female,0,0
514,46,3,106511.85,1,55072.32,France,Female,1,0
606,40,5,0.0,2,70899.27,France,Male,1,1
660,48,0,90044.32,2,187604.97,France,Female,0,1
661,39,6,132628.98,1,38812.67,Spain,Male,0,0
699,22,9,99339.0,1,68297.61,France,Male,1,0
521,34,7,70731.07,1,20243.97,Spain,Female,1,1
669,35,4,108269.2,2,174969.92,Germany,Female,1,0
771,57,4,0.0,1,85876.67,France,Female,0,0
562,41,5,165445.04,2,85787.31,Spain,Male,1,0
416,41,10,122189.66,2,98301.61,Germany,Female,1,0
637,41,2,0.0,2,102515.42,France,Male,0,1
517,56,9,142147.32,1,39488.04,France,Male,0,0
642,22,10,111812.52,2,183045.46,Germany,Male,1,1
711,34,4,133467.77,2,42976.64,Germany,Male,1,1
640,34,1,137523.02,1,24761.36,Spain,Male,0,0
643,31,3,167949.48,1,143162.34,France,Female,1,0
760,49,9,91502.99,1,117232.9,Germany,Female,1,0
604,34,7,0.0,2,188078.55,France,Male,1,1
648,42,8,121980.56,2,4027.02,Germany,Female,1,0
637,48,7,130806.99,2,132005.85,France,Female,1,1
850,46,3,0.0,2,187980.21,France,Female,1,1
742,35,2,79126.17,1,126997.53,France,Female,1,1
520,30,3,143396.54,2,898.51,France,Male,1,1
655,28,3,113811.85,2,76844.23,Spain,Female,0,1
656,46,9,143267.14,2,193099.43,France,Male,0,0
592,38,0,0.0,1,65986.48,Spain,Male,1,0
564,32,10,139875.2,2,15378.23,Germany,Female,1,0
637,51,1,104682.83,1,55266.96,Germany,Male,1,0
850,38,7,101985.81,2,43801.27,Germany,Male,0,0
623,37,4,140211.88,1,93832.33,France,Female,1,1
411,29,0,59697.17,2,53483.21,France,Male,1,1
601,40,10,98627.13,2,77977.69,France,Male,0,0
552,49,4,0.0,1,190296.76,France,Male,1,1
577,36,3,121092.47,2,143783.46,France,Male,0,1
549,50,9,94748.76,2,13608.18,France,Male,0,1
585,34,1,0.0,1,75503.6,France,Female,1,1
557,57,1,120043.13,1,132370.75,Germany,Male,1,0
655,67,6,148363.38,1,186995.17,Germany,Male,1,1
451,23,9,0.0,2,48021.71,Spain,Female,0,1
638,41,7,0.0,2,43889.41,Spain,Male,1,0
704,39,1,124640.51,1,116511.12,Germany,Female,1,0
468,28,3,0.0,2,170661.02,Spain,Male,1,0
590,76,5,160979.68,1,13848.58,France,Female,0,1
652,27,2,166527.88,2,146007.7,Germany,Male,0,1
616,44,5,102016.38,1,178235.37,France,Male,0,1
706,34,8,0.0,2,37479.97,France,Male,1,1
702,34,4,100054.77,1,109496.45,France,Male,1,0
701,63,3,120916.52,3,144727.45,Germany,Male,0,0
781,27,7,186558.55,1,175071.29,France,Female,1,1
640,46,5,107978.4,2,155876.06,Germany,Female,1,0
623,39,1,160903.2,1,78774.36,France,Female,0,0
739,40,8,0.0,1,167030.51,Spain,Female,1,0
734,37,3,80387.81,1,77272.62,France,Male,0,1
674,43,8,85957.88,2,8757.39,Germany,Male,1,0
520,33,4,156297.58,2,166102.61,France,Male,1,1
633,29,0,138577.34,1,193362.99,Germany,Female,1,0
517,45,4,0.0,1,172674.36,France,Female,0,0
687,28,7,108116.66,1,27411.19,France,Male,1,1
696,34,9,150856.79,1,8236.78,France,Male,0,1
721,28,9,154475.54,2,101300.94,Germany,Male,0,1
718,35,3,97560.16,1,53511.74,France,Male,1,1
715,33,3,85227.84,1,68087.15,France,Female,1,1
656,63,8,0.0,2,57014.43,France,Male,0,1
828,34,9,0.0,2,81853.98,Spain,Male,1,1
624,27,9,94667.29,2,4470.52,Germany,Male,0,1
606,40,9,95293.86,2,96985.58,Germany,Male,0,1
815,35,4,0.0,2,198490.33,France,Male,0,1
686,25,1,0.0,2,16459.37,France,Male,0,1
748,23,8,85600.08,1,134077.71,Spain,Female,0,0
634,37,1,89696.84,2,193179.88,Germany,Male,1,1
537,66,8,103291.25,2,130664.79,Germany,Male,1,1
812,39,5,115730.71,3,185599.34,Germany,Male,1,1
662,38,2,96479.81,1,120259.41,France,Female,1,0
792,28,4,130142.79,1,38190.78,France,Female,1,0
555,31,8,145875.74,1,137491.23,France,Male,1,0
677,25,8,130866.19,1,42410.21,Spain,Female,1,0
652,28,8,156823.7,2,198251.52,Spain,Male,1,0
577,44,1,152086.15,1,44719.5,Germany,Female,0,1
615,61,1,104267.7,1,62845.64,France,Female,1,0
600,40,1,141136.79,1,67803.83,France,Male,1,1
678,49,8,0.0,2,98090.69,Spain,Female,0,1
663,58,5,216109.88,1,74176.71,Spain,Female,0,1
470,48,6,140576.11,1,116971.05,Spain,Female,1,1
569,41,2,0.0,2,134272.57,Spain,Male,1,0
690,43,2,166522.78,1,119644.59,Germany,Male,0,0
580,57,0,136820.99,1,108528.74,Spain,Female,0,1
684,41,7,0.0,1,138394.37,Spain,Female,1,1
554,54,6,108755.0,1,40914.32,Germany,Female,1,0
526,33,8,114634.63,2,110114.38,Spain,Female,1,0
692,40,6,163505.16,1,90424.09,France,Male,0,0
700,36,4,0.0,2,130789.15,France,Female,1,0
502,33,7,0.0,2,4082.52,France,Male,0,1
689,47,2,118812.5,2,31121.42,Germany,Male,0,0
719,33,7,0.0,2,20016.59,Spain,Female,1,0
819,39,9,133102.92,1,27046.46,France,Female,1,0
640,30,6,107499.7,1,187632.22,France,Female,1,1
583,40,4,55776.39,2,26920.43,France,Female,1,0
559,34,2,137390.11,2,9677.0,France,Male,1,0
583,39,8,102945.01,1,52861.89,Germany,Male,0,0
748,66,8,0.0,1,163331.65,France,Male,1,1
671,34,10,153360.02,1,140509.86,Spain,Male,1,0
538,49,9,141434.04,1,173779.25,Spain,Female,0,0
845,28,9,0.0,2,56185.98,France,Female,1,1
850,32,4,156001.68,2,151677.31,France,Male,1,1
474,45,10,0.0,2,172175.9,France,Male,0,0
758,35,7,0.0,2,77951.84,France,Male,1,0
740,60,5,108028.08,2,25980.42,France,Female,0,0
546,42,7,139070.51,1,86945.0,Spain,Male,1,1
580,38,9,115442.19,2,128481.5,Germany,Male,1,0
634,34,8,105302.66,1,123164.97,France,Male,1,1
837,38,2,126732.85,1,79577.38,Germany,Male,1,1
446,25,3,136202.78,1,176743.51,Germany,Male,1,0
849,41,9,115465.28,1,103174.5,France,Female,1,0
738,39,1,94435.45,2,189430.86,France,Female,0,1
529,31,7,0.0,2,175697.87,France,Female,1,1
627,41,6,0.0,3,138700.75,France,Female,1,1
513,44,1,63562.02,2,52629.73,France,Male,0,1
615,51,6,81818.49,1,169149.38,Spain,Male,1,1
558,47,9,0.0,2,103787.28,France,Female,1,0
564,62,5,114931.35,3,18260.98,Germany,Female,0,1
708,32,8,187487.63,1,120115.5,Spain,Female,1,1
627,40,10,0.0,2,194792.42,Spain,Male,1,1
525,47,1,118087.68,1,88120.78,Germany,Female,1,0
512,36,3,84327.77,2,17675.36,France,Female,1,0
625,51,7,136294.97,1,38867.46,France,Female,1,0
742,35,5,136857.0,1,84509.57,Germany,Male,0,0
638,41,9,144326.09,1,73979.85,Germany,Female,1,0
579,64,6,145215.43,1,164083.72,Germany,Female,1,1
769,39,9,0.0,1,47722.79,Spain,Male,1,1
618,33,4,0.0,2,77550.18,Spain,Male,1,1
631,35,8,129205.49,1,79146.36,France,Male,1,1
681,65,7,134714.7,2,190419.81,Spain,Male,0,1
747,25,4,0.0,2,42039.67,France,Female,0,1
661,42,2,178820.91,1,29358.57,Spain,Male,0,0
692,44,8,0.0,1,159069.37,Spain,Female,0,1
669,30,7,139872.81,1,188795.85,Germany,Female,1,0
709,30,5,0.0,2,161388.22,France,Female,0,1
600,37,8,177657.35,1,77142.32,Spain,Male,1,1
614,41,7,179915.85,1,14666.35,Spain,Female,0,0
443,36,6,70438.01,2,56937.43,Spain,Male,0,1
585,36,10,0.0,2,180318.6,Spain,Male,1,1
609,34,1,0.0,1,181177.9,France,Male,1,1
637,50,4,126345.55,1,17323.0,Germany,Male,0,1
545,44,2,127536.44,1,108398.63,Germany,Female,1,0
662,33,0,103471.52,1,162703.0,Germany,Male,1,1
587,35,5,121863.61,1,23481.69,Germany,Male,1,1
573,28,8,0.0,2,77660.03,Spain,Male,0,0
645,37,1,0.0,2,68987.55,France,Female,1,1
519,38,1,114141.64,1,60988.21,Germany,Male,1,1
648,35,7,0.0,2,122899.01,Spain,Male,0,0
648,37,7,0.0,2,194238.92,France,Female,1,0
780,71,9,142550.25,2,122506.78,Germany,Male,1,1
680,42,7,105722.69,1,90558.24,Germany,Female,1,1
712,33,3,153819.58,1,79176.09,France,Male,1,0
574,34,5,112324.45,2,17993.43,France,Female,1,1
649,45,7,0.0,2,75204.21,France,Male,0,1
675,38,6,68065.8,1,138777.0,France,Female,0,0
722,43,1,0.0,1,44560.17,Spain,Male,1,0
772,47,9,152347.01,1,17671.78,France,Male,0,1
686,22,5,0.0,2,158974.45,Spain,Male,1,0
850,44,5,128605.32,1,171096.2,Germany,Female,0,1
564,24,6,149592.14,1,153771.8,Spain,Female,1,1
722,46,5,0.0,2,179908.71,France,Male,1,0
558,32,1,108262.87,1,6935.31,Germany,Female,1,1
712,29,3,87375.78,2,166194.53,France,Female,0,0
850,38,2,94652.04,1,171960.76,Spain,Male,1,1
817,34,5,129278.43,1,165562.84,France,Male,0,0
627,23,5,184244.86,1,103099.22,Germany,Male,1,0
804,71,8,0.0,2,147995.96,France,Female,0,1
655,41,8,125561.97,1,164040.94,Germany,Male,0,0
607,21,0,0.0,2,116106.52,France,Female,1,0
619,41,3,147974.16,2,170518.83,Germany,Male,1,0
657,44,6,76495.04,1,79071.89,France,Male,1,0
717,34,1,0.0,2,119313.74,Spain,Female,1,0
616,31,7,76665.71,2,163809.08,Spain,Male,1,1
748,39,3,157371.54,1,97734.3,France,Female,0,1
704,39,5,0.0,1,6416.92,France,Male,1,0
723,48,7,0.0,2,150694.58,France,Male,1,1
686,47,6,0.0,1,32080.69,Spain,Female,1,0
532,37,5,0.0,2,6761.84,Spain,Female,0,1
778,24,4,0.0,2,162809.2,France,Male,1,1
581,24,3,95508.2,1,45755.0,France,Female,1,1
592,36,10,123187.51,1,146111.35,Germany,Male,0,1
813,30,1,116416.94,1,85808.22,Germany,Male,0,1
533,43,4,80442.06,2,12537.42,Germany,Male,0,1
678,51,1,145751.03,1,109718.44,Germany,Female,0,0
677,36,10,68806.84,1,33075.24,Germany,Female,1,0
829,27,9,112045.67,1,119708.21,Germany,Female,1,1
668,37,10,152958.29,2,159585.61,Germany,Male,1,1
622,27,9,139834.93,1,152733.89,Spain,Male,1,1
711,51,7,0.0,3,38409.79,France,Male,1,0
788,57,8,93716.72,1,180150.49,Germany,Female,1,1
687,39,7,0.0,2,26848.25,France,Male,1,0
530,36,2,0.0,2,14721.8,Spain,Female,1,1
638,32,0,0.0,2,160129.99,France,Female,1,0
577,34,2,0.0,2,84033.35,France,Female,1,1
534,27,9,0.0,2,161344.13,France,Male,1,0
710,41,2,156067.05,1,9983.88,France,Female,1,1
684,35,3,137179.39,1,37264.11,France,Male,1,1
597,41,4,153198.23,1,92090.36,France,Male,1,1
575,28,7,0.0,1,10666.05,Spain,Male,1,1
731,39,2,126816.18,1,74850.93,Spain,Female,1,1
545,33,1,132527.9,2,107429.71,Germany,Male,0,1
789,27,6,0.0,2,103603.65,France,Male,1,0
588,40,5,0.0,2,100727.68,France,Male,0,0
663,45,5,83195.12,1,48682.1,France,Male,1,1
449,52,6,0.0,2,123622.0,France,Male,0,1
543,71,1,104308.77,1,25650.04,France,Female,1,1
558,58,2,142537.18,1,88791.83,Germany,Male,1,1
558,38,8,113000.92,1,152872.39,France,Male,1,1
701,39,2,0.0,2,82526.92,France,Male,1,1
619,33,2,167733.51,2,65222.48,France,Female,1,1
522,37,3,95022.57,1,129107.59,Germany,Female,1,1
651,36,8,0.0,2,91652.43,Spain,Female,1,0
593,69,2,187013.13,2,105898.69,Germany,Male,0,1
660,31,6,172325.67,1,45438.38,France,Female,0,1
652,34,6,97435.85,2,104331.76,France,Female,1,1
787,46,7,117685.31,2,93360.35,France,Male,1,1
667,40,1,146502.07,1,19162.89,Spain,Female,1,0
678,26,1,0.0,2,45443.68,France,Female,1,0
601,29,9,0.0,1,80393.27,France,Male,1,1
542,39,3,135096.77,1,14353.43,France,Male,1,1
763,32,8,0.0,2,16725.53,Spain,Female,1,0
808,41,0,0.0,1,79888.78,France,Male,1,1
547,30,9,72392.41,1,77077.14,Germany,Female,1,0
536,44,4,121898.82,1,131007.18,Germany,Female,0,0
641,40,7,0.0,1,126996.67,France,Female,1,0
641,53,0,123835.52,2,160110.65,France,Female,0,1
550,30,4,0.0,2,89216.29,France,Female,1,0
577,41,4,89015.61,1,135227.23,Spain,Male,0,1
601,43,8,0.0,3,110916.15,France,Female,0,1
529,43,6,93616.35,2,98348.66,France,Male,0,0
754,40,2,160625.17,1,3554.63,Spain,Male,0,1
508,35,1,86893.28,1,59374.82,France,Male,0,0
670,43,1,97792.21,1,120225.62,Spain,Male,0,0
850,38,2,102741.15,2,23974.85,Germany,Female,0,1
537,37,6,0.0,1,17802.42,France,Male,1,1
805,50,9,130023.38,1,62989.82,Germany,Male,1,0
844,29,8,0.0,2,147342.03,France,Female,0,0
544,48,10,78314.63,3,103713.93,France,Male,1,1
765,50,9,126547.8,1,79579.94,France,Female,1,1
836,32,4,109196.67,2,55218.02,Germany,Female,1,0
594,26,6,135067.52,2,131211.86,Germany,Female,0,0
647,22,3,97975.82,2,62083.0,Germany,Female,0,1
710,30,10,133537.1,2,155593.74,Germany,Female,1,0
681,29,2,148143.84,1,52021.39,France,Female,1,1
759,33,9,160541.36,2,93541.14,France,Female,0,0
623,28,7,0.0,1,129526.57,France,Male,0,0
573,33,1,160777.9,1,149536.15,Spain,Male,1,1
555,29,4,128744.04,1,47454.93,France,Male,1,1
845,43,3,152063.59,2,97910.06,Germany,Female,1,0
728,32,9,127772.1,2,152643.48,Germany,Female,1,1
774,60,5,85891.55,1,74135.48,France,Male,1,0
610,46,5,116886.59,1,107973.44,Spain,Female,0,0
530,36,7,0.0,2,80619.09,Spain,Female,1,0
644,32,3,136659.74,1,14187.78,Spain,Male,1,1
738,37,8,100565.94,1,128799.86,Spain,Female,1,1
850,34,6,101266.51,1,33501.98,France,Female,1,0
825,32,9,0.0,2,9751.03,France,Male,0,0
642,72,1,160541.0,2,142223.94,France,Male,1,1
479,47,6,121797.09,1,5811.9,France,Male,0,1
774,52,2,56580.93,1,113266.28,France,Female,1,0
602,35,8,0.0,2,152843.53,France,Female,1,1
534,51,3,0.0,2,20856.31,Spain,Male,0,1
648,42,2,98795.61,2,89123.99,Spain,Male,1,0
691,40,0,115465.98,1,60622.61,France,Female,1,1
750,38,5,151532.4,1,46555.15,France,Male,1,1
702,38,9,0.0,2,158527.45,Spain,Female,1,1
850,49,8,0.0,1,25867.67,Spain,Male,0,0
563,33,8,0.0,2,68815.05,France,Male,0,1
698,40,8,150777.1,1,114732.62,Germany,Female,1,0
661,20,8,0.0,1,110252.53,Spain,Male,1,0
708,41,5,0.0,1,157003.99,Spain,Female,0,1
549,38,8,107283.4,1,157442.75,France,Female,0,0
639,31,3,98360.03,1,20973.8,France,Female,0,0
466,40,4,91592.06,1,141210.18,France,Male,1,0
837,49,8,103302.37,1,50974.57,France,Male,1,1
814,48,7,0.0,2,132870.15,France,Female,1,1
543,36,4,0.0,2,141210.5,France,Male,1,1
623,46,4,0.0,1,5549.11,Spain,Male,1,0
489,52,1,131441.51,1,37240.11,Germany,Female,1,0
837,29,9,0.0,2,41866.26,France,Female,1,1
777,46,0,107362.8,1,487.3,Germany,Female,1,0
539,39,3,0.0,2,36692.17,France,Male,1,0
800,29,2,0.0,2,167773.55,France,Female,0,0
686,36,5,0.0,2,152979.14,Spain,Female,1,1
660,29,6,180520.29,1,123850.58,Germany,Female,1,1
847,66,7,123760.68,1,53157.16,France,Male,0,1
585,33,4,152805.05,1,63239.65,France,Female,1,0
682,52,5,112670.48,1,21085.17,France,Female,1,0
811,30,6,0.0,2,180591.32,France,Male,1,1
611,52,7,0.0,1,73585.18,Spain,Male,0,1
598,50,5,88379.81,3,64157.24,Germany,Female,0,1
710,49,10,129164.88,1,193266.72,Germany,Male,1,1
616,41,10,113220.2,2,114072.91,Germany,Male,1,1
556,40,9,129860.37,1,17992.94,France,Female,0,0
806,37,2,137794.18,2,75232.02,Spain,Female,0,1
809,80,8,0.0,2,34164.05,Spain,Male,0,1
722,47,2,88011.4,1,90655.94,France,Female,1,1
499,21,3,176511.08,1,153920.22,France,Female,1,1
558,45,4,0.0,1,131807.14,Spain,Male,1,0
731,30,7,0.0,2,143086.09,France,Male,0,1
691,29,9,0.0,2,199635.93,France,Female,0,0
684,63,3,81245.79,1,69643.31,Germany,Female,1,0
477,34,8,139959.55,2,189875.83,Germany,Male,1,1
540,35,7,127801.88,1,84239.46,Germany,Male,0,1
586,34,5,168094.01,1,20058.61,Spain,Male,0,0
647,26,8,109958.15,1,136592.24,Spain,Female,1,1
726,28,2,0.0,1,98060.51,France,Male,0,0
586,28,5,0.0,3,170487.4,France,Female,1,0
730,32,9,127661.69,1,60905.51,France,Female,0,0
793,33,0,0.0,1,175544.02,France,Female,0,0
676,37,5,89634.69,1,169583.18,France,Female,1,1
641,48,3,147341.43,1,157458.61,France,Female,1,1
504,46,2,163764.84,1,165122.55,Spain,Female,1,1
628,40,10,0.0,2,103832.58,Spain,Male,1,0
618,38,5,126473.99,1,91972.49,Spain,Male,1,0
701,36,8,0.0,2,169161.46,Spain,Male,1,0
732,34,8,122338.43,2,187985.85,France,Female,1,0
717,31,4,129722.57,1,41176.6,France,Male,0,0
698,37,8,0.0,2,145004.39,France,Male,0,0
573,47,8,154543.98,1,29586.73,France,Female,1,0
537,46,5,100727.5,1,140857.76,Germany,Female,0,1
679,36,6,147733.64,1,172501.38,France,Male,0,1
648,34,3,95039.73,2,147055.87,Germany,Male,1,1
695,46,3,122549.64,1,56297.85,Spain,Male,1,1
449,33,8,0.0,2,156792.89,Spain,Female,0,0
492,35,4,141359.37,2,39519.53,France,Male,1,0
850,29,1,154640.41,1,164039.51,Germany,Male,1,1
564,27,6,0.0,1,7819.76,France,Female,0,0
568,32,7,169399.6,1,61936.22,Spain,Female,1,0
739,25,5,113113.12,1,129181.27,Germany,Female,1,0
554,45,6,0.0,2,181204.5,France,Female,1,1
752,31,4,144637.86,2,40496.72,Spain,Female,1,0
700,54,1,79415.67,1,139735.54,Spain,Male,0,1
560,27,5,0.0,2,131919.48,France,Female,1,0
698,37,5,98400.61,2,25017.28,France,Male,0,0
634,25,9,0.0,2,8227.91,Spain,Male,1,1
581,35,4,0.0,2,86383.82,France,Male,0,1
687,38,8,69434.4,2,66580.13,Spain,Male,1,1
527,53,8,0.0,1,51711.57,Spain,Male,1,1
635,37,3,0.0,2,91086.73,Spain,Female,1,0
568,26,1,112930.28,2,22095.73,Germany,Male,1,0
752,32,9,115587.49,2,101677.46,Germany,Male,0,1
729,31,8,164870.81,2,9567.39,Spain,Male,1,1
573,31,0,134644.19,1,70381.49,Germany,Male,1,1
712,47,1,139887.01,1,95719.73,Spain,Male,1,1
820,39,9,111336.89,1,16770.31,Germany,Male,1,0
559,31,3,127070.73,1,160941.78,France,Female,0,1
756,39,3,100717.85,3,73406.04,Germany,Female,1,1
635,35,7,0.0,2,65951.65,Spain,Female,1,1
651,56,4,0.0,1,84383.22,France,Female,0,0
694,42,3,156864.2,2,88890.75,France,Male,0,0
456,33,1,188285.68,1,58363.94,France,Female,0,0
714,28,6,122724.37,1,67057.27,France,Male,1,1
645,39,8,0.0,2,96864.36,France,Male,0,0
599,46,7,81742.84,2,83282.21,Spain,Female,1,0
711,28,8,0.0,2,64286.39,France,Male,1,1
611,37,6,0.0,2,110782.88,France,Female,1,0
700,29,8,0.0,2,152097.02,Spain,Male,0,1
658,29,3,145512.84,1,20207.02,France,Male,1,0
594,56,7,0.0,1,26215.85,France,Female,1,0
592,66,5,149950.19,1,76267.59,France,Female,1,1
580,36,6,145387.32,2,169963.2,Germany,Female,1,1
508,38,3,166328.65,2,22614.19,France,Female,0,1
643,41,2,127841.52,1,172363.41,Germany,Male,1,0
591,49,3,0.0,2,50123.44,France,Male,1,0
431,45,5,83624.55,2,36899.62,Germany,Male,0,0
502,42,0,132002.7,1,28204.98,Germany,Female,0,1
647,32,9,80958.36,1,128590.73,Spain,Male,1,1
665,37,3,111911.63,1,110359.68,Germany,Female,1,1
624,33,6,66220.17,1,170819.01,Spain,Male,0,1
695,28,5,171069.39,2,88689.4,France,Male,1,1
661,35,8,124098.54,1,86678.48,Germany,Male,1,0
524,25,7,131402.21,1,193668.49,Germany,Female,0,0
648,54,7,118241.02,1,172586.89,Spain,Female,1,0
620,41,9,0.0,2,88852.47,France,Female,0,0
760,39,6,178585.46,1,67131.3,France,Male,1,0
434,33,3,0.0,1,2739.71,Spain,Male,1,1
751,43,1,114974.24,1,125920.54,France,Male,1,0
739,54,8,126418.14,1,134420.75,Germany,Male,1,0
588,41,2,131341.46,2,7034.94,Germany,Male,0,1
485,39,2,75339.64,1,70665.16,France,Female,1,1
713,36,8,133889.35,1,143265.65,France,Male,1,1
656,69,6,163975.09,1,36108.5,Spain,Male,1,1
798,29,8,80204.11,2,70223.22,Germany,Female,1,0
850,43,4,161256.53,1,140071.57,France,Male,1,1
586,29,2,132450.24,1,36176.63,Spain,Male,1,1
748,39,3,0.0,2,123998.52,Spain,Male,1,1
640,66,9,116037.76,1,184636.05,France,Female,0,1
549,43,3,134985.66,1,6101.41,Germany,Female,1,0
634,77,5,0.0,2,161579.85,France,Male,1,1
626,26,8,0.0,2,191420.71,Spain,Male,0,0
567,37,7,0.0,2,28690.9,France,Female,1,1
578,59,10,185966.64,1,9445.42,France,Male,0,0
631,23,3,0.0,2,13813.24,Spain,Male,1,0
592,62,5,0.0,1,100941.57,France,Female,1,1
613,45,1,187841.99,2,147224.27,France,Female,1,1
548,49,9,108437.89,1,127022.87,Germany,Male,0,0
614,41,7,146997.64,2,137791.18,Spain,Female,0,0
697,56,5,110802.03,1,50230.31,Spain,Male,1,1
788,34,6,156478.62,1,181196.76,Spain,Male,0,1
674,36,2,0.0,2,182787.17,Spain,Male,1,1
745,59,8,0.0,1,36124.98,Spain,Female,1,1
462,34,1,94682.56,2,138478.2,Germany,Male,1,0
706,47,10,144090.42,1,140938.95,Germany,Female,1,0
668,42,8,187534.79,1,32900.41,France,Male,1,1
648,35,7,0.0,2,78436.36,Spain,Male,1,1
665,51,9,110610.41,2,1112.76,Germany,Female,0,1
605,52,7,0.0,2,173952.5,France,Male,1,1
722,29,1,107233.85,2,24924.92,Germany,Male,1,0
647,43,3,122717.53,2,87000.39,Germany,Female,1,1
711,39,3,152462.79,1,90305.97,France,Female,1,0
529,22,5,0.0,1,151169.83,France,Male,1,0
634,41,7,0.0,2,131284.93,France,Female,1,1
511,29,9,0.0,2,140676.98,Spain,Female,0,1
757,30,6,161378.02,1,71926.28,Germany,Female,0,0
658,31,2,77082.65,2,13482.28,Germany,Male,0,0
581,43,4,170172.9,1,100236.02,Spain,Female,0,1
850,30,2,141040.01,1,5978.2,Spain,Male,1,1
505,36,2,79951.9,1,174123.16,France,Female,0,1
619,43,1,125211.92,1,113410.49,France,Male,1,1
727,61,0,128213.96,2,188729.08,France,Male,1,1
684,54,6,0.0,2,94888.6,France,Male,1,1
552,41,9,124349.34,1,135635.25,France,Female,1,0
803,42,5,0.0,1,196466.83,France,Male,1,0
592,37,3,96651.03,1,3232.82,France,Male,1,1
775,32,2,108698.96,2,161069.73,France,Female,1,1
812,33,2,127154.14,2,105383.49,Germany,Male,0,1
786,32,6,114512.59,1,15796.66,Spain,Female,1,0
847,51,5,97565.74,1,144184.06,France,Male,0,0
824,60,8,134250.17,3,153046.16,Germany,Male,0,0
690,36,10,91760.11,1,135784.94,Spain,Female,1,1
616,36,6,132311.71,1,15462.84,Spain,Female,0,0
703,56,9,0.0,1,85547.33,France,Male,0,0
508,25,2,111395.53,1,48197.06,France,Female,0,1
582,50,2,148942.0,1,116944.3,France,Male,1,1
718,26,7,147527.03,1,51099.56,Germany,Male,0,0
579,43,2,145843.82,1,198402.37,Spain,Male,1,1
611,31,0,107884.81,2,183487.98,Germany,Male,1,1
722,37,9,0.0,2,31921.95,Spain,Male,1,0
524,28,1,93577.3,1,51670.82,France,Male,1,1
724,41,5,109798.25,1,149593.61,France,Female,0,1
533,38,1,135289.33,2,152956.33,Spain,Male,0,1
628,31,6,175443.75,1,113167.17,France,Female,1,0
613,42,7,115076.06,1,79323.61,France,Male,1,1
532,36,4,0.0,2,132798.78,France,Male,1,1
670,27,5,79336.61,1,26170.08,France,Female,1,1
761,62,5,98854.34,1,86920.97,Germany,Male,0,0
502,35,6,0.0,2,80618.47,France,Female,1,1
737,36,9,0.0,1,188670.9,France,Male,0,1
505,37,6,159863.9,2,125307.87,Germany,Female,0,1
850,56,1,169743.83,1,155850.4,Germany,Male,0,0
701,44,7,0.0,2,23425.78,France,Male,1,0
586,57,3,0.0,2,6057.81,Spain,Female,0,1
711,35,8,0.0,1,67508.01,France,Female,1,1
619,38,3,96143.47,1,98994.92,Spain,Male,0,0
685,43,9,108589.47,2,194808.51,Germany,Male,0,1
654,29,1,0.0,1,180345.44,France,Male,1,0
698,40,7,105061.74,3,107815.31,France,Female,1,0
637,33,9,113913.53,1,65316.5,France,Female,0,1
700,42,8,0.0,2,105305.72,France,Female,1,1
484,55,8,149349.58,3,137519.92,Germany,Female,0,0
645,45,4,0.0,1,174916.85,Spain,Male,0,1
572,31,5,98108.79,1,119996.95,Spain,Male,0,1
730,33,9,0.0,2,176576.62,Spain,Female,0,0
591,27,5,107812.67,1,162501.83,Spain,Female,0,1
513,43,9,0.0,2,152499.8,France,Female,1,0
676,34,8,82909.14,1,91817.38,France,Female,1,0
785,36,2,0.0,1,61811.1,France,Male,0,1
691,38,5,114753.76,1,107665.02,Germany,Female,1,0
525,51,10,0.0,3,171045.35,France,Male,1,0
663,39,8,0.0,2,101168.9,France,Female,1,1
648,33,7,134944.0,1,117036.38,France,Male,1,1
515,60,9,113715.36,1,18424.24,Germany,Male,1,0
799,52,4,161209.66,1,89081.41,France,Female,1,1
696,28,8,0.0,1,176713.47,Spain,Male,0,0
405,39,10,0.0,1,160810.85,France,Male,1,0
652,38,6,123081.84,2,188657.97,Spain,Female,1,1
636,29,6,157576.47,2,101102.39,Spain,Female,1,1
474,30,9,0.0,2,63158.22,France,Female,0,0
722,35,1,120171.58,1,125240.8,Spain,Female,1,0
805,56,6,151802.29,1,46791.09,Germany,Male,1,0
679,42,2,0.0,1,168294.27,Spain,Male,1,1
773,51,4,0.0,2,123587.83,Spain,Male,0,0
709,37,9,0.0,2,16733.59,France,Female,1,0
684,38,5,105069.98,2,198355.28,France,Male,1,1
773,41,9,102827.44,1,64595.25,Spain,Male,0,1
590,39,9,0.0,2,104730.52,France,Male,1,1
733,28,5,0.0,2,12761.16,France,Female,0,0
664,32,5,133705.74,1,134455.84,Spain,Male,0,0
749,47,9,110022.74,1,135655.29,Germany,Male,0,1
636,36,1,0.0,1,43134.58,Spain,Female,1,0
850,41,3,136416.82,1,57844.26,France,Male,0,1
576,24,3,0.0,1,78498.04,France,Male,0,1
601,34,5,0.0,2,27022.57,France,Female,1,0
751,37,0,151218.98,1,109309.29,Germany,Female,1,1
664,31,7,104158.84,1,134169.85,France,Female,1,0
697,23,10,0.0,2,79734.23,France,Female,1,1
731,37,1,128932.4,1,180712.52,Spain,Female,1,1
661,34,0,0.0,2,185555.63,France,Female,1,0
490,38,3,97266.1,1,92797.23,Spain,Female,1,1
591,39,8,0.0,2,42392.24,Spain,Male,0,0
635,27,8,127471.56,1,152916.05,France,Female,1,1
428,40,3,129248.11,2,72876.43,Germany,Female,1,0
648,36,8,146943.38,2,130041.45,Spain,Male,1,1
625,58,10,53772.73,1,192072.1,France,Female,1,1
735,33,4,0.0,2,149474.69,France,Female,1,0
771,67,8,0.0,2,51219.8,Spain,Female,1,1
686,43,2,134896.03,1,97847.05,Germany,Male,1,1
850,28,9,0.0,2,164864.67,France,Female,1,1
632,42,4,126115.6,1,100998.5,France,Male,1,0
496,32,4,127845.83,1,66469.2,France,Male,1,0
488,34,2,0.0,2,181270.84,France,Female,1,1
700,38,8,134811.3,1,1299.75,France,Male,1,0
591,33,9,131765.72,1,118782.06,France,Male,1,0
649,51,4,0.0,1,150390.57,Spain,Male,1,1
686,47,5,170935.94,1,173179.79,Germany,Female,1,0
565,40,2,0.0,2,129956.13,France,Female,1,1
703,32,6,0.0,2,33606.52,France,Female,0,0
696,19,1,110928.51,1,2766.63,France,Male,1,1
439,43,8,0.0,1,104889.3,France,Female,0,1
765,43,9,157960.49,2,136602.8,France,Male,0,0
759,41,9,0.0,2,190294.12,France,Male,0,1
827,46,1,183276.32,1,13460.27,Spain,Male,1,1
655,40,0,81954.6,1,198798.44,Germany,Female,1,1
850,40,4,166082.15,2,44406.17,Germany,Male,0,1
731,41,3,0.0,2,101371.72,Spain,Male,1,0
786,32,2,120452.4,2,79602.86,France,Male,0,0
606,32,5,83161.65,1,116885.59,France,Male,1,1
679,30,1,112543.42,1,179435.21,France,Female,1,1
523,34,2,161588.89,1,51358.66,France,Male,1,1
443,35,9,108308.0,1,129031.19,France,Female,1,0
710,51,4,93656.95,1,141400.51,Spain,Female,0,1
621,37,9,83061.26,2,9170.54,Spain,Female,1,0
429,39,6,48023.83,1,74870.99,France,Female,1,0
597,30,2,119370.11,1,182726.22,Spain,Female,1,1
558,32,10,105000.23,1,190019.61,France,Male,1,0
512,35,5,124580.69,1,18785.48,Spain,Female,1,1
652,45,2,151421.44,1,115333.43,Germany,Male,0,1
625,31,4,77743.01,2,75335.68,Germany,Male,1,0
792,19,7,143390.51,1,33282.84,France,Male,1,0
733,64,3,0.0,2,75272.63,France,Male,1,1
724,30,7,115315.04,1,15216.53,Germany,Male,1,0
634,35,6,116269.01,1,129964.94,Germany,Male,1,0
647,41,4,138937.35,1,101617.64,France,Male,1,1
497,41,9,0.0,1,22074.48,France,Male,0,0
691,33,6,0.0,2,100408.31,France,Female,1,1
660,38,5,110570.78,2,195906.59,France,Female,1,0
738,38,7,0.0,2,69227.42,France,Female,0,0
611,37,1,117524.72,2,161064.29,Germany,Male,0,1
568,38,3,132951.92,1,124486.28,France,Female,0,1
648,31,7,125681.51,1,129980.93,Germany,Male,0,1
602,32,10,0.0,2,116052.92,France,Male,1,1
769,41,1,72509.91,1,25723.73,Spain,Male,1,0
528,36,1,156948.41,1,149912.28,France,Female,1,1
773,39,4,0.0,2,182081.45,Spain,Female,0,1
586,37,8,167735.69,2,104665.79,Germany,Male,0,1
581,31,6,116891.72,1,107137.3,Germany,Male,1,0
662,54,1,187997.15,1,111442.71,Spain,Female,0,0
640,33,7,154575.76,1,25722.28,France,Male,1,0
776,39,2,104349.45,1,79503.05,Spain,Male,0,0
560,24,1,116084.32,1,89734.7,France,Male,1,0
671,29,6,0.0,2,12048.67,Spain,Female,0,0
528,31,9,120962.59,1,5419.31,France,Male,1,0
698,50,1,0.0,4,88566.9,Spain,Female,1,0
591,39,4,150500.64,1,14928.8,France,Female,1,0
576,36,6,0.0,2,48314.0,France,Male,1,1
753,50,4,0.0,2,861.4,France,Female,1,1
677,34,10,171671.9,1,50777.77,Spain,Female,1,1
560,31,3,115141.18,1,39806.75,France,Female,1,0
666,59,5,0.0,2,185123.09,France,Female,1,1
777,28,2,134571.5,1,118313.38,France,Female,0,1
685,33,6,0.0,1,58458.26,France,Male,1,0
594,49,2,126615.94,2,123214.74,Spain,Female,0,1
593,31,9,0.0,2,20492.16,France,Male,0,1
726,48,6,99906.19,1,64323.24,Spain,Female,1,0
722,40,6,89175.06,2,152883.95,Germany,Female,0,1
846,38,5,0.0,1,187616.16,France,Female,1,1
624,40,3,149961.99,2,104610.86,Germany,Female,1,0
604,47,8,62094.71,3,9308.1,France,Female,0,0
692,28,5,61581.97,1,70179.91,France,Male,1,1
672,34,9,0.0,2,161800.77,France,Male,1,0
659,67,4,145981.87,1,131043.2,France,Male,1,1
748,35,5,105492.53,1,150057.2,Spain,Male,1,1
618,40,1,133245.52,2,54495.82,Germany,Female,1,1
673,34,1,127122.79,3,76703.1,Germany,Female,0,1
629,35,4,174588.8,2,158420.14,Spain,Male,0,1
575,27,3,139301.68,1,99843.98,France,Male,1,0
641,41,7,104405.54,3,17384.21,Germany,Male,1,0
652,46,10,121063.8,3,151481.86,Germany,Male,1,0
523,39,1,143903.11,1,118711.75,Germany,Female,1,1
584,35,2,114321.28,2,15959.01,France,Female,0,0
795,56,9,94348.94,1,29239.29,Germany,Female,1,0
572,47,2,0.0,2,36099.7,France,Female,1,0
615,39,5,113193.51,2,52166.25,Germany,Male,1,1
544,40,8,0.0,2,61581.2,France,Male,1,0
507,31,0,106942.08,1,44001.11,France,Female,0,1
684,56,3,127585.98,3,80593.49,Germany,Female,1,1
652,74,5,0.0,2,937.15,France,Female,1,1
714,34,5,141173.03,1,98896.06,France,Male,0,1
850,39,8,0.0,2,37090.44,Spain,Male,1,1
584,54,1,77354.37,1,138192.98,Germany,Female,0,0
467,28,10,126315.26,1,32349.29,Germany,Male,1,0
422,54,4,0.0,2,7166.71,Spain,Female,1,1
610,37,0,0.0,1,114514.64,France,Male,1,0
658,29,4,80262.6,1,20612.82,France,Male,1,1
680,31,9,119825.75,2,101139.3,Spain,Female,1,1
717,48,7,123764.95,1,169952.82,France,Male,1,1
850,39,5,114491.82,1,99689.48,Germany,Female,1,0
489,51,3,0.0,2,174098.28,France,Female,0,1
625,52,2,79468.96,1,84606.03,France,Female,1,1
588,49,6,132623.76,3,36292.94,Germany,Male,1,0
427,42,1,75681.52,1,57098.0,Germany,Male,1,1
850,23,9,143054.85,1,62980.96,Spain,Female,0,1
669,50,4,112650.89,1,166386.22,Germany,Female,0,0
813,29,5,106059.4,1,187976.88,Germany,Female,0,0
486,27,7,0.0,2,28823.04,Spain,Male,1,0
707,35,2,0.0,3,94148.3,France,Male,1,1
590,37,6,169902.92,1,128256.18,Spain,Male,1,1
670,32,3,0.0,2,46175.7,Spain,Female,1,0
514,43,1,95556.31,1,199273.98,Germany,Male,0,1
601,44,4,0.0,2,58561.31,Spain,Female,1,0
826,49,0,0.0,1,178709.98,France,Female,0,0
761,36,8,108239.11,2,99444.02,Germany,Male,0,0
720,29,2,0.0,2,39925.52,France,Male,1,0
537,38,1,0.0,2,41233.97,Spain,Female,0,1
605,28,10,113690.83,1,33114.24,Germany,Male,1,0
649,42,7,0.0,2,22974.01,France,Female,0,1
609,35,2,147900.43,1,140000.29,France,Female,1,0
580,29,9,61710.44,2,128077.8,Spain,Male,1,0
500,45,2,109162.82,1,126145.08,France,Male,1,1
777,39,8,0.0,2,18613.52,France,Male,1,1
608,56,10,129255.2,2,142492.04,France,Female,1,0
538,68,9,0.0,2,110440.5,Spain,Male,1,0
645,41,2,138881.04,1,129936.53,Germany,Female,1,0
756,38,6,119208.85,1,169763.89,Spain,Male,1,0
687,35,3,99587.43,1,1713.1,France,Female,1,1
779,24,10,122200.31,2,43705.56,Germany,Female,1,0
567,40,2,105222.86,2,93795.86,Germany,Female,1,0
648,49,10,0.0,2,159835.78,Spain,Female,1,1
704,24,10,122109.78,1,127654.37,Spain,Male,1,1
494,38,7,0.0,2,6203.66,Spain,Male,1,1
607,31,8,0.0,2,43196.5,France,Male,1,1
676,20,1,80569.73,1,68621.98,France,Male,0,0
573,33,0,90124.64,1,137476.71,France,Female,1,0
611,40,2,125879.29,1,93203.43,France,Female,1,0
719,39,5,0.0,2,145759.7,Spain,Male,1,0
700,40,4,148571.07,1,189826.96,Germany,Female,1,0
713,59,3,0.0,2,62700.08,France,Female,1,1
734,39,6,92126.26,2,112973.34,Spain,Female,0,0
678,38,3,124483.53,1,126253.31,Spain,Male,1,0
594,24,0,97378.54,1,71405.17,Spain,Female,1,1
582,41,6,70349.48,2,178074.04,Germany,Male,0,1
492,48,6,127253.98,1,92144.09,France,Female,1,1
675,35,8,155621.08,1,35177.31,Spain,Female,0,1
481,28,10,0.0,2,145215.96,France,Female,1,0
609,37,6,0.0,2,22030.72,France,Male,0,1
706,37,7,0.0,2,110899.3,Spain,Female,1,1
850,32,9,141827.33,2,149458.73,Germany,Male,1,1
659,31,4,118342.26,1,161574.19,France,Male,0,0
509,32,9,170661.47,1,21646.2,Germany,Male,1,1
829,26,8,101440.36,2,19324.5,Spain,Female,1,1
748,38,4,115221.36,1,70956.75,France,Male,0,1
613,19,5,0.0,1,176903.35,Spain,Male,1,1
529,35,5,95772.97,1,112781.5,Spain,Male,1,1
465,53,1,117438.17,1,74898.8,Germany,Male,0,0
541,37,9,212314.03,1,148814.54,France,Male,0,1
611,51,1,122874.74,1,149648.45,Spain,Male,1,1
685,35,4,137948.51,1,113639.64,Spain,Male,1,0
704,23,6,166594.78,1,155823.2,France,Male,1,1
611,33,7,0.0,2,3729.89,Spain,Female,1,1
639,37,5,151242.48,1,49637.65,Germany,Female,0,1
802,31,1,125013.72,1,187658.09,Germany,Male,1,1
825,37,6,118050.79,1,52301.15,Germany,Male,0,1
706,31,1,117020.08,2,54439.53,Germany,Male,1,0
626,39,10,132287.92,3,51467.92,Germany,Male,1,1
645,38,1,68079.8,1,166264.89,Spain,Male,0,1
500,34,4,0.0,2,12833.96,France,Female,1,0
628,61,1,97361.66,1,149922.38,Germany,Female,1,1
626,43,4,137638.69,1,130442.08,France,Male,1,0
800,39,4,95252.72,1,13906.34,Germany,Male,1,0
674,47,6,106901.94,1,2079.2,Germany,Male,1,1
643,37,6,0.0,2,142454.77,France,Male,0,0
496,30,0,90963.49,1,27802.0,France,Male,0,1
585,39,7,0.0,2,2401.26,France,Female,1,0
745,45,10,117231.63,3,122381.02,Germany,Male,1,1
681,57,2,173306.13,1,131964.66,Spain,Female,0,1
707,40,5,0.0,2,41052.82,France,Female,1,0
675,54,2,0.0,1,149583.67,France,Male,1,0
803,33,6,0.0,2,115676.61,France,Male,1,0
692,29,4,0.0,1,76755.99,France,Male,1,0
697,47,6,128252.66,1,168053.4,France,Female,1,1
738,35,8,127290.61,1,16081.62,Spain,Male,1,0
738,39,5,0.0,2,114388.98,France,Male,1,1
626,44,2,0.0,1,173117.22,France,Female,0,1
736,36,8,103914.17,1,110035.88,Germany,Female,1,1
509,31,3,0.0,2,15360.91,France,Male,1,0
757,33,1,122088.67,1,42581.09,Germany,Male,1,0
744,41,2,84113.41,1,197548.63,Germany,Female,1,0
632,50,5,107959.39,1,6985.34,Germany,Female,1,1
788,70,1,0.0,2,41610.62,Spain,Female,1,1
740,31,8,0.0,2,86657.48,Spain,Female,0,0
501,40,2,0.0,2,141946.92,France,Female,0,0
524,30,1,0.0,2,126812.85,France,Male,1,0
524,36,10,0.0,2,109614.57,France,Female,1,0
437,49,9,111634.29,2,166440.32,France,Male,0,1
747,49,6,202904.64,1,17298.72,France,Male,1,1
692,45,6,142084.04,4,188305.85,Germany,Male,1,0
652,33,7,128135.99,1,158437.73,Germany,Male,1,0
611,30,9,88594.14,1,196332.45,France,Female,1,0
704,54,6,133656.91,3,145071.33,Germany,Female,1,0
653,33,1,0.0,2,53379.52,France,Male,0,0
749,33,1,74385.98,1,20164.47,France,Female,1,0
744,29,6,123737.04,2,141558.04,Germany,Male,1,0
665,55,8,136354.16,1,93769.89,France,Female,1,1
634,29,8,130036.21,2,69849.55,Germany,Female,0,1
605,52,1,63349.75,1,108887.44,France,Male,1,0
725,39,4,160652.45,2,57643.55,France,Male,1,0
710,33,1,0.0,2,168313.17,Spain,Male,1,0
556,48,8,168522.37,1,151310.16,Spain,Female,1,1
796,44,8,165326.2,1,57205.55,France,Male,1,1
554,46,7,87603.35,3,96929.24,Spain,Female,0,1
793,32,1,96408.98,1,138191.81,Germany,Female,1,1
487,46,4,135070.58,2,44244.49,Germany,Female,1,1
573,52,8,0.0,2,178229.04,France,Male,0,1
625,37,4,142711.81,1,35625.41,Germany,Female,1,0
630,36,8,126598.99,2,134407.93,France,Female,1,1
568,26,10,109819.16,2,154491.39,Germany,Female,1,0
689,46,7,52016.08,2,72993.65,France,Female,1,1
666,50,7,109062.28,1,140136.1,Germany,Female,1,1
569,35,2,109196.66,3,109393.19,Germany,Male,1,0
775,52,8,109922.61,1,96823.32,France,Male,1,1
497,24,3,0.0,2,76390.01,Spain,Male,1,0
693,28,1,145118.83,1,77742.38,Spain,Male,0,1
726,29,7,0.0,2,91844.14,France,Male,1,1
842,35,9,119948.09,1,48217.97,Germany,Female,1,0
526,31,5,145537.21,1,132404.64,Germany,Male,1,0
787,35,1,106266.8,1,16607.15,France,Female,1,1
541,37,9,118636.92,1,73551.44,France,Male,1,1
636,34,3,0.0,2,44756.25,France,Female,1,1
581,43,9,78022.61,1,30662.91,Spain,Male,0,1
850,41,8,60880.68,1,31825.84,Germany,Male,1,0
646,24,0,92398.08,1,18897.29,Germany,Male,1,1
773,41,5,0.0,1,28266.9,Spain,Female,1,0
665,25,5,153611.83,2,35321.65,Germany,Male,1,0
706,53,7,0.0,2,117939.17,Spain,Male,0,1
682,54,0,83102.72,2,54132.93,Spain,Female,1,1
750,37,3,0.0,2,16870.2,France,Male,1,0
567,59,3,0.0,2,25843.7,France,Male,1,0
812,24,1,92476.88,1,83247.14,Spain,Female,0,0
350,60,3,0.0,1,113796.15,France,Female,0,0
774,43,1,110646.54,1,108804.28,Spain,Female,0,0
585,55,10,106415.57,3,122960.98,France,Male,1,1
612,35,1,0.0,1,83256.26,Spain,Male,1,1
721,68,4,136525.99,1,175399.14,Germany,Male,0,0
642,38,3,0.0,2,171463.83,France,Male,0,0
850,37,4,88141.1,1,109659.12,Spain,Male,1,0
745,38,5,65095.41,2,140197.42,Germany,Male,1,1
600,41,1,0.0,2,91193.65,France,Female,1,1
630,29,6,131354.39,1,9324.31,Germany,Male,0,1
588,22,9,67178.19,1,163534.75,Spain,Female,1,1
540,39,1,82531.11,1,114092.52,Germany,Male,1,0
833,47,2,0.0,2,182247.77,France,Male,1,1
675,31,2,90826.27,2,60270.87,Spain,Male,1,0
636,36,1,0.0,3,74048.1,Spain,Male,1,1
695,37,2,0.0,2,99692.65,France,Male,1,1
619,38,10,84651.79,1,184754.26,Germany,Male,1,1
449,32,0,155619.36,1,166692.03,Spain,Male,1,1
674,32,7,85757.93,1,95481.0,France,Female,1,1
677,56,0,119963.45,1,158325.87,France,Female,0,0
512,41,8,145150.28,1,64869.32,France,Female,1,0
698,27,7,0.0,2,111471.55,France,Male,1,0
658,35,5,126397.66,1,156361.58,France,Female,0,0
511,40,1,0.0,1,184118.73,Spain,Female,1,1
640,68,9,0.0,2,199493.38,France,Male,1,1
753,31,6,106596.29,1,91305.77,France,Female,0,0
623,43,4,123536.52,2,154908.52,Spain,Female,0,0
727,58,5,106913.43,1,25881.0,Germany,Male,1,0
735,73,9,0.0,1,114283.33,France,Male,1,1
671,48,8,115713.84,2,83210.84,France,Female,0,0
645,59,8,121669.93,2,91.75,Germany,Female,0,0
829,37,3,103457.76,1,1114.12,Germany,Female,0,0
792,50,4,146710.76,1,16528.4,Germany,Female,1,0
828,28,8,134766.85,1,79355.87,Spain,Male,1,0
699,49,2,0.0,1,105760.01,France,Female,0,0
498,41,4,87541.06,2,12577.21,Germany,Female,1,1
850,62,1,124678.35,1,70916.0,France,Female,1,0
835,32,8,124993.29,2,27548.06,France,Male,1,1
694,39,0,107042.74,1,102284.2,Spain,Male,1,1
797,29,1,0.0,2,132975.39,France,Female,1,1
472,40,4,0.0,1,70154.22,Spain,Male,1,0
763,67,1,149436.73,2,106282.74,France,Male,0,1
681,48,5,139714.4,2,73066.72,Germany,Male,0,0
666,33,2,147229.65,1,56410.17,France,Female,1,1
647,33,7,121260.19,2,77216.48,Spain,Male,1,0
598,40,2,171178.25,1,137980.58,France,Female,1,0
702,38,2,0.0,1,161888.63,Spain,Female,1,1
586,43,8,132558.26,1,67046.83,France,Female,1,0
773,40,10,0.0,2,69303.15,France,Female,0,1
658,35,9,71829.34,1,68141.92,Spain,Male,1,1
806,40,5,80613.93,1,142838.64,France,Male,1,1
687,44,9,0.0,2,103042.2,France,Female,0,0
662,37,4,155187.3,1,48930.8,Spain,Male,1,0
599,37,2,0.0,2,143739.29,Spain,Female,1,1
570,57,5,86568.75,1,103660.31,Germany,Female,0,1
797,55,10,0.0,4,49418.87,France,Female,1,1
612,76,6,96166.88,1,191393.26,Germany,Male,1,1
588,34,10,129417.82,1,153727.32,Germany,Female,1,0
710,38,4,0.0,2,136390.88,Spain,Female,1,1
809,50,10,118098.62,1,100720.02,Germany,Male,1,1
669,45,1,123949.75,1,110881.56,Germany,Male,0,0
792,59,9,101609.77,1,161479.19,Germany,Female,0,0
795,33,9,130862.43,1,114935.21,Germany,Female,1,1
772,42,0,101979.16,1,90928.48,Germany,Female,1,0
706,34,0,140641.26,2,77271.91,Germany,Male,1,1
751,30,3,165257.2,1,134822.05,France,Male,0,0
681,46,0,105969.42,1,5771.56,France,Male,1,0
556,36,2,134208.22,1,177670.57,France,Female,0,1
589,61,1,0.0,1,61108.56,France,Female,1,0
850,28,9,97408.03,1,175853.64,Spain,Male,1,1
582,40,3,110150.43,1,191757.65,Germany,Female,1,1
577,37,4,0.0,1,79881.39,France,Female,1,1
601,54,1,131039.97,2,199661.5,Germany,Female,1,1
788,41,6,0.0,1,25571.37,France,Female,1,1
556,46,10,0.0,2,109184.24,France,Female,0,0
650,39,4,0.0,2,186275.7,France,Female,0,0
745,36,8,67226.37,1,130789.6,France,Male,1,0
603,31,4,0.0,2,9607.1,France,Male,0,1
850,39,3,124548.99,2,120380.12,Germany,Male,1,1
771,27,2,0.0,2,199527.34,France,Male,1,1
590,54,4,0.0,2,93820.49,France,Female,1,1
850,55,0,98710.89,1,83617.17,Germany,Male,1,1
687,38,9,122570.87,1,35608.88,France,Male,1,1
600,38,9,0.0,2,58855.85,France,Female,1,1
825,32,1,0.0,2,42935.15,Spain,Female,1,1
548,39,7,131468.44,1,164975.82,Spain,Male,1,0
712,29,7,147199.07,1,84932.4,Germany,Female,1,1
742,29,4,0.0,2,180066.59,France,Female,1,1
698,56,1,112414.81,2,93982.02,Germany,Male,0,0
457,42,4,126772.57,1,126106.4,Germany,Male,0,1
850,37,4,126872.6,1,197266.58,France,Male,1,0
530,44,6,0.0,2,55893.37,Spain,Male,0,0
606,38,7,128578.52,1,193878.51,Spain,Male,1,1
818,49,2,0.0,1,192298.84,France,Female,0,1
552,45,9,0.0,2,26752.56,Spain,Male,1,0
474,33,5,0.0,2,181945.52,France,Male,1,0
599,30,9,105443.68,1,121124.53,France,Male,1,1
743,35,1,146781.24,1,189307.7,Germany,Female,1,0
742,32,6,160485.16,1,29023.03,France,Male,1,0
765,42,4,123311.39,2,82868.34,France,Male,1,1
796,30,2,137262.71,2,62905.29,France,Male,1,0
557,36,3,0.0,1,144078.02,France,Male,0,1
648,27,7,0.0,2,163060.43,Spain,Female,1,1
804,50,4,0.0,1,8546.87,France,Female,1,1
720,45,1,102882.4,2,35633.15,France,Female,1,1
804,55,7,0.0,2,118752.6,France,Male,1,1
550,36,2,113877.23,2,174921.91,Germany,Male,1,0
608,44,5,126147.84,1,132424.69,Germany,Female,0,1
668,32,7,0.0,2,777.37,France,Male,1,1
633,58,2,128137.42,2,147635.33,Germany,Male,1,0
787,33,1,126588.81,2,62163.53,France,Male,0,1
550,22,6,154377.3,1,51721.52,France,Male,1,1
539,38,8,71460.67,2,10074.05,Spain,Male,1,1
555,27,5,0.0,2,96398.51,Spain,Male,0,0
551,36,5,0.0,1,183479.12,France,Female,1,0
641,51,2,117306.69,4,26912.72,Germany,Female,1,1
660,20,6,167685.56,1,57929.9,France,Female,1,0
815,39,6,0.0,1,85167.88,Spain,Female,1,1
850,35,1,211774.31,1,188574.12,France,Female,1,0
701,21,9,0.0,2,26327.42,Spain,Female,1,1
663,35,9,0.0,2,195580.28,France,Male,1,1
516,53,1,156674.2,1,118502.34,Germany,Female,1,0
518,38,3,90957.81,1,162304.59,France,Male,0,1
662,47,6,0.0,2,129392.75,France,Female,1,1
545,74,3,0.0,2,161326.73,Spain,Female,1,1
579,31,9,0.0,1,139048.0,France,Male,0,1
639,66,0,0.0,2,42240.54,France,Male,0,1
494,40,7,0.0,2,158071.69,France,Male,0,1
750,22,3,121681.82,1,128643.35,Spain,Male,1,0
468,22,2,0.0,2,28123.99,France,Male,1,0
758,43,10,0.0,2,55313.44,Spain,Female,1,1
729,44,6,0.0,2,151733.43,France,Male,1,0
777,23,6,0.0,2,163225.48,France,Male,1,1
837,38,2,0.0,2,46395.21,France,Female,1,1
437,26,1,120923.52,1,78854.57,France,Female,0,1
715,38,2,96798.79,2,4554.67,Spain,Male,1,1
567,23,9,93522.2,1,81425.61,France,Female,0,1
711,41,3,145754.91,1,101455.07,France,Female,1,1
713,41,3,0.0,2,55772.04,France,Male,1,0
553,42,7,0.0,2,7680.23,Spain,Male,1,0
493,36,5,148667.81,2,56092.51,France,Female,1,0
592,71,4,0.0,2,17013.54,France,Male,0,1
540,39,2,0.0,2,81995.92,Spain,Male,1,0
695,23,1,0.0,2,141756.32,France,Female,1,1
634,41,8,68213.99,1,6382.46,France,Female,1,1
539,24,3,0.0,2,198161.07,France,Female,1,1
749,36,7,0.0,2,80134.65,Spain,Male,0,0
610,26,8,0.0,2,166031.08,France,Male,1,0
587,45,8,134980.74,1,123309.57,Germany,Female,1,1
463,20,8,204223.03,1,128268.39,Spain,Male,1,0
769,34,7,137239.17,1,71379.92,Germany,Female,1,1
633,61,3,157201.48,1,50368.63,France,Male,0,1
694,39,9,0.0,2,99924.04,Spain,Female,0,0
678,54,7,128914.97,1,191746.23,France,Male,0,0
561,31,1,81480.27,2,65234.6,France,Female,1,1
643,32,2,0.0,1,131301.74,Spain,Female,0,0
627,32,10,0.0,2,103287.62,France,Male,1,0
752,49,2,78653.84,1,7698.6,France,Male,1,0
752,38,3,183102.29,1,71557.12,Germany,Male,1,1
613,37,3,171653.17,1,5353.12,Spain,Male,0,1
435,44,3,151739.65,1,167461.5,Germany,Male,1,0
513,29,10,0.0,2,25514.77,France,Male,0,1
714,34,10,0.0,2,80234.14,France,Male,1,1
744,31,0,117551.23,1,158958.9,Spain,Male,1,0
697,39,6,151553.19,1,44946.29,France,Female,1,1
725,36,1,118851.05,1,102747.02,France,Female,1,1
524,22,9,0.0,2,74405.34,France,Male,1,0
759,31,8,0.0,2,99086.74,Spain,Male,1,1
785,33,5,136624.6,2,169117.74,Germany,Female,1,1
678,30,0,0.0,1,35113.08,Spain,Male,1,0
606,40,6,119501.88,2,46774.94,France,Male,1,0
637,27,1,0.0,2,91291.2,France,Male,1,0
596,57,6,0.0,2,72402.0,Spain,Male,1,1
545,47,5,0.0,2,38970.14,Spain,Female,1,1
722,46,6,0.0,1,93917.68,France,Male,1,1
766,27,7,158786.67,2,47579.25,France,Female,0,1
850,34,2,72079.71,1,115767.93,France,Male,1,1
494,25,6,0.0,2,109988.09,France,Male,0,1
563,44,7,105007.31,2,197812.16,Germany,Male,1,1
728,37,4,0.0,1,4539.38,Spain,Female,0,0
639,54,2,0.0,2,53843.71,Spain,Female,1,1
521,38,5,110641.18,1,136507.69,France,Male,0,1
437,28,2,109161.25,1,152987.42,Spain,Male,1,0
744,54,6,93806.31,2,140068.77,France,Male,0,1
516,46,2,0.0,2,169122.54,France,Male,1,1
677,41,8,146720.98,2,4195.84,Germany,Female,1,1
792,36,5,92140.15,1,67468.67,Spain,Male,0,1
630,67,5,0.0,2,27330.27,France,Male,1,1
737,44,7,0.0,2,57898.58,France,Male,0,0
762,20,1,139432.55,1,85606.83,France,Male,1,1
741,38,9,0.0,2,14379.01,France,Male,1,0
736,36,6,0.0,1,70496.66,France,Female,1,0
425,22,7,169649.73,2,136365.0,Spain,Female,0,1
629,37,6,129101.3,1,23971.33,France,Female,1,1
495,42,7,0.0,2,130404.53,Spain,Female,0,0
850,49,8,98649.55,1,119174.88,Germany,Male,1,0
599,34,8,0.0,2,174196.68,France,Male,1,1
744,44,3,0.0,2,189016.14,France,Female,1,1
537,38,6,141786.78,1,147797.54,Spain,Female,0,1
725,47,1,104887.43,1,86622.56,Germany,Female,0,0
834,34,5,0.0,2,53437.1,Spain,Male,0,0
550,62,7,80927.56,1,64490.67,Spain,Male,0,1
815,37,1,166115.42,1,67208.3,France,Male,1,0
486,37,9,115217.99,2,144995.33,Germany,Male,1,0
634,24,8,103097.85,1,157577.29,Germany,Male,1,1
593,27,10,0.0,3,94620.0,Spain,Male,0,0
503,36,9,0.0,2,16274.67,Spain,Female,1,1
698,36,6,0.0,2,19231.98,France,Male,0,1
492,52,8,125396.24,1,10014.72,Germany,Female,1,0
644,49,10,0.0,2,145089.64,Spain,Male,1,1
468,22,1,76318.64,1,194783.12,France,Female,1,1
602,33,8,0.0,2,112928.74,France,Female,1,1
665,28,8,191402.82,2,83238.4,France,Male,1,0
740,40,2,122295.17,2,30812.84,Germany,Female,1,1
560,35,1,0.0,2,3701.63,France,Female,1,0
663,33,9,0.0,2,91514.62,Spain,Male,0,0
641,30,2,87505.47,2,7278.57,France,Male,0,1
660,34,8,106486.66,2,182262.66,France,Male,0,1
838,35,0,0.0,2,197305.91,Spain,Male,0,1
587,51,3,83739.32,1,148798.45,Spain,Male,0,1
698,47,5,156265.31,2,1055.66,France,Male,0,0
834,23,4,131254.81,1,20199.3,France,Male,1,0
815,57,5,0.0,3,38941.44,Spain,Female,0,0
664,32,10,107209.73,1,112340.2,France,Male,1,1
629,34,8,0.0,2,180595.02,Spain,Male,1,1
696,51,5,0.0,2,55022.43,Spain,Female,1,0
623,24,7,148167.83,2,109470.34,France,Female,1,1
737,28,8,0.0,2,106390.01,France,Male,1,0
676,48,2,124442.38,1,15068.53,Germany,Female,1,0
768,47,5,104552.61,1,48137.08,Germany,Female,1,0
635,44,2,79064.85,2,113291.75,Germany,Female,0,1
645,42,6,0.0,1,149807.01,France,Male,0,0
600,29,8,0.0,2,34747.43,France,Male,0,1
606,35,2,132164.26,1,164815.59,France,Male,0,1
665,38,5,0.0,2,156439.56,France,Female,1,0
589,46,10,0.0,2,168369.37,Spain,Female,0,1
673,57,4,0.0,2,49684.09,Spain,Female,1,1
603,55,7,127723.25,2,139469.11,Germany,Female,1,0
479,48,5,87070.23,1,85646.41,Spain,Male,0,1
850,31,4,91292.7,1,162149.07,Spain,Female,1,1
587,36,1,0.0,2,17135.6,France,Male,0,1
629,31,6,0.0,2,93881.75,France,Male,1,0
513,72,3,98903.06,1,81251.24,Spain,Male,1,1
641,37,6,0.0,2,45309.24,France,Male,1,0
540,37,3,129965.18,1,19374.08,Germany,Male,0,0
710,62,3,131078.42,2,119348.76,Spain,Male,1,0
746,36,2,0.0,2,16436.56,Spain,Male,1,1
614,19,5,97445.49,2,122823.34,France,Female,1,0
547,49,2,0.0,1,65466.93,France,Female,0,0
649,47,8,110783.28,1,71420.16,Spain,Female,1,1
775,27,4,152309.37,1,104112.0,France,Female,1,0
703,28,2,81173.83,2,162812.16,France,Male,0,1
687,47,1,91219.29,1,158845.49,Germany,Female,0,0
777,42,5,147531.82,1,38819.45,France,Female,1,1
561,28,6,123692.0,1,70548.96,Spain,Male,1,1
604,40,1,0.0,2,123207.17,France,Female,1,0
597,60,0,78539.84,1,48502.88,Germany,Female,0,1
533,39,2,0.0,1,73669.94,France,Female,0,1
850,39,4,127771.35,2,151738.54,France,Male,0,1
848,40,3,110929.96,1,30876.84,Spain,Male,1,1
650,32,1,132187.73,2,178331.36,Spain,Male,1,1
418,39,2,0.0,2,9041.71,France,Female,0,0
656,68,7,153545.11,1,186574.68,Germany,Male,1,1
785,33,6,127211.45,1,191961.83,Germany,Female,0,0
774,36,9,130809.77,1,152290.28,Germany,Male,1,0
694,57,8,116326.07,1,117704.65,Spain,Male,1,1
705,54,3,125889.3,3,96013.5,Germany,Female,1,0
775,30,4,0.0,2,49337.84,France,Male,1,0
629,29,6,0.0,2,88842.8,Spain,Male,1,1
665,36,1,0.0,2,121505.61,France,Male,0,1
618,54,4,118449.21,1,133573.29,Germany,Female,1,1
443,59,4,110939.3,1,72846.58,Germany,Male,1,0
747,42,4,80214.36,1,115241.96,France,Male,1,0
630,39,10,105473.74,1,58854.88,Spain,Male,0,0
483,44,5,136836.49,1,192359.9,France,Female,1,0
705,35,3,0.0,2,66331.01,France,Female,0,1
779,37,2,128389.63,1,6589.16,Germany,Female,1,1
710,30,10,0.0,2,19500.1,Spain,Female,1,0
404,54,4,125456.07,1,83715.66,Germany,Female,1,0
700,31,7,0.0,2,145151.96,Spain,Male,0,1
573,44,4,0.0,1,94862.93,Spain,Female,1,1
637,45,2,157929.45,1,145134.49,Spain,Female,1,1
850,28,2,0.0,2,38773.74,France,Female,1,1
461,35,8,0.0,1,132295.95,Spain,Female,1,0
724,33,4,88046.88,1,186942.49,Germany,Male,0,1
744,29,1,0.0,1,82422.97,France,Male,0,0
568,29,2,129177.01,2,104617.99,Germany,Female,0,1
613,51,7,147262.11,1,53630.9,Germany,Female,1,1
717,36,2,102989.83,2,49185.57,Spain,Male,0,1
648,41,5,123049.21,1,5066.76,Germany,Male,0,1
790,24,7,107418.27,1,160450.21,Germany,Male,0,1
453,42,5,0.0,3,83008.49,Spain,Female,1,0
781,42,3,156555.54,1,175674.01,France,Female,1,1
612,42,5,141927.1,1,43018.98,Germany,Male,1,1
531,31,3,96288.26,1,56794.73,France,Male,1,0
778,37,0,105617.73,2,133699.82,Germany,Female,1,1
737,41,1,101960.74,1,123547.28,France,Male,1,1
756,62,3,0.0,1,11199.04,France,Male,1,1
703,73,5,137761.55,1,159677.46,Spain,Male,1,1
601,42,9,133636.16,1,103315.74,Germany,Female,0,1
790,29,3,46057.96,2,189777.66,Spain,Male,1,1
688,36,0,89772.3,1,177383.68,Spain,Male,1,0
636,37,9,157098.52,1,153535.27,Germany,Female,1,1
705,43,7,79974.55,1,103108.33,Germany,Female,1,1
516,65,9,102541.1,1,181490.42,Spain,Female,1,0
686,41,7,102749.72,1,194913.86,Spain,Male,0,1
498,37,8,108432.88,2,14865.05,Germany,Male,1,1
737,33,4,0.0,2,115115.32,France,Female,1,0
477,31,9,0.0,2,184061.17,Spain,Male,0,1
689,22,4,136444.25,1,51980.25,France,Male,1,0
647,35,6,112668.7,1,122584.29,France,Female,0,1
716,29,8,0.0,2,78616.92,Spain,Female,0,0
582,26,6,114450.32,1,14081.64,Germany,Male,1,1
787,25,5,0.0,2,47307.9,France,Male,1,0
637,22,5,98800.0,1,122865.55,Spain,Female,1,0
544,38,8,0.0,1,98208.62,France,Male,1,1
481,44,3,163714.52,1,96123.72,Germany,Male,1,0
715,35,2,141005.47,1,60407.93,France,Male,1,1
577,51,2,108867.0,1,140800.66,Spain,Male,0,0
820,36,4,0.0,2,31422.69,France,Male,1,0
426,34,3,0.0,2,61230.83,France,Female,1,1
624,38,7,123906.55,1,135096.78,Spain,Male,1,0
658,36,8,174060.46,1,94925.62,France,Male,1,1
614,35,6,128100.28,1,69454.24,Germany,Female,0,0
571,34,1,101736.66,1,195651.66,Germany,Female,0,1
520,39,6,145644.05,1,104118.93,France,Female,0,0
703,43,8,0.0,2,9704.66,France,Male,1,0
682,36,5,0.0,2,147758.51,Spain,Male,1,1
676,36,3,91711.59,1,95393.43,France,Female,1,1
734,29,0,139994.66,1,17744.72,France,Female,1,0
614,51,3,0.0,2,5552.37,France,Male,1,1
632,49,5,167962.7,1,140201.21,France,Female,0,0
519,47,6,157296.02,2,147278.43,Spain,Female,0,0
437,35,6,126803.34,2,161133.4,Germany,Male,1,1
670,40,2,147171.2,1,69850.04,Germany,Female,0,1
727,49,7,96296.78,1,190457.87,Spain,Female,1,0
587,34,1,0.0,2,97932.68,Spain,Female,1,1
593,38,4,129499.42,1,154071.27,Germany,Female,1,1
539,38,8,82407.51,1,13123.41,Germany,Female,1,0
455,37,6,170057.62,1,54398.56,Germany,Female,0,1
535,38,2,119272.29,1,195896.59,France,Male,0,0
723,49,4,0.0,2,89972.25,France,Female,0,1
729,32,6,93694.42,1,79919.13,France,Male,1,1
694,30,10,144684.03,1,31805.49,France,Male,1,1
653,55,2,70263.83,1,62347.71,Spain,Male,0,1
654,32,6,0.0,2,137898.57,France,Male,1,1
535,40,7,111756.5,1,8128.32,Germany,Male,1,0
537,37,3,0.0,2,20603.32,France,Male,1,1
682,24,9,57929.81,2,53134.3,Germany,Male,0,0
613,35,4,123557.65,2,170903.4,Spain,Male,0,1
659,29,9,82916.48,1,84133.48,Germany,Male,1,1
401,48,8,128140.17,1,175753.55,Germany,Male,1,0
795,37,2,139265.63,2,198745.94,Germany,Male,1,1
648,32,8,0.0,1,133653.38,Spain,Male,1,0
585,67,5,113978.97,2,93146.11,France,Female,0,1
547,29,6,104450.86,1,37160.28,France,Female,1,1
494,41,2,69974.66,2,188426.13,Spain,Female,1,0
719,37,9,101455.7,1,25803.59,France,Female,1,0
613,40,7,124339.9,1,193309.58,France,Male,0,0
696,42,7,162318.61,1,121061.89,Germany,Male,1,0
657,38,7,0.0,2,185827.74,France,Male,1,0
497,37,8,128650.11,2,163641.53,Spain,Male,1,1
613,34,5,144094.2,1,44510.26,France,Male,1,0
749,46,9,66582.81,1,78753.12,Spain,Female,1,0
602,30,9,113672.18,2,102135.92,Spain,Male,0,0
760,34,2,0.0,2,164162.44,France,Male,1,0
729,30,9,0.0,2,151869.35,France,Male,1,0
718,28,4,65643.3,1,28760.99,Germany,Male,1,0
714,33,10,103121.33,2,49672.01,Spain,Female,1,1
607,25,4,121166.89,1,115288.24,Spain,Female,0,1
532,43,9,0.0,2,190573.91,France,Male,0,0
591,42,9,161651.37,2,131753.97,France,Male,1,1
529,35,5,0.0,2,56518.0,Spain,Female,1,0
627,48,1,132759.8,1,78899.22,Spain,Male,1,0
527,32,7,0.0,2,44099.75,France,Female,1,1
721,40,7,0.0,2,122580.48,France,Female,1,1
590,47,0,117879.32,1,8214.46,France,Male,1,1
705,44,3,105934.96,1,82463.69,Germany,Male,1,0
551,37,3,0.0,2,50578.4,France,Male,1,1
638,62,4,108716.59,2,74241.09,Germany,Male,1,1
645,38,7,59568.57,1,167723.25,France,Female,1,1
670,33,6,88294.6,1,66979.06,France,Male,1,0
505,33,3,106506.77,3,45445.78,Germany,Female,1,0
636,34,2,40105.51,2,53512.16,Germany,Male,0,1
683,31,2,0.0,2,77326.78,France,Male,0,1
746,25,9,0.0,2,88728.47,France,Male,0,1
818,36,4,0.0,2,8037.03,France,Male,1,1
686,34,1,0.0,2,87278.48,France,Female,1,0
714,54,4,137986.58,2,51308.54,Germany,Male,0,1
640,29,3,0.0,2,2743.69,France,Female,1,0
732,43,9,0.0,2,183147.17,France,Female,1,0
756,37,3,132623.6,1,58974.0,France,Male,1,1
733,51,10,141556.96,1,130189.53,France,Male,1,0
554,38,4,137654.05,2,172629.67,France,Female,1,1
621,30,2,101014.08,2,165257.31,Germany,Female,1,1
776,29,7,178171.04,2,115818.51,France,Female,1,1
815,25,8,135161.67,1,136071.05,Germany,Female,1,1
550,25,0,0.0,2,184221.11,France,Male,1,1
561,24,8,143656.55,1,180932.46,Spain,Male,0,1
850,36,6,143644.16,1,22102.25,Germany,Female,1,0
597,33,9,0.0,2,49374.82,France,Male,1,0
757,36,1,65349.71,1,64539.64,Germany,Male,0,0
658,31,2,36566.96,1,103644.98,Spain,Female,1,0
789,37,3,0.0,1,121883.87,France,Male,1,0
706,38,8,0.0,2,46635.11,Spain,Male,0,1
610,50,1,113957.01,2,196526.55,Germany,Male,1,0
520,43,7,0.0,2,36202.74,Spain,Male,1,1
668,32,2,0.0,2,40652.33,France,Female,1,1
720,37,8,156282.79,1,45985.52,Germany,Female,1,0
759,30,4,101802.67,1,8693.8,Germany,Male,0,0
506,43,2,0.0,2,105568.6,France,Male,1,0
756,31,10,122647.32,1,61666.87,France,Male,0,0
690,54,5,0.0,1,12847.61,France,Male,1,0
643,51,2,105229.53,1,34967.75,France,Female,1,0
718,49,10,82321.88,1,11144.4,Spain,Female,0,1
687,33,9,135962.4,2,121747.96,Germany,Male,1,0
651,34,3,0.0,2,105599.65,France,Male,1,1
750,52,6,107467.56,1,126233.18,Germany,Female,1,0
655,38,4,0.0,2,110527.71,France,Male,0,0
705,48,0,0.0,2,149772.61,France,Female,0,0
732,29,1,154333.82,1,138527.56,Germany,Female,1,1
676,40,8,114005.78,1,67998.45,France,Male,1,1
640,74,2,116800.25,1,34130.43,Germany,Female,1,1
721,38,7,0.0,1,53534.8,Spain,Male,0,1
572,54,9,97382.53,1,195771.95,Germany,Female,1,1
823,71,5,149105.08,1,162683.06,France,Male,0,1
803,65,2,151659.52,2,6930.17,France,Female,0,1
603,34,9,0.0,2,167916.35,France,Female,1,0
656,46,7,141535.52,1,50595.15,Germany,Female,1,0
598,41,3,91536.93,1,191468.78,Germany,Male,1,0
411,54,9,0.0,1,76621.49,France,Female,0,1
612,36,5,119799.27,2,159416.58,Spain,Female,1,0
691,36,7,129934.64,1,75664.56,Spain,Male,0,0
710,24,7,103099.17,2,173276.62,Germany,Female,1,0
637,43,3,172196.23,1,104769.96,Spain,Male,1,1
777,53,10,0.0,2,189992.97,France,Female,1,0
663,29,4,102714.65,2,21170.81,Germany,Female,0,0
577,33,6,0.0,2,57975.8,Spain,Female,1,0
604,42,10,166031.45,1,98293.14,Germany,Female,1,0
674,39,6,120193.42,1,100130.95,Spain,Male,0,0
626,29,4,105767.28,2,41104.82,France,Female,0,0
711,28,8,0.0,2,105159.89,France,Female,0,0
454,50,10,92895.56,1,154344.0,Germany,Female,1,0
707,58,3,102346.86,1,114672.64,France,Female,1,1
608,40,8,121729.42,1,61164.45,Germany,Female,0,0
736,25,9,81732.88,2,136497.28,Germany,Female,1,0
762,46,6,123571.77,3,57014.17,Germany,Male,0,1
624,27,7,104848.68,1,167387.36,Germany,Female,1,1
689,38,2,0.0,1,82709.8,Spain,Male,1,1
579,40,10,45408.85,2,18732.91,Germany,Male,1,0
653,34,5,118838.75,1,52820.13,France,Male,1,1
646,50,5,142644.64,2,142208.5,Spain,Female,1,1
529,29,8,0.0,2,19842.11,France,Female,1,0
633,37,2,0.0,2,182258.17,France,Male,1,0
608,41,1,83807.86,1,112542.58,Spain,Female,0,1
751,30,6,0.0,2,15766.1,France,Female,1,0
468,42,5,0.0,2,125305.34,France,Female,1,0
636,34,8,0.0,2,38570.13,France,Male,1,0
751,39,3,0.0,2,84175.34,France,Female,1,1
625,37,1,177069.24,2,96088.54,France,Male,1,1
645,49,5,110132.55,3,187689.91,Spain,Female,0,1
435,37,8,114346.3,1,980.93,Germany,Male,0,1
619,57,3,137946.39,1,72467.99,Germany,Male,1,1
579,33,1,0.0,2,54816.57,Spain,Male,1,1
850,30,10,153972.89,2,62811.03,France,Male,1,0
570,39,10,129674.89,2,80552.36,France,Male,1,0
582,33,6,0.0,2,72970.93,Spain,Male,0,1
608,30,8,0.0,2,128875.86,France,Female,1,0
599,28,4,126833.79,2,60843.09,Spain,Female,1,0
644,30,5,44928.88,1,10771.46,France,Male,1,1
690,48,2,0.0,2,3149.1,Spain,Female,1,1
616,37,5,144235.73,2,154957.66,France,Male,0,0
501,57,10,0.0,2,47847.19,France,Male,1,1
587,33,5,100116.82,1,34215.58,France,Male,1,0
598,64,1,62979.93,1,152273.57,Spain,Female,1,1
751,33,4,79281.61,1,117547.76,Spain,Male,1,0
605,48,10,150315.92,1,133486.36,Spain,Female,0,1
414,38,8,0.0,1,77661.12,France,Male,0,1
737,50,4,127552.85,2,4225.11,Germany,Male,1,0
521,37,2,0.0,2,86372.24,France,Male,1,1
696,33,2,163139.27,1,7035.36,France,Male,1,1
444,34,2,144318.97,1,112668.06,France,Male,1,0
604,36,10,113546.3,1,134875.37,Germany,Male,1,1
745,46,2,122220.19,1,118024.1,France,Male,1,1
490,40,1,0.0,1,49594.19,France,Female,1,1
680,44,3,0.0,2,86935.08,France,Male,1,0
459,50,5,109387.9,1,155721.15,Germany,Male,1,0
626,47,2,103108.8,1,166475.44,Germany,Female,0,1
582,46,8,67563.31,1,44506.09,Spain,Female,1,0
574,39,5,119013.86,1,103421.91,France,Female,1,0
621,47,0,0.0,1,133831.37,France,Male,1,1
707,37,1,0.0,2,6035.51,France,Male,0,1
567,34,10,0.0,2,161571.79,Spain,Male,0,1
639,38,3,0.0,1,42862.82,France,Male,1,0
671,42,6,0.0,2,197202.48,France,Female,1,0
445,62,1,64119.38,1,76569.64,Spain,Male,1,1
695,45,9,43134.65,1,77330.35,France,Male,0,1
833,30,1,0.0,2,141860.62,France,Male,1,0
588,27,8,0.0,1,20066.38,France,Female,1,0
776,33,8,115130.34,1,129525.5,Germany,Male,0,0
685,40,7,74896.92,1,198694.2,Spain,Male,1,0
693,68,2,0.0,2,59864.96,France,Male,1,1
652,36,6,112518.71,2,110421.31,France,Female,0,1
686,34,6,146178.13,2,88837.11,France,Male,1,1
672,68,0,126061.51,2,184936.77,Germany,Male,1,1
415,46,9,134950.19,3,178587.36,France,Male,0,0
658,32,9,0.0,2,156774.75,France,Female,1,0
640,44,7,111833.47,1,67202.74,France,Male,1,0
769,29,8,0.0,2,172290.61,France,Male,1,1
686,56,5,111642.08,1,80553.87,Germany,Female,1,1
850,71,10,69608.14,1,97893.4,Spain,Male,1,0
611,46,5,0.0,1,77677.14,France,Female,1,0
491,33,5,83134.3,1,187946.55,France,Male,1,0
776,35,8,106365.29,1,148527.56,Spain,Male,1,1
603,43,5,127823.93,1,19483.35,France,Male,1,1
662,37,5,0.0,2,151871.84,France,Female,1,0
643,48,8,0.0,2,174729.3,Spain,Male,1,0
681,37,8,73179.34,2,25292.53,Germany,Male,1,1
794,46,6,0.0,2,195325.74,France,Male,1,0
846,61,0,0.0,2,96202.44,Spain,Male,1,1
693,46,3,151709.33,1,180736.24,Spain,Female,1,0
585,54,8,87105.32,1,55346.14,France,Male,1,1
566,35,1,123042.0,1,66245.44,Germany,Female,1,0
622,58,2,0.0,2,33277.31,Spain,Female,1,1
718,34,5,113922.44,2,30772.22,Spain,Male,1,0
733,40,5,125725.02,2,50783.1,Germany,Male,1,1
748,40,0,0.0,1,60416.76,France,Male,0,0
811,45,5,0.0,2,146123.19,France,Female,1,1
650,55,2,140891.46,3,179834.45,Germany,Female,1,1
540,40,8,0.0,2,3560.0,Spain,Female,1,0
639,43,6,99610.92,2,187296.78,France,Male,1,0
732,45,6,98792.4,1,81491.7,Germany,Female,1,0
823,37,5,164858.18,1,173516.71,France,Male,1,1
776,31,5,0.0,2,92647.94,France,Female,1,0
608,59,1,0.0,1,70649.64,France,Male,1,0
791,52,7,0.0,1,122782.5,France,Female,1,1
688,40,6,0.0,1,47886.44,France,Male,1,1
752,38,0,145974.79,2,137694.23,France,Male,1,1
667,36,9,0.0,2,40062.29,France,Male,1,1
622,31,1,89688.94,1,152305.47,France,Female,1,1
653,37,7,135847.47,1,144880.81,France,Male,1,0
609,33,6,94126.67,1,93718.16,Germany,Male,0,0
602,38,2,71667.97,2,137111.89,Germany,Male,0,0
840,43,7,0.0,2,90908.95,France,Female,1,0
568,27,1,116320.68,1,45563.94,Spain,Female,0,1
764,24,7,98148.61,1,26843.76,France,Male,1,0
598,23,6,0.0,2,153229.19,Spain,Female,1,0
543,41,6,143350.41,1,192070.16,Germany,Male,1,1
840,36,6,0.0,2,141364.27,Spain,Female,1,0
523,32,4,0.0,2,167848.02,Spain,Male,1,0
715,34,9,102277.52,1,177852.57,Germany,Female,0,0
754,38,2,0.0,2,180698.32,France,Male,1,0
555,37,9,124969.13,1,60194.05,France,Male,1,0
600,43,8,133379.41,1,177378.66,Germany,Male,1,0
536,40,9,0.0,2,11959.03,Spain,Male,1,1
581,38,3,135157.05,1,32919.42,Germany,Female,1,1
652,40,4,79927.36,2,33524.6,France,Female,1,1
768,44,6,60603.4,1,178045.97,Spain,Female,1,1
659,32,2,155584.21,1,153662.88,France,Female,0,1
611,40,8,100812.33,2,147358.27,France,Female,1,0
616,44,7,193213.02,2,137392.77,Spain,Female,1,1
543,41,5,0.0,2,143980.29,Spain,Male,0,1
806,32,3,63763.49,1,156593.09,France,Female,1,0
637,34,9,0.0,2,26057.08,Spain,Female,0,0
680,44,7,108724.98,1,72330.46,France,Male,0,1
624,38,3,0.0,2,163666.85,France,Female,1,1
667,55,9,154393.43,1,137674.96,Germany,Male,1,1
699,35,5,0.0,2,78397.24,France,Male,1,1
644,26,4,153455.72,2,82696.84,Spain,Female,1,1
521,22,10,0.0,1,101311.95,Spain,Female,1,1
504,56,9,104217.3,1,55857.48,Germany,Male,0,0
628,36,3,0.0,2,8742.91,France,Male,1,1
511,45,5,68375.27,1,193160.25,France,Male,1,0
595,41,2,138878.81,1,112269.67,Germany,Female,0,1
452,33,7,153663.27,1,111868.23,Germany,Male,1,0
493,38,3,134006.77,1,89578.32,France,Male,1,0
538,31,1,0.0,2,1375.46,France,Male,1,0
652,37,7,0.0,2,68789.93,Spain,Male,1,0
796,51,6,0.0,2,194733.28,France,Male,0,1
698,48,4,101238.24,2,177815.87,France,Male,0,1
669,33,9,0.0,2,107221.03,France,Female,0,1
707,34,9,162691.16,2,94912.78,Germany,Male,1,0
608,33,1,102772.67,2,70705.58,Germany,Male,1,0
556,26,4,0.0,1,195167.38,France,Male,1,0
566,54,4,118614.6,2,172601.62,Germany,Male,1,1
563,35,3,106250.72,1,39546.32,France,Male,0,0
674,45,7,144889.18,1,102591.9,France,Male,1,1
630,37,6,0.0,2,82647.65,France,Male,1,1
682,38,1,116520.28,1,49833.5,Germany,Female,1,1
536,61,8,65190.29,1,64308.49,France,Female,1,1
807,42,5,0.0,2,74900.9,Spain,Male,1,1
713,26,4,122857.46,2,144682.17,Spain,Female,1,0
823,53,4,124954.94,1,131259.6,Germany,Female,0,1
622,30,2,158584.82,3,142342.55,France,Female,1,0
688,26,8,146133.39,1,175296.76,Germany,Male,1,1
570,46,3,0.0,2,820.46,France,Female,0,0
538,42,9,0.0,1,152855.96,Spain,Female,0,0
719,42,4,0.0,1,28465.86,France,Female,1,0
531,36,9,99240.51,1,123137.01,Spain,Female,1,0
736,29,9,0.0,2,176152.7,France,Female,0,0
850,31,4,146587.3,1,89874.82,Germany,Male,1,1
623,50,2,87116.71,1,104382.11,Spain,Female,1,1
666,35,2,104832.49,1,175015.12,Spain,Male,1,0
673,51,8,79563.36,2,172200.91,France,Male,1,1
654,36,2,112262.84,1,12873.39,France,Male,1,0
731,25,8,96950.21,1,97877.92,Spain,Male,1,0
610,45,1,0.0,2,199657.46,France,Female,1,1
790,46,8,182364.53,1,139266.48,Spain,Male,0,0
711,45,1,97486.15,2,50610.62,Germany,Female,1,0
766,41,6,99208.46,2,62402.38,Spain,Male,1,0
639,46,10,110031.09,2,133995.59,Germany,Female,1,1
700,59,5,137648.41,1,142977.05,Germany,Female,1,0
704,42,8,129735.3,2,179565.57,France,Male,1,1
661,35,5,128415.45,1,142626.49,Spain,Female,1,0
698,57,9,111359.55,2,105715.01,France,Female,1,0
611,38,7,0.0,1,63202.0,France,Male,1,1
755,40,2,137430.82,2,176768.59,Germany,Male,0,0
706,47,6,120621.89,1,140803.7,Germany,Female,1,1
718,31,0,118100.59,2,103165.15,France,Female,1,0
522,25,1,111432.13,1,168683.57,Germany,Male,1,1
792,31,6,71269.89,2,125912.77,France,Male,0,1
726,56,8,123110.9,3,130113.78,Spain,Female,0,1
597,38,1,0.0,2,41303.29,Spain,Male,1,0
691,60,6,101070.69,1,177355.8,France,Female,1,0
624,36,0,0.0,2,111605.9,Spain,Female,1,0
548,28,8,116755.5,2,158585.17,France,Female,1,1
537,47,4,124192.28,2,50881.51,Germany,Female,1,1
736,42,7,117280.23,3,41921.06,France,Female,0,0
705,25,0,97544.29,1,59887.15,France,Male,0,1
519,36,9,0.0,2,145562.4,France,Male,0,1
415,32,5,145807.59,1,3064.65,France,Male,1,1
722,20,6,0.0,2,195486.28,France,Male,1,0
601,48,9,163630.76,1,41816.49,Germany,Male,0,1
706,35,8,178032.53,1,42181.68,France,Female,0,1
539,37,2,127609.59,1,98646.22,France,Male,1,0
625,24,1,0.0,2,180969.55,France,Female,1,1
706,29,5,112564.62,1,42334.38,France,Female,1,0
734,37,0,152760.24,1,48990.5,Spain,Female,1,1
663,34,7,0.0,2,180427.24,France,Male,1,1
679,37,8,77373.87,2,174873.09,Germany,Female,0,1
458,28,2,171932.26,2,9578.24,Germany,Female,1,1
711,81,6,0.0,2,72276.24,France,Female,1,1
576,28,1,119336.29,2,58976.85,Germany,Male,0,1
713,45,4,131038.14,1,74005.04,Germany,Male,1,0
571,33,9,102017.25,2,128600.49,France,Female,0,0
596,34,4,99441.21,2,4802.27,Germany,Male,0,1
761,36,9,127637.92,1,81062.93,France,Male,1,1
663,43,4,87624.03,2,149401.33,France,Male,1,0
529,30,2,116295.29,1,75285.47,France,Male,1,0
554,48,7,0.0,2,63708.07,France,Female,1,1
658,50,2,0.0,2,52137.73,Spain,Male,1,0
759,74,6,128917.84,1,48244.64,Spain,Female,1,1
532,24,8,142755.25,1,34231.48,Germany,Male,0,0
634,52,1,0.0,2,176913.42,Spain,Male,1,1
592,26,4,105082.07,2,132801.57,Germany,Female,1,0
752,35,2,0.0,1,44335.54,Spain,Female,1,0
693,21,1,0.0,2,3494.02,France,Male,1,1
800,40,3,75893.11,2,132562.23,France,Female,1,0
638,30,9,136808.53,2,106642.97,Spain,Male,1,1
668,31,9,0.0,2,41291.73,France,Female,0,0
451,33,6,0.0,2,184954.11,France,Male,1,0
799,28,3,142253.65,1,45042.56,Spain,Female,1,0
850,49,6,128663.9,1,65769.3,France,Male,1,0
657,37,4,82500.28,1,115260.72,France,Male,1,1
752,29,4,129514.99,1,102930.46,Germany,Male,1,1
654,36,2,0.0,2,146652.11,Spain,Female,1,1
453,37,4,131834.76,2,8949.2,France,Female,1,0
784,31,7,0.0,2,143204.41,France,Male,1,1
663,28,8,123674.28,2,87985.2,Germany,Male,1,1
556,35,10,0.0,2,192751.18,France,Male,1,1
521,29,2,87212.8,1,994.86,Germany,Female,1,1
743,46,9,0.0,1,113436.08,France,Female,1,0
552,55,3,0.0,1,40333.94,Spain,Male,1,1
707,36,6,0.0,1,98810.78,France,Female,0,0
730,45,6,152880.97,1,162478.11,Germany,Male,0,0
692,27,1,125547.53,1,7900.46,France,Male,0,0
635,34,3,134692.4,2,83773.02,France,Male,1,1
717,76,9,138489.66,1,68400.14,France,Female,1,1
686,38,6,149238.97,1,97825.23,France,Male,1,1
527,29,2,27755.97,1,97468.44,Spain,Female,1,0
597,52,8,83693.34,2,161083.53,Germany,Male,1,1
606,53,1,109330.06,1,75860.01,Spain,Female,1,1
643,34,7,0.0,2,100304.13,France,Male,0,1
730,37,5,124053.03,1,118591.67,Germany,Female,1,0
574,39,2,122524.61,2,88463.63,France,Female,1,0
524,50,4,0.0,2,31840.59,France,Male,1,1
622,30,4,107879.04,1,196894.62,France,Female,0,1
651,35,7,74623.5,3,129451.29,France,Male,1,0
820,29,3,82344.84,1,115985.38,France,Female,0,1
843,38,8,134887.53,1,10804.04,France,Female,1,1
487,53,10,89550.85,1,90076.85,France,Female,0,1
502,30,4,0.0,2,66263.87,France,Male,1,1
629,44,5,0.0,4,117572.59,France,Male,0,0
595,41,9,0.0,2,5967.09,France,Male,1,0
743,73,6,0.0,2,107867.38,France,Female,0,1
611,68,5,82547.11,2,146448.01,France,Male,1,1
805,46,6,118022.06,3,162643.15,France,Male,1,0
657,41,8,109402.13,1,66463.62,Spain,Male,1,1
619,38,10,119658.49,1,8646.58,Spain,Female,1,1
633,40,4,150578.0,1,34670.62,France,Male,0,1
746,58,3,0.0,3,80344.96,France,Male,1,1
834,49,8,160602.25,2,129273.94,France,Female,1,0
729,30,6,63669.42,1,145111.37,Germany,Male,1,0
595,25,7,106570.34,2,177025.79,Germany,Female,0,1
625,43,8,201696.07,1,133020.9,France,Male,1,0
685,57,7,101868.51,1,113483.96,Germany,Male,0,1
739,37,8,0.0,2,191557.1,France,Female,1,0
460,27,7,0.0,2,156150.08,France,Female,1,0
842,44,3,141252.18,4,128521.16,France,Male,0,1
701,41,9,164046.1,1,49405.93,Germany,Male,1,0
634,37,7,51582.5,2,184312.88,France,Female,1,1
493,33,8,90791.69,1,59659.53,France,Female,1,1
721,41,2,0.0,2,168219.75,France,Male,1,0
739,29,1,0.0,2,164484.78,France,Male,1,1
758,56,1,0.0,2,10643.38,Spain,Male,1,1
732,42,2,118889.66,2,87422.15,Germany,Female,0,0
719,32,9,146605.27,1,77119.45,France,Male,1,1
850,55,7,0.0,1,171762.87,Spain,Female,0,0
648,34,0,0.0,1,167931.81,France,Male,1,1
764,48,1,75990.97,1,158323.81,Spain,Female,1,0
568,33,7,0.0,2,143450.61,France,Male,1,0
594,40,9,122417.17,2,190882.69,France,Male,0,1
850,34,8,199229.14,1,68106.29,Spain,Male,0,0
693,37,6,95900.04,1,38196.24,Germany,Female,1,1
674,37,3,0.0,1,158049.9,France,Male,1,0
584,26,4,0.0,2,147600.54,France,Male,1,0
608,35,6,0.0,2,143463.28,Spain,Female,1,1
718,39,3,0.0,2,145355.11,France,Female,1,1
586,46,0,0.0,3,131553.82,France,Female,0,1
713,33,6,94598.48,1,197519.66,France,Male,0,0
724,34,3,132352.69,1,80320.3,France,Female,1,0
510,31,0,113688.63,1,33099.41,Germany,Male,1,0
520,35,9,105387.89,1,25059.06,France,Male,1,1
733,31,6,157791.07,2,177994.81,Germany,Male,0,0
522,34,9,126436.29,1,174248.52,Spain,Male,1,0
552,34,4,0.0,2,140286.69,Spain,Female,1,0
619,58,5,152199.33,1,86022.09,France,Male,1,1
698,31,1,156111.24,1,134790.74,France,Male,0,0
699,32,4,110559.46,1,127429.56,France,Female,1,1
639,35,1,103015.12,2,139094.12,France,Female,1,1
693,43,6,128760.32,1,36342.79,France,Male,1,0
683,72,3,140997.26,1,52876.41,France,Male,0,1
718,39,2,0.0,1,52138.49,Spain,Female,1,1
686,38,0,138131.34,1,115927.85,France,Male,0,1
567,29,5,129750.68,1,109257.59,Germany,Male,1,0
619,30,7,70729.17,1,160948.87,France,Female,1,1
629,40,2,121647.54,2,64849.74,Germany,Male,1,1
790,37,6,0.0,2,119484.01,Spain,Male,1,1
644,37,8,0.0,2,20968.88,France,Female,1,0
706,24,2,141078.57,1,24402.87,Spain,Male,1,1
603,31,1,129743.75,1,109145.2,France,Male,1,0
770,68,2,183555.24,1,159557.28,France,Female,0,0
630,42,6,0.0,2,162697.93,France,Male,1,0
765,51,3,123372.3,1,115429.32,France,Male,1,1
780,47,7,86006.21,1,37973.13,Spain,Male,1,1
564,53,2,45472.28,1,41055.71,France,Female,1,1
480,44,10,129608.57,1,5472.7,Germany,Male,1,0
701,26,5,83600.24,1,59195.05,Spain,Male,0,1
636,30,8,141787.31,2,109685.61,Germany,Male,1,1
659,31,7,149620.88,2,104533.51,Spain,Male,1,1
781,29,9,0.0,2,172097.4,France,Male,0,0
656,46,5,113402.14,2,138849.06,France,Female,1,1
615,32,5,138521.83,1,56897.1,Spain,Male,1,1
577,43,8,79757.21,1,135650.72,Spain,Male,1,0
812,44,4,115049.15,2,165038.41,France,Male,1,0
622,42,9,115766.26,1,72155.85,Germany,Male,0,0
520,61,8,133802.29,2,90304.01,Germany,Male,1,1
651,34,4,91562.99,1,123954.15,France,Male,1,1
472,32,1,159397.75,1,57323.18,Spain,Female,0,1
528,26,10,102073.67,2,166799.93,France,Female,0,0
582,20,4,0.0,1,55763.66,France,Male,1,1
770,37,9,0.0,2,22710.72,France,Female,0,0
693,41,4,0.0,2,156381.47,France,Male,0,0
850,61,1,0.0,1,53067.83,France,Male,1,0
578,36,1,157267.95,2,141533.19,Spain,Male,1,0
773,43,7,138150.57,1,177357.16,Spain,Male,1,1
722,37,2,0.0,1,120906.83,France,Male,0,0
630,40,0,118633.08,1,60032.46,France,Female,0,1
733,31,9,102289.85,1,115441.66,Spain,Female,1,1
652,37,9,145219.3,1,159132.83,Germany,Female,1,0
553,41,9,110112.54,2,81898.81,Germany,Male,0,0
742,33,6,0.0,2,38550.4,France,Male,0,0
740,37,7,0.0,2,194270.91,France,Female,1,1
811,47,3,123365.34,2,171995.34,France,Female,0,0
545,33,7,173331.52,1,150452.88,Spain,Female,1,0
692,41,8,130701.29,1,59354.24,Germany,Female,1,0
757,29,8,130306.49,1,77469.38,France,Male,1,0
725,29,6,0.0,2,190776.83,France,Female,1,1
712,48,8,0.0,2,183235.33,Spain,Female,1,0
686,39,10,136258.06,1,89199.51,Spain,Male,0,0
594,40,0,152092.44,2,83508.93,Germany,Male,1,1
693,45,4,0.0,2,26589.56,Spain,Female,1,1
742,39,8,140004.96,1,92985.78,France,Male,1,1
793,36,0,0.0,1,148993.47,Spain,Female,0,0
600,31,8,0.0,2,121555.51,France,Male,1,1
783,42,2,139707.28,1,2150.22,Germany,Female,1,0
511,57,8,122950.31,1,181258.76,Spain,Female,1,1
628,33,3,0.0,1,188193.25,Spain,Female,1,1
579,49,4,169377.31,1,123535.05,Germany,Male,1,1
580,65,1,0.0,2,103182.46,Spain,Female,0,1
701,59,7,0.0,2,27597.59,Spain,Male,0,1
511,30,5,0.0,2,143994.86,France,Female,1,0
461,74,1,186445.31,2,196767.83,Germany,Female,1,1
558,32,5,73494.21,1,136301.1,France,Male,0,0
778,33,4,111063.73,2,83556.65,Germany,Female,1,0
812,25,5,54817.55,1,131660.31,Germany,Male,1,0
850,38,5,0.0,2,16491.64,France,Male,1,0
612,38,1,0.0,2,9209.21,France,Female,1,1
662,44,8,0.0,2,175314.87,France,Male,1,1
608,37,5,146093.39,2,160593.41,France,Male,0,0
625,39,5,0.0,1,99800.87,France,Male,1,0
572,30,6,117696.67,1,100843.82,France,Male,1,0
559,50,5,162702.35,1,150548.5,France,Male,0,0
667,56,8,137464.04,1,130846.79,Germany,Female,1,0
724,41,2,127892.57,2,199645.45,Germany,Male,0,1
503,42,8,104430.08,1,147557.71,France,Male,1,1
728,39,6,152182.83,1,161203.6,Germany,Male,0,0
850,30,3,0.0,2,116692.8,France,Female,1,0
588,33,9,150186.22,2,65611.01,Germany,Male,1,1
711,58,9,91285.13,2,26767.85,France,Male,1,1
468,42,9,181627.14,2,172668.39,Germany,Male,1,0
635,42,1,146766.72,2,164357.1,France,Male,0,1
685,30,2,0.0,3,172576.43,Spain,Female,1,1
761,31,7,0.0,3,166698.18,France,Male,1,1
721,41,7,0.0,2,61018.85,France,Male,0,1
651,35,0,181821.96,2,36923.67,France,Male,0,1
635,24,4,0.0,2,70668.77,Spain,Male,1,1
632,40,5,147650.68,1,199674.83,France,Male,1,1
693,43,4,152341.55,1,9241.78,France,Female,1,0
754,39,3,160761.41,1,24156.03,Germany,Female,1,1
528,31,6,102016.72,2,80181.12,France,Male,0,0
688,40,8,150679.71,2,196226.38,Germany,Female,0,1
648,56,6,157559.59,2,140991.23,Spain,Female,1,0
686,22,8,0.0,2,142331.85,Spain,Male,0,0
699,39,9,0.0,1,80963.92,France,Male,1,0
689,38,5,75075.14,1,8651.92,Spain,Male,1,1
668,34,5,80242.37,2,56780.97,Germany,Male,0,0
792,40,7,0.0,1,141652.2,Spain,Female,1,0
785,32,3,124493.03,2,52583.79,Germany,Female,0,1
749,40,1,139290.41,1,182855.42,France,Male,1,0
743,42,7,77002.2,2,80428.42,France,Male,1,1
763,32,1,108465.65,2,60552.44,Germany,Female,1,0
654,42,7,99263.09,1,67607.9,France,Male,1,1
636,39,3,118336.14,1,184691.77,France,Female,1,0
848,22,7,120811.89,1,185510.34,Spain,Male,1,1
697,40,4,0.0,2,26543.28,France,Male,0,1
820,31,2,94222.53,1,103570.8,Spain,Female,1,0
562,57,3,0.0,3,6554.97,France,Female,1,0
697,43,8,103409.16,1,66893.28,Germany,Male,1,0
653,46,0,119556.1,1,78250.13,France,Male,1,0
576,45,5,133618.01,1,135244.87,Spain,Male,0,0
562,51,7,122822.0,2,32626.21,France,Female,0,0
734,39,3,92636.96,2,125671.29,Spain,Female,1,1
519,38,7,125328.56,1,188225.67,France,Female,1,0
516,35,10,104088.59,2,119666.0,France,Male,0,0
644,54,6,0.0,1,84622.37,Spain,Male,0,1
677,34,4,0.0,2,6175.53,Spain,Female,1,1
584,59,1,0.0,1,130260.11,Spain,Female,0,1
641,57,5,0.0,2,122449.18,France,Male,1,1
547,49,8,121537.71,2,46521.45,Germany,Male,1,0
633,26,8,124281.84,1,60116.57,France,Female,1,1
599,33,2,51949.95,2,85045.92,Germany,Male,1,0
570,50,5,129293.74,1,177805.44,Germany,Female,1,0
696,38,6,142316.14,1,8018.49,Germany,Male,1,1
624,71,7,0.0,2,108841.83,France,Male,1,1
679,30,4,77949.69,1,121151.46,Germany,Female,1,1
787,39,10,108935.39,1,101168.3,Spain,Male,1,1
638,37,7,124513.66,2,158610.89,Germany,Female,1,0
667,24,4,0.0,2,180329.83,France,Male,0,0
716,41,9,0.0,1,113267.48,France,Male,1,1
732,26,7,0.0,2,154364.66,France,Male,1,0
651,23,4,115636.05,2,70400.86,Spain,Male,1,0
528,23,7,104744.89,1,170262.97,Spain,Male,1,0
811,31,7,117799.28,1,182372.35,France,Male,1,1
653,40,0,0.0,2,35795.85,France,Female,1,0
769,40,9,133871.05,1,50568.02,France,Female,1,1
801,42,6,0.0,2,95804.33,France,Male,1,1
620,42,1,0.0,2,65565.92,France,Female,0,1
681,38,6,153722.47,1,101319.76,France,Male,1,0
663,26,5,141462.13,1,440.2,France,Male,1,0
546,58,3,106458.31,4,128881.87,Germany,Female,1,0
689,40,5,154251.67,1,118319.5,Spain,Female,0,1
646,35,1,121952.75,2,142839.82,Germany,Female,1,1
850,28,4,147972.19,1,60708.72,Germany,Male,1,0
470,35,1,96473.59,1,5962.3,France,Male,0,0
675,66,5,115654.47,2,131970.86,Spain,Male,1,1
750,38,7,97257.41,2,179883.04,Spain,Female,0,1
756,60,3,115924.89,1,93524.19,Germany,Female,1,0
659,78,2,151675.65,1,49978.67,Spain,Male,0,1
664,36,0,103502.22,1,146191.82,France,Female,1,1
844,41,10,76319.64,1,141175.18,France,Female,1,1
771,47,3,72664.0,2,107874.39,Spain,Female,1,1
698,47,6,0.0,1,50213.81,Spain,Female,1,0
640,29,5,197200.04,2,141453.62,Spain,Male,1,0
521,37,5,105843.26,2,84908.2,France,Male,1,1
714,45,9,106431.97,2,164117.69,Germany,Female,1,1
741,40,4,104784.23,1,135163.76,Spain,Male,1,0
740,37,5,0.0,2,27528.4,France,Female,1,1
570,37,6,0.0,1,187758.5,France,Male,1,1
554,43,2,120847.11,1,7611.61,Germany,Female,1,0
687,39,2,0.0,3,188150.6,Spain,Female,0,0
698,38,2,130015.24,1,41595.3,France,Male,1,1
752,30,3,0.0,2,104991.28,France,Female,1,1
850,47,6,0.0,1,187391.02,France,Male,1,0
683,30,8,110829.52,2,24938.84,France,Male,0,0
672,45,9,0.0,1,92027.69,France,Female,1,1
480,39,5,121626.9,1,82438.13,Spain,Male,1,1
714,27,3,0.0,3,129130.09,Spain,Male,1,1
703,58,4,92930.92,1,85148.78,Spain,Male,0,1
663,35,5,0.0,2,62634.94,Spain,Male,1,1
553,41,6,144974.55,1,19344.92,Spain,Male,1,1
579,26,10,162482.76,1,18458.2,France,Female,1,1
584,31,6,152622.34,1,99298.8,Germany,Female,1,0
738,36,5,0.0,2,96881.32,Spain,Male,1,1
667,40,9,0.0,1,96670.2,France,Male,1,1
646,30,10,100548.67,2,136983.77,Germany,Female,0,0
601,26,7,105514.69,2,50070.59,Germany,Female,1,0
727,45,6,114422.85,2,104678.78,Germany,Male,1,1
585,33,8,0.0,2,114182.07,Spain,Female,1,0
705,61,4,0.0,2,191313.7,France,Male,1,1
584,35,3,146311.58,1,105443.47,France,Male,1,1
647,28,6,149594.02,2,102325.19,Spain,Male,1,0
680,30,3,0.0,1,160131.58,Spain,Female,1,0
554,35,8,0.0,2,176779.46,France,Female,1,1
799,28,7,167658.33,2,111138.25,Germany,Male,1,1
748,34,5,84009.47,1,137001.1,France,Male,1,1
570,18,4,82767.42,1,71811.9,France,Female,1,0
625,45,3,0.0,1,184474.15,France,Female,1,1
624,36,6,0.0,2,84635.64,France,Male,0,0
551,35,7,129717.3,2,86937.2,France,Male,0,0
514,66,9,0.0,2,14234.31,Spain,Male,1,1
608,28,4,96679.71,1,49133.45,Germany,Male,1,1
774,28,1,71264.02,2,68759.57,France,Female,0,1
516,33,7,127305.5,1,120037.36,France,Female,1,1
670,54,2,95507.12,1,63213.31,France,Female,1,1
578,36,8,129745.1,1,143683.75,Germany,Female,1,1
807,47,9,167664.83,1,125440.11,France,Female,0,0
756,34,1,103133.26,1,90059.04,France,Male,1,1
768,54,8,69712.74,1,69381.05,France,Male,1,1
678,49,3,204510.94,1,738.88,France,Female,0,1
590,45,2,81828.22,1,52167.97,France,Female,1,0
762,43,5,134204.67,1,139971.01,Spain,Female,1,1
625,31,8,0.0,2,151843.54,Spain,Female,1,0
585,38,5,0.0,1,87363.56,France,Female,1,1
743,48,5,118207.69,2,186489.14,Spain,Female,0,0
673,30,1,64097.75,1,77783.35,France,Male,1,1
587,42,5,120233.83,1,194890.33,Spain,Male,1,0
507,35,2,0.0,2,97633.93,France,Female,1,0
724,28,9,0.0,2,100240.2,France,Male,1,1
723,47,10,90450.0,2,103379.31,Germany,Female,0,0
640,39,9,131607.28,4,6981.43,Germany,Male,0,1
555,26,7,0.0,2,93122.41,France,Female,1,0
544,23,1,96471.2,1,35550.97,France,Male,1,0
752,44,6,83870.33,1,178722.24,Spain,Male,1,0
718,39,7,93148.74,2,190746.38,Germany,Female,1,1
814,31,1,118870.92,1,101704.19,France,Male,1,0
802,40,4,0.0,2,81908.09,Spain,Male,1,1
585,45,0,0.0,2,189683.7,Spain,Male,0,0
705,39,8,144102.32,1,11682.36,Spain,Female,1,1
673,47,1,183579.54,2,34047.54,Germany,Male,0,1
613,39,8,118201.41,1,23315.59,Spain,Male,1,0
603,56,5,90778.76,2,162223.67,Spain,Female,1,0
833,34,3,144751.81,1,166472.81,France,Female,0,0
765,37,7,102708.77,1,9087.81,Germany,Male,1,0
751,51,7,148074.79,1,146411.41,Germany,Female,1,0
578,45,1,148600.91,1,143397.14,France,Male,1,0
714,29,4,0.0,2,37605.9,Spain,Male,1,1
809,33,3,0.0,2,141426.78,Spain,Female,0,1
850,40,4,97990.49,2,106691.02,Germany,Female,0,0
616,45,4,122793.96,1,62002.04,Germany,Female,1,1
850,33,2,83415.04,1,74917.64,Germany,Female,0,1
726,31,9,114722.05,2,98178.57,France,Female,1,1
850,22,3,0.0,1,144385.54,Spain,Male,1,1
667,48,2,0.0,2,148608.39,France,Female,1,1
749,28,3,0.0,1,3408.7,Spain,Female,1,0
649,29,2,45022.23,1,173495.77,Spain,Male,1,1
725,44,10,0.0,1,93777.61,France,Female,0,1
762,34,8,98592.88,1,191790.29,Germany,Female,0,1
659,39,8,52106.33,2,107964.36,Germany,Male,1,1
485,37,5,0.0,2,170226.47,France,Male,0,1
553,53,5,127997.83,1,165378.66,Germany,Male,1,0
763,31,7,143966.3,2,140262.96,Germany,Male,1,1
640,31,10,118613.34,1,168469.65,Germany,Female,1,0
681,30,2,111093.01,1,68985.99,Spain,Male,1,0
546,28,8,0.0,1,159254.29,France,Male,1,0
710,43,2,140080.32,3,157908.19,Germany,Male,1,1
655,28,10,0.0,2,126565.21,France,Male,0,1
434,71,9,119496.87,1,125848.88,Germany,Male,1,0
598,64,9,0.0,1,13181.37,France,Female,0,1
739,38,0,128366.44,1,12796.43,Spain,Male,1,0
611,53,3,83568.26,1,1235.49,France,Male,0,0
679,33,9,112528.65,2,177362.45,France,Female,1,0
593,26,9,76226.9,1,167564.82,Spain,Male,1,0
683,29,0,133702.89,1,55582.54,Spain,Male,1,0
643,34,8,117451.47,1,65374.86,Spain,Female,1,0
796,40,1,99745.95,1,177524.19,Germany,Female,1,0
527,47,1,0.0,1,21312.16,France,Male,1,0
655,37,5,93147.0,2,66214.13,France,Male,1,0
580,65,9,106804.26,3,107890.69,France,Female,1,0
571,31,3,0.0,2,194667.92,Spain,Female,1,1
624,45,5,151855.33,1,68794.15,Germany,Female,1,0
648,19,1,0.0,2,22101.86,France,Female,0,1
613,33,3,155736.42,2,57751.21,Germany,Male,1,1
761,27,8,0.0,2,63297.7,Spain,Male,1,0
669,38,8,0.0,2,84049.16,France,Female,1,0
669,29,9,0.0,1,93901.61,Spain,Male,1,1
677,72,8,0.0,2,153604.44,France,Female,1,1
625,56,0,148507.24,1,46824.08,Germany,Male,1,0
594,38,7,96858.35,1,77511.45,Spain,Female,1,0
800,40,5,97764.41,1,98640.15,France,Female,1,0
543,23,5,0.0,2,117832.39,Spain,Male,1,0
737,22,10,111543.26,2,106327.85,Germany,Female,0,0
671,28,8,119859.52,2,125422.66,Germany,Male,1,0
699,39,2,109724.38,1,180022.39,France,Male,1,1
746,33,2,107868.14,2,146192.4,Germany,Female,1,1
803,31,9,157120.86,2,141300.53,France,Male,1,0
632,38,6,86569.76,2,98090.91,Germany,Female,1,0
709,23,8,73314.04,2,63446.47,Germany,Male,1,0
625,40,7,141267.67,1,177397.49,France,Female,0,1
697,74,3,108071.36,2,16445.79,Germany,Female,1,1
670,37,4,170557.91,2,198252.88,France,Male,1,0
850,66,0,127120.62,1,118929.64,Germany,Female,0,1
646,34,3,131283.11,1,130500.65,France,Female,0,0
431,44,2,138843.7,1,37688.31,Germany,Female,1,0
501,34,5,0.0,1,27380.99,France,Female,1,0
619,42,2,0.0,1,101348.88,France,Female,1,1
753,46,3,111512.75,3,159576.75,Germany,Female,1,0
772,43,6,0.0,2,57675.88,France,Male,1,1
767,36,3,0.0,1,65147.27,France,Male,0,0
707,51,10,98438.23,1,70778.63,Germany,Female,0,0
567,38,6,127678.8,2,45422.89,France,Male,0,0
427,39,9,0.0,2,28368.37,Spain,Female,1,0
755,43,9,0.0,2,18066.69,France,Female,1,0
615,34,1,83503.11,2,73124.53,France,Male,1,1
770,46,9,190678.02,1,14725.36,Spain,Male,1,1
640,46,3,0.0,1,156260.08,Spain,Female,1,1
802,41,5,0.0,2,134626.3,Spain,Male,1,1
606,38,3,99897.53,1,37054.65,Germany,Male,0,0
783,41,5,106640.5,1,176945.96,Germany,Female,1,0
763,38,0,152582.2,2,31892.82,France,Female,0,0
617,28,0,0.0,2,7597.83,France,Female,1,1
705,38,1,189443.72,1,106648.58,France,Male,0,1
604,40,5,155455.43,1,113581.85,Spain,Male,0,1
577,32,1,0.0,2,9902.39,France,Female,1,0
696,30,4,114027.7,1,193716.56,Germany,Male,1,1
721,40,9,118129.87,1,160277.65,France,Male,1,1
547,48,1,179380.74,2,69263.1,France,Female,0,1
616,43,7,95984.21,1,115262.54,Germany,Female,0,1
765,43,4,148962.76,1,173878.87,Germany,Male,0,1
584,47,7,130538.77,1,92915.84,Germany,Male,1,0
680,43,4,0.0,2,58761.33,France,Female,1,1
711,52,5,0.0,1,159808.95,France,Male,1,1
710,46,10,120530.34,1,166586.99,Germany,Female,1,0
730,33,0,0.0,2,1474.79,France,Male,1,0
691,27,3,160358.68,2,142367.72,Germany,Male,1,0
501,38,9,88977.39,2,133403.07,Germany,Male,0,1
634,63,10,0.0,2,30772.86,Spain,Male,1,0
574,41,1,0.0,2,70550.0,France,Male,0,0
645,55,7,0.0,2,18369.33,France,Female,1,1
701,37,1,0.0,2,163457.55,France,Male,1,0
662,33,3,0.0,2,68064.83,Spain,Male,0,1
753,40,0,3768.69,2,177065.24,France,Female,1,0
613,50,5,101242.98,2,12493.61,Germany,Female,1,0
666,40,2,0.0,2,36371.27,France,Female,0,0
554,34,8,0.0,1,106981.03,Spain,Female,0,1
710,35,1,106518.52,1,127951.81,Spain,Male,1,1
704,37,4,0.0,2,25684.93,Spain,Male,0,0
684,35,6,135871.5,1,87219.41,France,Male,1,1
752,36,2,119912.46,1,124354.92,France,Female,1,0
683,29,0,157829.12,1,129891.66,France,Female,0,0
571,53,2,0.0,2,28045.77,France,Female,1,0
666,74,7,105102.5,1,46172.47,Germany,Male,1,1
774,26,2,93844.69,1,28415.36,France,Male,1,0
724,34,2,154485.74,2,78560.64,France,Male,0,0
491,36,0,53369.13,1,103934.12,France,Female,1,1
614,51,4,40685.92,1,46775.28,France,Male,1,1
507,35,1,0.0,2,92131.54,France,Female,0,0
850,55,6,0.0,1,944.41,France,Male,1,0
671,35,1,144848.74,1,179012.3,Germany,Male,1,1
613,30,9,111927.45,1,175795.87,Spain,Male,1,1
593,38,5,85626.6,1,125079.65,Germany,Female,1,1
683,40,4,95053.1,1,116816.54,Spain,Male,1,1
772,41,10,96032.22,1,75825.57,Spain,Male,1,1
801,38,5,0.0,2,66256.27,France,Male,1,0
683,39,4,0.0,2,171716.81,France,Male,1,0
679,29,3,0.0,2,63687.06,France,Male,1,1
563,24,7,0.0,2,16319.56,Spain,Male,0,0
445,61,2,137655.31,1,29909.84,Germany,Female,0,1
499,46,6,0.0,2,73457.55,France,Female,1,0
633,32,5,163340.12,2,74415.2,Spain,Male,1,1
525,47,6,118560.0,1,82522.61,Spain,Female,1,0
557,42,4,0.0,2,86642.38,Spain,Male,0,1
837,35,0,144037.6,1,145325.32,Germany,Male,1,0
803,50,8,98173.02,1,22457.25,Germany,Female,0,0
587,42,1,0.0,1,123006.91,France,Male,0,0
721,37,1,0.0,2,70810.8,France,Female,1,0
572,26,4,118287.01,2,60427.3,Germany,Male,0,0
590,29,4,0.0,2,121846.81,France,Female,1,0
619,32,4,175406.13,2,172792.43,Spain,Female,1,1
812,32,5,133050.97,2,89385.92,France,Male,1,0
823,38,1,0.0,2,156603.7,France,Male,1,0
649,40,4,95001.33,1,123202.99,Germany,Male,0,1
559,32,9,145303.52,1,103560.98,France,Male,1,0
731,41,9,152243.57,1,88783.59,France,Female,1,1
644,31,5,0.0,2,41872.17,France,Male,1,1
684,39,4,139723.9,1,120612.11,Spain,Female,1,1
677,37,3,0.0,2,38252.25,France,Female,1,1
591,42,10,0.0,2,171099.22,France,Female,0,0
771,36,5,77846.9,1,99805.99,Germany,Female,0,0
788,36,10,109632.85,1,16149.13,Spain,Male,1,1
629,32,2,0.0,2,77965.44,France,Male,0,1
521,41,2,0.0,2,113089.43,France,Female,1,1
467,39,5,0.0,2,7415.96,Spain,Male,1,1
813,62,10,64667.95,2,140454.14,France,Female,0,1
593,39,0,117704.73,1,197933.5,France,Female,1,0
596,29,2,0.0,2,1591.19,Spain,Male,1,1
623,41,2,142412.13,1,28778.98,Spain,Male,1,0
703,29,9,0.0,2,50679.48,Spain,Male,1,0
634,36,1,0.0,1,143960.72,Spain,Female,1,1
555,24,2,0.0,2,197866.55,Spain,Female,0,1
747,43,1,130788.71,1,101495.0,France,Male,0,1
628,36,3,91286.51,1,63085.94,Germany,Female,1,0
591,33,4,113743.37,1,124625.08,France,Female,1,0
561,49,8,0.0,2,12513.07,France,Female,1,1
834,40,7,0.0,2,45038.74,Spain,Male,0,0
632,31,3,136556.44,1,82152.83,Spain,Male,1,0
592,34,9,0.0,2,20460.2,France,Female,1,1
538,40,8,0.0,2,25554.4,Spain,Male,1,1
586,27,5,130231.8,2,192427.16,France,Male,1,1
637,63,5,0.0,1,28092.77,France,Female,1,0
779,26,0,0.0,2,111906.0,France,Female,0,1
663,33,2,0.0,2,153295.0,France,Female,1,0
547,31,9,0.0,2,99294.22,Spain,Female,0,0
816,38,5,130878.75,3,71905.77,Germany,Female,1,0
595,23,10,101126.66,2,37042.8,Spain,Female,0,0
654,40,3,0.0,2,167889.1,France,Female,1,0
799,70,8,70416.75,1,36483.52,France,Male,1,1
589,37,6,138497.84,1,18988.58,France,Female,0,1
683,35,5,95698.79,1,182566.76,Germany,Female,0,1
551,31,1,0.0,2,185105.44,France,Male,1,1
542,38,8,65942.26,1,68093.23,France,Male,1,1
641,37,7,62974.64,2,39016.43,Germany,Female,0,1
600,39,7,88477.36,2,58632.37,Germany,Female,1,0
430,33,8,0.0,1,69759.91,France,Female,1,1
785,31,2,121691.54,2,81778.72,Spain,Female,0,0
824,77,3,27517.15,2,2746.41,Germany,Male,0,1
711,38,3,0.0,2,68487.51,France,Male,1,0
632,28,5,118890.81,1,145157.97,France,Female,0,1
481,37,8,152303.66,2,175082.2,France,Male,1,1
672,21,1,35741.69,1,28789.94,Germany,Female,1,0
534,49,7,0.0,1,13566.48,France,Female,1,0
785,41,7,0.0,2,199108.88,Spain,Male,1,1
666,27,4,0.0,2,88751.45,France,Female,0,0
645,47,9,152076.93,1,121840.2,Germany,Male,1,0
720,43,6,137824.03,2,172557.77,France,Female,1,0
748,44,4,112610.77,1,2048.55,France,Male,0,1
637,36,2,152606.82,1,71692.8,France,Male,1,1
682,48,1,138778.15,1,168840.23,France,Male,0,1
635,37,5,113488.68,1,95611.74,Germany,Male,1,0
633,39,9,129189.15,2,170998.83,France,Female,0,0
705,32,7,0.0,2,7921.57,France,Male,1,0
430,60,7,73937.02,1,161937.62,France,Female,1,0
695,52,8,103023.26,1,22485.64,Germany,Male,1,1
718,35,2,167924.95,1,43024.64,France,Female,1,0
602,56,3,115895.22,3,4176.17,France,Female,1,0
602,32,7,184715.86,2,113781.99,Germany,Male,1,0
465,24,6,156007.09,1,191368.37,Germany,Male,1,0
529,43,5,0.0,2,79476.63,Spain,Female,0,0
600,32,1,0.0,1,101986.16,France,Male,1,1
477,36,3,117700.86,1,74042.0,Germany,Female,0,0
754,35,4,0.0,2,9658.41,Spain,Male,1,1
641,42,3,121765.37,2,166516.84,Germany,Male,1,1
715,21,6,76467.16,1,173511.72,France,Male,1,1
457,40,10,134320.23,2,150757.35,France,Male,1,0
581,43,5,93259.57,3,141035.65,Germany,Female,1,0
801,46,6,0.0,2,170008.74,Spain,Female,1,1
615,24,8,108528.07,2,179488.41,Germany,Male,0,0
655,60,3,0.0,2,86981.45,France,Female,1,1
631,22,3,0.0,2,30781.77,France,Female,0,0
597,28,0,142705.95,1,127233.39,France,Female,1,0
660,28,1,118402.25,2,14288.93,Germany,Male,1,0
701,39,9,0.0,2,145894.9,France,Female,0,1
561,45,2,168085.38,2,115719.08,Germany,Female,0,1
653,42,1,0.0,2,5768.32,France,Female,1,1
677,43,3,133214.88,2,95936.84,Spain,Female,1,1
820,34,10,97208.46,1,59553.34,Spain,Male,1,1
367,42,6,93608.28,1,168816.73,Spain,Male,1,0
540,37,0,120825.7,1,28257.89,Spain,Male,1,0
826,55,4,115285.85,1,140126.17,France,Male,1,0
699,37,10,0.0,2,83263.04,France,Male,0,0
599,38,9,89111.63,1,157239.6,Germany,Male,0,0
632,34,2,0.0,2,165385.55,France,Female,0,0
682,35,2,117438.92,2,16910.98,Germany,Female,1,1
850,70,1,96947.58,3,62282.99,Germany,Female,1,0
849,27,0,0.0,2,157891.86,France,Male,0,1
512,37,1,0.0,2,156105.03,France,Female,0,1
787,38,3,158373.23,1,28228.35,Germany,Female,1,1
582,40,9,0.0,3,60954.45,France,Female,1,1
749,42,9,222267.63,1,101108.85,Spain,Male,0,0
586,28,2,0.0,2,92067.35,Spain,Female,1,1
627,27,2,0.0,2,125451.01,France,Female,1,0
767,36,3,139180.2,1,123880.19,France,Male,0,0
604,53,8,144453.75,1,190998.96,France,Male,1,0
675,39,1,0.0,2,153129.22,France,Male,1,0
686,34,9,0.0,2,127569.8,Spain,Male,1,0
670,22,2,114991.45,1,37392.56,France,Male,1,1
657,36,8,0.0,2,123866.43,Spain,Male,0,1
841,33,7,154969.79,2,99505.75,Germany,Female,1,1
757,51,1,0.0,1,22835.13,France,Female,1,1
597,44,8,78128.13,2,109153.04,France,Male,0,1
721,33,4,72535.45,1,103931.49,Spain,Female,1,1
590,40,8,0.0,2,62933.03,France,Male,1,0
549,31,9,135020.21,2,23343.18,Germany,Female,1,1
791,31,1,130240.33,1,96546.55,Germany,Male,0,0
646,43,8,143061.88,1,61937.6,France,Female,1,0
637,28,3,123675.69,1,166458.41,Germany,Male,1,1
624,34,6,0.0,1,582.59,Spain,Female,1,0
778,65,7,0.0,1,77867.23,France,Female,1,1
613,59,8,91415.76,1,27965.0,Germany,Male,0,0
695,45,3,0.0,2,30793.61,France,Male,1,1
640,50,9,117565.03,2,82559.77,France,Female,0,0
674,28,3,0.0,1,51536.99,France,Female,1,0
767,31,6,0.0,2,195668.0,Spain,Male,1,1
686,27,1,115095.88,2,78622.46,Germany,Female,0,0
776,31,2,0.0,2,112349.51,France,Female,1,1
435,36,4,0.0,1,197015.2,France,Male,1,1
597,35,9,0.0,3,73181.39,Spain,Male,0,1
679,43,4,0.0,3,115136.51,France,Female,1,0
628,28,4,0.0,2,176750.81,Spain,Male,1,1
572,36,8,68348.18,2,50400.32,France,Female,0,1
705,25,3,113736.27,1,196864.61,France,Male,0,1
670,35,3,103465.02,2,174627.06,France,Female,1,1
584,39,2,112687.69,1,127749.61,France,Female,1,1
616,30,5,0.0,2,196108.51,Spain,Male,0,1
619,29,5,0.0,2,194310.1,France,Male,1,0
521,25,7,0.0,2,157878.67,France,Male,1,1
726,56,2,105473.74,1,46044.7,Spain,Female,1,1
601,50,2,115625.07,1,185855.21,France,Male,1,0
685,43,1,132667.17,1,41876.98,France,Female,1,1
696,36,7,0.0,2,82298.59,Spain,Female,1,1
678,60,2,0.0,2,43821.56,France,Female,1,1
645,36,4,59893.85,2,43999.64,Spain,Male,1,0
653,31,2,154741.45,2,25183.01,Germany,Male,0,0
696,49,5,97036.22,2,152450.84,Germany,Male,1,0
552,42,4,0.0,2,195692.3,Spain,Male,0,0
616,28,10,105173.99,1,29835.37,Germany,Female,0,1
715,31,3,110581.29,1,94715.24,France,Female,1,1
755,38,9,148912.44,1,80416.16,France,Male,1,0
614,39,6,0.0,2,164018.98,Spain,Female,1,1
719,69,3,0.0,2,58320.06,France,Male,1,1
793,29,8,96674.55,2,192120.66,Spain,Male,0,0
703,41,6,109941.51,1,116267.28,France,Female,1,0
526,66,7,132044.6,2,158365.89,Spain,Male,1,1
498,46,1,91857.66,1,101954.78,France,Male,1,0
696,22,9,149777.0,1,198032.93,France,Male,1,1
605,39,10,105317.73,2,138021.36,Spain,Male,1,0
656,30,4,74323.2,1,22929.08,France,Female,1,1
743,39,8,0.0,1,94263.44,France,Female,1,0
760,38,3,91241.85,1,80682.35,Spain,Male,0,1
768,40,8,0.0,2,69080.46,France,Female,0,1
732,69,9,137453.43,1,110932.24,Spain,Female,0,1
515,58,2,131852.81,1,81436.68,France,Female,1,0
609,32,4,99883.16,1,120594.85,Spain,Male,1,1
774,47,6,94722.88,1,61450.96,France,Female,0,1
579,35,1,0.0,2,4460.2,France,Male,1,0
703,29,3,122084.63,1,82824.08,Germany,Female,0,1
755,29,4,148654.84,2,28805.09,France,Female,1,1
638,26,1,105249.76,2,23491.09,Germany,Female,1,1
741,29,8,0.0,2,115994.52,France,Male,1,1
594,30,10,0.0,2,124071.71,France,Female,1,1
828,37,4,0.0,2,94845.45,France,Male,1,0
620,42,9,121490.05,1,29296.74,Spain,Male,1,1
645,41,7,0.0,1,28667.56,France,Male,0,1
751,29,3,159597.45,1,39934.41,France,Male,1,0
838,34,8,0.0,2,27472.07,France,Female,1,0
542,33,8,142871.27,2,77737.86,Germany,Male,0,0
657,27,8,0.0,2,6468.24,Spain,Female,0,0
705,36,1,111629.29,1,21807.16,Spain,Male,1,1
603,30,6,129548.5,2,19282.85,Spain,Male,1,1
663,42,5,90248.79,1,79169.73,Germany,Male,1,1
557,32,6,184686.41,2,14956.44,France,Female,1,0
583,26,10,72835.56,2,96792.15,Germany,Female,1,0
807,40,1,134590.21,1,46253.65,Germany,Female,1,1
678,40,3,128398.38,1,168658.3,Spain,Female,1,0
423,36,5,97665.61,1,118372.55,France,Female,1,0
587,46,6,88820.29,1,70224.34,France,Female,0,0
510,52,6,191665.21,1,131312.56,France,Female,1,1
703,40,7,0.0,2,122518.5,France,Female,0,1
544,29,1,118560.55,1,164137.36,France,Female,1,1
743,30,1,127023.39,1,138780.89,France,Female,1,1
595,37,2,157084.99,1,134767.13,Spain,Male,1,0
462,24,9,69881.09,2,64421.02,Germany,Female,0,1
659,34,9,134464.58,2,178833.34,Germany,Male,1,0
706,29,1,209490.21,1,133267.69,Spain,Female,1,1
729,32,7,38550.06,1,179230.23,France,Female,0,1
639,39,1,141789.15,1,92455.96,Spain,Female,1,0
752,39,3,0.0,1,188187.05,France,Male,1,0
672,34,6,0.0,1,22736.06,France,Male,0,0
540,37,6,0.0,2,141998.89,France,Male,1,0
694,31,5,0.0,1,35593.18,Spain,Male,1,0
567,39,5,0.0,2,168521.72,France,Male,0,0
482,48,2,69329.47,1,102640.52,Germany,Female,0,0
747,29,7,0.0,2,141706.43,France,Male,1,1
444,36,7,0.0,2,138743.86,France,Male,0,1
801,42,4,141947.67,1,10598.29,Spain,Male,1,1
690,35,9,107944.33,2,48478.47,France,Female,0,0
695,63,1,146202.93,1,126688.83,Spain,Male,1,1
619,38,1,0.0,1,112442.63,Spain,Female,1,0
741,44,7,0.0,2,190534.76,France,Female,1,1
581,38,1,133105.47,1,105732.9,Germany,Male,1,0
630,50,8,0.0,2,79377.45,France,Male,0,1
477,30,6,131286.46,1,194144.45,France,Female,1,0
652,41,8,115144.68,1,188905.43,Spain,Male,1,0
740,36,7,0.0,1,13177.4,France,Male,1,1
721,37,4,98459.6,1,90821.66,Germany,Male,0,0
662,30,9,0.0,2,157884.83,Spain,Female,0,1
637,46,2,143500.82,1,166996.46,Germany,Female,1,0
815,45,7,0.0,1,52885.23,France,Male,0,1
850,38,1,0.0,2,80006.65,France,Male,1,1
498,25,8,121702.73,1,132210.49,Germany,Male,1,1
574,43,3,141349.43,1,100187.43,Germany,Female,1,1
528,22,5,93547.23,2,961.57,Germany,Male,0,1
668,35,6,102482.76,1,53994.64,France,Female,1,1
604,30,5,0.0,2,75786.55,France,Male,1,0
515,65,7,92113.61,1,142548.33,France,Male,1,1
731,31,1,132512.26,1,185466.85,France,Male,1,1
624,38,8,0.0,2,95403.41,Spain,Female,1,0
661,47,0,109493.62,1,188324.01,Germany,Female,0,0
608,34,7,86656.13,1,59890.29,Spain,Male,0,1
699,32,3,0.0,2,170770.44,France,Male,1,1
622,26,8,0.0,2,124964.82,Spain,Female,1,1
644,40,8,93183.19,1,73882.49,France,Male,1,0
644,18,8,0.0,2,59172.42,Spain,Male,1,0
705,41,4,72252.64,2,142514.66,Germany,Male,1,1
584,33,3,88311.48,2,177651.38,Germany,Male,1,1
782,34,6,147422.44,1,42143.61,Spain,Male,0,1
728,37,3,122689.51,2,106977.53,France,Male,0,0
350,39,0,109733.2,2,123602.11,Germany,Male,0,0
735,29,10,0.0,2,95025.27,Spain,Male,1,1
655,27,2,131691.33,1,49480.66,France,Male,1,0
729,34,9,132121.71,1,105409.31,France,Female,0,1
714,35,3,0.0,2,95623.28,France,Male,1,1
699,27,1,0.0,2,93003.21,France,Male,1,0
658,44,6,148481.09,1,130529.13,France,Female,1,0
693,40,4,130661.96,1,101918.96,France,Male,1,1
779,49,9,106160.37,1,116893.87,France,Male,0,0
813,32,1,122889.88,1,26476.18,France,Male,1,1
677,58,9,0.0,1,168650.4,France,Male,0,1
541,36,5,0.0,2,124795.84,France,Male,1,0
573,44,8,0.0,2,62424.46,Spain,Male,0,0
578,35,2,0.0,2,26389.92,France,Female,0,1
556,54,4,150005.38,1,157015.5,France,Female,1,0
610,25,2,0.0,2,123723.83,France,Female,1,0
557,33,3,54503.55,1,371.05,France,Male,1,1
776,29,5,0.0,2,143301.49,France,Female,1,1
548,57,6,76165.65,1,133537.53,France,Male,1,1
679,39,2,146186.28,2,193974.47,Germany,Male,1,1
844,28,4,0.0,2,123318.37,France,Female,0,1
644,33,8,0.0,2,155294.17,France,Male,1,1
552,33,5,140931.57,1,10921.5,France,Male,0,1
501,37,4,0.0,2,12470.3,France,Male,0,0
617,74,10,0.0,2,53949.98,France,Male,1,1
413,35,2,0.0,2,60972.84,Spain,Male,1,1
682,50,10,128039.01,1,102260.16,Spain,Female,1,1
814,72,2,0.0,2,130853.03,Spain,Female,0,1
662,38,0,105271.56,1,179833.45,France,Male,0,1
849,41,10,84622.13,1,198072.16,Germany,Male,1,1
832,29,8,93833.86,1,10417.87,Spain,Male,0,1
649,37,9,87374.88,2,247.36,France,Male,1,1
775,38,4,125212.65,2,15795.88,Germany,Female,1,1
507,33,1,113452.66,1,142911.99,France,Female,0,0
620,43,2,0.0,2,20670.1,Spain,Female,1,0
802,33,8,0.0,2,143706.18,France,Male,1,0
585,42,2,0.0,2,18657.77,France,Male,1,1
618,41,4,115251.64,1,136435.75,Spain,Male,0,0
724,54,8,172192.49,1,136902.01,Germany,Male,1,1
751,28,10,132932.14,2,46630.47,Germany,Female,1,1
637,30,6,122641.56,2,65618.01,Germany,Male,1,0
721,69,2,108424.19,1,178418.35,France,Male,1,1
756,42,9,0.0,2,35673.42,France,Female,1,0
656,41,2,0.0,2,158973.77,France,Male,1,0
587,36,1,134997.49,2,44688.08,France,Female,1,0
793,32,2,0.0,2,193817.63,France,Male,1,0
592,36,1,126477.42,1,179718.17,France,Male,0,0
632,36,7,0.0,2,52526.65,France,Female,1,1
620,41,0,97925.11,1,85000.32,France,Male,1,0
678,22,4,174852.89,1,28149.06,France,Female,1,1
479,47,1,0.0,1,95270.83,France,Male,1,0
767,48,9,0.0,2,175458.21,France,Male,0,1
682,48,9,101198.01,1,49732.9,Spain,Female,1,1
666,43,5,0.0,2,29346.1,Spain,Male,1,0
538,43,5,0.0,2,126933.73,Spain,Male,1,0
576,52,9,170228.59,2,148477.57,France,Female,0,0
712,37,7,93978.96,2,60651.77,Germany,Male,1,0
555,33,1,56084.69,2,178798.13,Spain,Male,0,0
738,26,3,0.0,2,67484.16,France,Female,1,0
651,34,10,148962.46,1,66389.43,Germany,Female,1,0
841,31,2,0.0,2,173240.52,France,Male,1,0
695,27,6,125552.96,1,105291.26,Germany,Male,1,0
781,23,2,107433.48,1,173843.21,France,Male,1,0
786,33,0,122325.58,1,34712.34,Germany,Female,0,0
519,57,2,119035.35,2,29871.79,Spain,Female,1,1
688,37,7,138162.41,2,113926.31,Spain,Male,1,1
599,31,3,0.0,1,130086.47,Spain,Female,1,1
621,35,7,87619.29,1,143.34,France,Male,1,0
661,35,2,117212.18,1,83052.03,Germany,Male,1,1
598,32,4,111156.52,1,167376.26,France,Female,1,1
530,23,1,137060.88,2,165227.23,Germany,Male,1,1
661,35,9,100107.99,1,83949.68,France,Male,1,0
596,33,8,0.0,1,121189.3,France,Male,1,0
573,23,2,0.0,1,122964.18,France,Female,1,0
675,40,8,79035.95,1,142783.98,Spain,Female,1,0
745,47,5,0.0,2,145789.71,France,Male,0,0
687,38,4,117633.28,1,88396.6,Germany,Male,0,1
570,36,3,0.0,2,92118.75,France,Female,1,0
671,31,6,105864.6,2,145567.34,Germany,Female,1,0
567,26,2,0.0,2,78651.55,France,Female,1,1
731,37,3,116880.53,1,172718.35,Germany,Male,0,0
778,34,5,139064.06,2,67949.32,France,Male,0,0
850,38,5,146756.68,1,78268.61,Germany,Male,1,0
673,41,9,98612.1,1,151349.35,Germany,Female,1,0
594,31,0,79340.95,1,78255.86,France,Female,1,0
540,67,1,88382.01,1,59457.0,Spain,Male,0,1
559,40,5,139129.44,1,32635.54,Spain,Female,0,1
664,36,6,71142.77,2,122433.09,Germany,Male,1,0
753,35,4,0.0,2,106303.4,France,Male,1,1
682,33,8,74963.5,1,32770.56,France,Female,1,1
584,31,5,0.0,2,31474.27,France,Male,1,0
699,40,2,0.0,1,78387.32,Spain,Male,1,0
500,40,1,99004.24,1,152845.99,Spain,Male,1,1
590,32,9,0.0,2,138889.15,France,Male,1,0
350,51,10,0.0,1,125823.79,France,Male,1,1
773,45,8,96877.21,1,113950.51,France,Male,1,1
594,36,6,153880.15,1,135431.72,France,Male,0,0
659,39,1,104502.11,1,20652.69,Germany,Female,1,0
754,27,7,0.0,2,144134.64,France,Female,1,0
604,39,7,98544.11,1,52327.57,Spain,Female,1,1
557,27,2,0.0,2,4497.55,France,Female,0,1
677,40,7,95312.8,1,62944.75,Spain,Male,1,1
816,31,8,0.0,2,28407.4,France,Male,1,1
710,36,4,116085.06,1,58601.61,France,Female,1,0
653,58,1,132602.88,1,5097.67,Germany,Male,1,0
474,34,9,176311.36,1,160213.27,Germany,Female,1,0
641,32,7,0.0,2,24267.28,Spain,Male,1,1
609,61,1,0.0,1,22447.85,Spain,Male,1,0
640,31,9,138857.59,1,48640.77,France,Female,1,0
645,25,0,174400.36,1,42669.37,France,Male,1,0
475,45,0,134264.04,1,27822.99,France,Female,1,0
731,38,10,123711.73,2,171340.68,France,Female,1,0
675,29,8,121326.42,1,133457.52,Germany,Female,1,0
790,47,10,148636.21,1,16119.96,France,Female,0,1
594,57,6,0.0,1,19376.56,France,Male,1,0
813,34,0,0.0,2,43169.15,France,Male,1,0
833,59,1,130854.59,1,30722.52,Germany,Male,1,1
538,42,4,80380.24,1,119216.46,Germany,Female,1,0
678,27,2,0.0,2,13221.25,Spain,Male,1,1
747,41,5,0.0,2,22750.17,France,Male,1,1
550,37,3,0.0,1,179670.31,France,Male,1,1
527,41,10,136733.24,1,57589.29,Germany,Female,1,1
592,38,8,0.0,2,180426.2,Spain,Male,1,0
708,47,0,126589.12,2,132730.07,France,Female,0,1
609,77,1,0.0,1,18708.76,France,Male,0,1
716,31,8,109578.04,2,51503.51,France,Male,1,1
663,39,4,0.0,1,76884.05,France,Male,1,0
585,44,4,0.0,2,101728.46,Spain,Female,0,1
714,36,1,101609.01,2,447.73,Germany,Female,1,1
638,35,1,0.0,2,165370.66,Spain,Male,1,0
615,45,5,0.0,2,164886.64,France,Male,1,1
494,67,5,0.0,2,85890.16,Spain,Male,1,1
822,46,3,115074.02,2,26249.86,Germany,Female,1,0
528,27,7,176227.07,2,139481.53,France,Female,0,1
582,25,9,148042.97,2,52341.15,Spain,Male,1,0
514,45,3,109032.23,1,155407.21,Germany,Female,0,1
736,24,0,0.0,2,109355.73,France,Female,1,0
616,57,7,116936.81,1,104379.36,Germany,Female,1,1
705,35,4,136496.12,2,116672.02,Germany,Male,1,0
690,26,5,157624.84,1,49599.27,France,Female,1,1
678,48,2,101099.9,2,193476.04,Germany,Male,0,1
556,40,8,0.0,2,62112.7,France,Female,1,0
665,45,5,155447.65,2,51871.95,Germany,Female,1,0
622,32,5,179305.09,1,149043.78,France,Male,1,1
577,26,1,180530.51,1,123454.62,France,Female,0,0
627,38,8,106922.92,2,84270.09,Germany,Male,0,1
666,43,7,137780.74,2,119100.05,France,Male,1,1
618,42,8,153572.31,2,76679.6,Germany,Male,1,1
746,30,1,112666.67,1,11710.4,Spain,Male,0,0
545,23,2,0.0,2,189613.12,France,Male,1,0
535,31,7,111855.04,2,36278.89,France,Female,1,1
712,31,7,0.0,2,170333.38,France,Female,1,0
563,61,1,82182.1,1,106826.92,Spain,Male,1,0
711,29,3,130181.47,2,31811.44,France,Female,1,0
703,20,3,165260.98,1,41626.78,Spain,Male,1,1
713,38,6,116980.78,2,76038.38,Spain,Male,0,1
819,49,1,120656.86,4,166164.3,Germany,Female,0,0
736,26,0,84587.9,1,188037.76,Germany,Female,0,1
571,42,4,108825.34,3,55558.51,France,Female,1,0
584,36,4,109646.83,1,70240.79,Germany,Female,1,1
646,38,2,0.0,2,178752.73,France,Female,0,0
762,28,2,0.0,2,167909.52,France,Male,1,0
749,24,1,0.0,3,47911.03,France,Male,1,1
802,41,6,0.0,2,47322.05,Spain,Male,1,0
548,37,4,0.0,1,121763.68,Spain,Male,1,0
678,26,3,0.0,2,4989.33,France,Male,1,0
720,34,3,118307.57,2,136120.29,France,Female,1,1
603,24,3,0.0,1,198826.03,France,Female,1,1
682,50,6,121818.84,2,124151.37,France,Male,0,1
592,41,0,0.0,2,65906.07,Spain,Male,1,0
492,35,8,121063.49,1,85421.48,France,Male,0,0
694,38,1,0.0,2,156858.2,France,Male,0,1
556,38,2,114756.14,1,193214.05,France,Male,1,0
692,69,10,154953.94,1,70849.47,France,Male,1,1
686,60,9,0.0,3,75246.21,France,Male,1,1
760,28,1,141038.57,2,16287.38,Spain,Male,0,0
664,57,6,0.0,2,15304.08,France,Male,1,1
770,33,4,0.0,1,26080.54,France,Female,1,0
687,29,4,78939.15,1,122134.56,Germany,Female,1,0
648,43,7,139972.18,1,143668.58,France,Female,1,0
521,61,0,125193.96,1,109356.53,Germany,Female,1,1
523,24,5,172231.93,1,155144.12,Spain,Female,0,1
606,34,5,0.0,1,161971.42,France,Male,1,0
850,33,3,0.0,2,11159.19,France,Female,1,1
751,36,6,169831.46,2,27758.36,Germany,Female,1,1
658,29,8,0.0,2,130461.09,France,Female,0,1
680,33,2,108393.35,1,39057.67,France,Male,0,1
715,32,8,175307.32,1,187051.23,France,Male,1,0
650,25,3,86605.5,3,16649.31,Spain,Female,1,0
503,25,7,0.0,1,192841.13,Spain,Male,0,1
749,32,7,79523.13,1,157648.12,Germany,Female,0,1
775,31,9,0.0,2,169278.51,France,Male,1,0
850,36,5,119984.07,1,191535.11,Germany,Male,1,0
657,37,0,163607.18,1,44203.55,Spain,Female,0,1
652,37,4,92208.54,1,197699.8,France,Female,0,1
607,62,8,108004.64,1,23386.77,Spain,Female,1,1
612,52,5,144772.69,1,98302.57,Spain,Female,0,0
714,26,3,119545.48,2,65482.94,Germany,Male,1,0
708,34,4,0.0,1,62868.33,France,Female,1,1
727,28,5,0.0,2,19653.08,France,Male,0,1
723,49,0,153855.52,1,180862.26,Germany,Female,1,1
668,28,4,107141.27,1,193018.71,France,Male,1,0
444,40,5,84350.07,1,143835.76,France,Female,1,0
615,61,9,0.0,2,150227.85,Spain,Male,1,0
672,33,2,0.0,2,182738.0,Spain,Male,1,1
673,31,1,108345.22,1,38802.03,France,Male,0,1
716,18,3,128743.8,1,197322.13,Germany,Female,0,0
750,37,2,113817.06,1,88333.74,Spain,Female,0,0
684,40,2,70291.02,1,115468.84,Spain,Male,1,1
743,25,6,0.0,2,129740.11,Spain,Male,1,0
740,51,4,0.0,2,178929.84,France,Female,1,1
633,34,3,123034.43,2,38315.04,France,Female,1,1
532,60,5,76705.87,2,13889.73,France,Male,0,1
711,42,3,177626.77,3,16392.72,Spain,Male,0,1
672,43,5,0.0,2,64515.5,Spain,Male,1,1
710,33,10,118327.17,2,192928.82,France,Male,1,1
700,35,4,95853.39,2,192933.37,Germany,Male,1,0
497,55,7,131778.66,1,9972.64,Germany,Female,1,1
620,25,1,137712.01,1,76197.05,Germany,Female,1,1
641,35,2,103711.56,1,192464.21,Germany,Male,0,1
754,39,6,170184.99,2,89593.26,Spain,Male,1,0
850,33,7,118004.26,1,183983.82,France,Female,1,0
622,37,4,0.0,2,4459.5,Spain,Male,1,0
661,35,5,150725.53,2,113656.85,Germany,Female,0,1
561,37,4,101470.29,1,88838.14,Spain,Male,0,1
633,25,1,0.0,1,100598.98,France,Male,1,0
744,41,7,190409.34,2,138361.48,Germany,Male,1,1
716,38,1,0.0,2,99661.46,France,Female,1,1
512,36,1,0.0,1,135482.26,Spain,Male,0,1
550,42,10,128707.31,1,63092.65,Germany,Female,1,0
506,41,3,57745.76,1,4035.46,Germany,Female,1,0
719,40,9,0.0,2,182224.14,Spain,Female,1,0
696,33,4,0.0,2,73371.65,France,Female,1,1
600,27,3,0.0,2,125698.97,France,Female,0,1
583,47,5,102562.23,1,92708.1,Spain,Male,1,0
592,27,3,0.0,2,19645.65,France,Male,1,1
628,55,7,0.0,3,85890.75,Spain,Female,1,0
649,56,8,156974.26,1,89405.26,France,Female,1,0
608,42,10,163548.07,1,38866.85,France,Male,1,0
628,32,9,149136.31,2,16402.11,France,Male,1,1
752,37,5,113291.05,2,132467.54,Germany,Female,1,1
698,51,6,144237.91,4,157143.61,France,Female,1,0
667,39,7,167557.12,1,41183.02,Spain,Male,1,1
562,35,3,142296.13,1,177112.7,Germany,Male,0,1
751,54,9,156367.6,2,116179.92,Germany,Male,0,1
592,31,7,124593.23,1,86079.67,Germany,Male,1,0
657,31,3,125167.02,1,98820.39,Spain,Male,0,0
539,40,7,81132.21,1,167289.82,France,Female,1,0
590,34,0,65812.35,2,160346.3,Spain,Male,0,1
624,42,3,145155.37,1,72169.95,France,Male,1,0
622,29,7,101486.96,1,8788.35,France,Male,1,1
606,47,3,93578.68,2,137720.56,France,Male,0,1
657,28,7,0.0,2,5177.62,France,Female,0,1
520,34,3,0.0,2,104703.96,France,Male,1,1
841,34,4,0.0,2,141582.66,France,Male,1,0
640,33,1,167298.42,1,145381.65,France,Female,0,1
559,52,2,0.0,1,129013.59,France,Male,1,0
760,43,6,175735.5,1,157337.29,Spain,Male,1,1
781,38,3,128345.69,2,63218.85,France,Female,1,0
548,36,3,0.0,1,65996.9,France,Female,1,0
539,37,1,130922.81,2,2186.83,Spain,Female,0,0
783,38,1,0.0,3,80178.54,Spain,Male,1,1
709,36,7,0.0,1,42085.58,France,Female,0,1
562,35,0,0.0,2,119899.52,Spain,Female,1,0
540,22,4,0.0,3,186233.26,France,Male,1,1
512,40,5,0.0,2,146457.83,France,Male,1,1
583,54,6,115988.86,1,57553.98,Germany,Female,1,0
699,35,2,167455.66,2,55324.49,Spain,Male,1,1
747,38,2,129728.6,1,89289.54,Germany,Male,1,0
678,39,6,0.0,1,185366.56,Spain,Female,0,1
600,53,7,106261.63,1,93629.66,Germany,Male,1,0
600,29,6,74430.1,2,96051.1,Germany,Female,1,1
457,38,6,0.0,2,173219.09,Spain,Female,1,0
733,24,3,161884.99,1,9617.24,France,Female,1,1
715,23,7,139224.92,2,65057.71,France,Male,1,0
645,45,6,155417.61,1,3449.22,France,Male,0,1
705,33,5,116765.7,1,190659.17,Germany,Female,0,0
850,33,3,100476.46,2,136539.13,Spain,Male,1,1
609,41,6,0.0,1,112585.19,France,Male,0,1
688,29,1,0.0,2,154695.57,France,Male,1,0
578,34,4,175111.11,1,74858.3,France,Male,1,1
612,32,3,121394.42,1,164081.42,France,Male,1,0
597,42,4,64740.12,1,106841.12,France,Female,1,1
676,37,10,106242.67,1,166678.28,France,Male,1,1
492,30,10,77168.87,2,146700.22,Germany,Female,0,1
781,48,9,82794.18,1,124720.68,Germany,Female,1,0
644,39,9,0.0,1,3740.93,France,Female,1,0
609,32,7,71872.19,1,151924.9,France,Male,1,1
607,36,4,98266.3,1,46416.36,Spain,Female,1,1
733,30,0,83319.28,1,57769.2,Spain,Female,0,0
612,33,0,64900.32,2,102426.12,France,Female,1,0
600,49,7,90218.9,1,91347.76,France,Male,1,0
698,51,2,111018.98,1,86410.28,Germany,Female,1,0
567,36,1,0.0,2,8555.73,France,Male,0,0
637,37,8,0.0,1,186062.36,Spain,Male,1,1
488,28,7,139246.22,2,106799.49,Germany,Female,1,0
721,54,5,0.0,2,4493.12,France,Male,1,1
430,36,1,138992.48,2,122373.42,Germany,Male,0,0
691,44,6,134066.1,2,197572.41,France,Female,1,1
740,33,2,126524.11,1,136869.31,Germany,Male,1,0
692,36,4,0.0,1,185580.89,France,Female,1,0
633,27,3,0.0,2,44008.91,Spain,Male,1,0
715,37,9,165252.52,1,85286.3,France,Male,1,0
543,37,3,122304.65,2,33998.7,Germany,Female,0,0
747,36,8,102603.3,2,180693.61,Germany,Male,1,1
535,48,5,134542.73,1,58203.67,Germany,Male,1,1
583,39,1,129299.28,2,73107.6,France,Male,1,0
786,62,8,0.0,1,165702.64,France,Female,1,1
489,28,1,79460.98,2,167973.63,Germany,Male,1,1
508,41,5,0.0,2,94170.84,France,Female,1,1
611,58,8,0.0,2,107665.68,France,Male,0,1
711,29,9,0.0,2,3234.8,France,Female,0,1
659,36,4,132578.92,2,84320.94,Germany,Male,1,0
622,46,4,107073.27,2,30984.59,Spain,Female,1,1
845,41,2,81733.74,2,199761.29,Germany,Female,0,0
739,27,6,0.0,1,57572.38,France,Female,1,1
647,29,0,98263.46,2,164717.95,France,Female,1,0
440,42,2,0.0,2,49826.68,France,Male,1,0
722,37,0,125977.81,1,160162.42,Germany,Female,0,0
556,47,2,139914.27,1,50390.98,France,Female,1,1
679,42,1,0.0,2,71823.15,France,Male,0,0
713,38,9,72286.84,2,26136.89,France,Male,1,1
706,67,1,123276.69,2,86507.88,Germany,Male,1,1
850,40,9,0.0,2,119232.33,France,Male,0,1
590,38,9,0.0,2,148750.16,Spain,Female,1,1
727,41,10,0.0,2,47468.56,Spain,Female,0,1
698,33,5,135658.73,2,39755.0,France,Male,0,1
484,40,7,106901.42,2,118045.98,Germany,Male,0,0
720,37,2,120328.88,2,138470.21,France,Female,1,1
681,18,1,98894.39,1,9596.4,France,Female,1,1
611,43,9,127216.31,2,17913.25,Germany,Female,0,1
732,50,6,145338.76,1,91936.1,Germany,Male,0,0
736,32,7,0.0,1,79082.62,Spain,Male,0,1
581,29,8,0.0,2,46735.19,Spain,Female,1,0
557,39,8,146200.01,1,177944.64,France,Male,1,0
758,30,3,141581.08,1,156249.06,France,Female,1,0
537,26,7,106397.75,1,103563.23,France,Male,0,0
616,37,6,0.0,2,86242.18,France,Female,1,0
581,31,6,0.0,2,188377.21,Spain,Female,1,0
518,35,8,141665.63,1,192776.64,Germany,Female,0,1
727,31,2,52192.08,2,160383.47,France,Female,0,1
477,48,8,129250.0,2,157937.35,Germany,Male,1,1
446,32,8,0.0,2,133292.94,France,Male,0,0
721,35,6,118273.83,1,3086.89,France,Female,0,1
520,31,4,93249.4,1,77335.75,France,Male,1,0
592,40,2,200322.45,1,113244.73,Spain,Female,1,1
358,52,8,143542.36,3,141959.11,Spain,Female,1,0
718,48,9,0.0,2,72105.63,France,Male,1,1
628,43,3,184926.61,1,122937.57,Spain,Male,1,0
769,27,7,188614.07,1,171344.09,Germany,Male,1,0
677,44,4,148770.61,2,191057.76,Germany,Female,1,1
479,37,6,118433.94,1,160060.9,Spain,Male,0,1
658,31,7,123974.96,1,102153.75,France,Female,1,0
487,33,8,145729.71,1,41365.85,Spain,Male,1,0
445,25,6,0.0,2,119425.94,France,Male,1,0
628,38,10,113525.84,1,46044.48,Germany,Male,1,0
615,35,7,0.0,2,150784.29,France,Male,1,0
654,40,6,0.0,1,183872.88,France,Male,0,0
762,34,4,88815.56,2,68562.26,Germany,Male,1,0
637,36,10,145750.45,2,96660.76,Germany,Female,1,1
575,36,1,0.0,1,94570.56,France,Male,0,1
802,38,7,0.0,2,57764.65,Spain,Male,0,1
632,28,7,155519.59,1,1843.24,Spain,Male,1,0
801,58,1,79954.61,2,30484.19,Spain,Male,1,1
799,22,8,174185.98,2,192633.85,France,Female,0,1
425,40,9,166776.6,2,172646.88,Germany,Male,0,1
582,39,1,132077.48,2,192255.15,France,Female,1,0
850,39,6,96863.13,1,121681.19,France,Male,1,1
602,37,3,107592.89,2,153122.73,Spain,Male,0,1
701,43,2,160416.56,1,37266.43,France,Female,0,1
625,31,5,0.0,2,90.07,France,Male,0,1
757,49,2,0.0,2,164482.92,France,Female,0,0
712,32,1,0.0,2,1703.58,France,Female,1,0
653,36,3,0.0,2,110525.6,Spain,Female,0,0
632,65,6,129472.33,1,85179.48,Germany,Male,1,1
654,31,5,150593.59,2,105218.45,Germany,Male,1,1
660,52,4,86891.84,1,90877.76,Germany,Female,1,0
705,25,9,0.0,2,112331.19,France,Male,0,1
541,46,4,124547.13,2,94499.06,France,Male,1,0
636,48,3,120568.41,1,190160.04,Germany,Female,1,0
667,35,4,97585.32,2,57213.46,Spain,Male,0,0
790,37,3,0.0,3,98897.32,Spain,Female,0,0
630,43,9,0.0,2,34338.04,France,Male,1,1
683,42,4,148283.94,1,44692.63,France,Female,1,1
689,45,0,130170.82,2,150856.38,Germany,Male,1,0
620,40,5,108197.11,2,49722.34,Germany,Male,1,0
671,31,7,41299.03,1,102681.32,France,Female,0,1
687,31,3,0.0,2,48228.1,Spain,Male,0,0
681,47,9,97023.21,1,2168.13,France,Male,1,1
641,37,2,0.0,2,3939.87,France,Female,1,0
668,37,7,128645.67,1,92149.64,France,Female,1,0
769,38,6,0.0,2,104393.78,Spain,Male,0,0
653,38,8,102133.38,1,166520.96,France,Female,1,1
829,50,7,0.0,2,178458.86,Spain,Male,0,1
544,47,5,105245.21,1,99922.08,Germany,Male,0,0
612,46,9,161450.03,1,96961.0,Germany,Male,1,1
411,35,2,0.0,2,93825.78,France,Female,1,1
665,40,1,173432.55,1,116766.79,Spain,Female,0,1
652,50,8,125437.64,1,17160.94,Germany,Male,1,1
658,36,1,0.0,2,84927.42,Spain,Male,0,1
579,33,1,65667.79,2,164608.98,France,Female,0,0
501,34,7,93244.42,1,199805.63,Germany,Female,0,1
652,58,6,0.0,2,170025.43,Spain,Male,0,1
759,31,4,98899.91,1,47832.82,Germany,Male,1,1
641,42,7,125437.14,2,164128.58,France,Female,0,0
439,52,3,96196.24,4,198874.52,Spain,Male,1,0
723,52,5,131694.97,1,92873.5,Germany,Male,0,1
745,46,7,0.0,2,67769.94,France,Female,1,1
649,78,4,68345.86,2,142566.75,Germany,Male,1,1
676,64,4,116954.32,1,91149.48,Spain,Female,1,1
584,32,8,40172.91,1,137439.34,Germany,Male,1,1
565,38,7,145400.69,2,83844.79,Germany,Female,1,1
771,23,7,156123.73,1,72990.62,France,Female,1,0
697,35,5,133087.76,1,64771.61,France,Male,1,0
464,42,3,85679.25,1,164104.74,Germany,Female,1,1
461,40,7,0.0,2,176547.8,France,Female,1,0
680,24,10,0.0,3,154971.63,France,Female,1,0
593,31,8,112713.34,1,176868.89,Spain,Male,1,1
621,34,2,91258.52,2,44857.4,Germany,Female,1,0
767,77,8,149083.7,1,190146.83,Spain,Male,1,1
828,25,7,144351.86,1,116613.26,Germany,Female,1,0
720,29,7,106230.92,1,69903.93,Germany,Female,1,1
628,31,5,0.0,1,147963.07,France,Female,0,0
628,30,8,89182.09,1,13126.9,France,Male,1,1
605,35,6,0.0,2,45206.57,France,Male,1,1
524,29,3,159035.45,1,2705.31,Spain,Male,1,0
807,33,10,101952.97,2,178153.65,France,Male,1,0
601,40,3,92055.36,1,164652.02,France,Female,0,1
756,44,10,137452.09,1,189543.9,Germany,Male,1,0
629,43,0,0.0,2,41263.69,France,Female,1,1
723,68,3,110357.0,1,141977.54,Germany,Female,0,0
571,49,4,180614.04,1,523.0,France,Male,0,0
616,71,4,0.0,2,173599.38,Spain,Male,1,1
698,44,10,116363.37,2,198059.16,Germany,Male,1,0
508,49,7,122451.46,2,75808.1,France,Male,1,1
642,35,4,125476.31,1,91775.51,France,Male,1,1
547,39,6,74596.15,3,85746.52,Germany,Female,1,1
794,62,9,123681.32,3,173586.63,France,Female,1,0
535,29,5,0.0,2,52709.55,France,Female,0,1
580,76,2,130334.84,2,51672.08,Germany,Male,1,1
685,44,2,119657.53,1,145387.05,Germany,Female,1,0
758,41,10,79857.64,1,78088.17,Germany,Male,1,1
710,24,2,110407.44,2,15832.43,Germany,Female,0,0
678,54,1,123699.28,2,105221.76,Germany,Female,0,1
608,33,9,89968.69,1,68777.26,France,Male,1,0
524,29,7,0.0,2,105448.74,France,Male,1,1
781,19,3,0.0,2,124297.32,France,Female,1,1
470,30,3,101140.76,1,50906.65,France,Male,1,1
729,46,5,117837.43,1,104016.61,Germany,Male,1,0
723,20,4,0.0,2,140385.33,France,Female,1,1
690,33,5,0.0,2,138017.68,France,Male,1,0
479,33,2,208165.53,1,50774.81,France,Female,0,0
642,36,2,124495.98,3,57904.22,Germany,Female,1,1
551,31,9,82293.82,2,91565.25,Germany,Male,1,1
732,36,7,0.0,2,60830.24,France,Male,1,1
603,45,9,0.0,1,148516.79,France,Male,0,0
550,47,2,0.0,2,97057.28,France,Male,1,1
687,72,4,0.0,2,50267.69,Spain,Female,1,1
697,62,7,0.0,1,129188.18,Spain,Male,1,0
748,58,9,122330.7,2,124429.19,Spain,Male,0,1
731,26,3,0.0,2,37697.29,Spain,Female,1,0
727,47,7,0.0,2,193305.35,France,Male,1,0
685,50,6,94238.75,2,50664.07,France,Female,1,1
773,33,10,0.0,1,98820.09,Spain,Female,1,1
831,44,3,111100.98,1,28144.07,Germany,Male,1,1
770,31,3,155047.56,2,186064.34,France,Male,1,1
684,26,5,87098.91,1,106095.82,France,Female,0,0
583,31,4,158978.79,1,12538.92,France,Female,1,0
517,62,1,43772.66,3,187756.24,France,Male,1,0
535,20,9,134874.4,1,118825.56,Germany,Male,1,1
658,38,6,102895.1,1,155665.76,France,Female,0,0
689,28,2,64808.32,2,78591.15,Germany,Female,0,0
713,42,0,109121.71,1,167873.49,Spain,Male,0,1
602,35,7,90602.42,2,51695.41,Germany,Male,1,1
553,31,4,0.0,2,89087.4,France,Female,1,1
655,44,6,146498.76,1,64853.51,Germany,Female,1,0
710,36,8,0.0,2,83206.19,Spain,Female,0,0
542,67,10,129431.36,1,21343.74,France,Male,0,1
621,27,1,74298.43,1,52581.96,Germany,Male,1,1
577,37,2,127261.35,1,56185.05,France,Male,1,0
627,37,7,147361.57,1,133031.96,Germany,Female,1,1
643,62,9,0.0,2,155870.82,France,Male,0,0
611,36,10,103294.56,1,160548.12,Germany,Female,1,0
614,38,4,72594.0,1,76042.48,France,Female,1,1
699,40,8,122038.34,1,102085.35,France,Female,1,0
770,70,9,110738.89,1,22666.77,France,Female,1,0
561,37,5,0.0,2,83093.25,France,Male,1,0
437,39,0,102721.49,1,22191.82,France,Female,0,0
705,33,7,68423.89,1,64872.55,Spain,Male,1,1
521,35,6,96423.84,1,10488.44,France,Male,1,0
498,31,10,0.0,2,13892.57,France,Female,1,0
850,40,5,0.0,2,35034.15,France,Female,1,0
690,29,5,0.0,2,108577.97,France,Male,1,0
593,38,5,142658.04,2,135337.11,Germany,Female,0,1
775,51,2,123783.25,1,134901.57,Germany,Male,1,1
556,30,7,0.0,2,186648.19,France,Female,1,1
777,36,7,0.0,1,106472.34,France,Male,1,0
774,32,4,0.0,2,114899.13,France,Female,0,0
619,46,8,62400.48,1,132498.39,Spain,Male,1,1
745,21,4,137910.45,1,177235.23,France,Male,1,1
669,22,10,0.0,2,176163.74,Spain,Male,1,0
646,30,5,0.0,2,13935.32,France,Female,1,0
512,41,7,122403.24,1,37439.9,Germany,Male,0,1
585,28,6,105795.9,1,41219.09,France,Female,1,1
598,20,8,180293.84,2,29552.7,Germany,Male,1,1
748,60,0,152335.7,1,126743.33,France,Male,1,0
631,35,9,112392.45,2,24472.23,France,Male,1,0
738,40,6,114940.67,2,194895.57,Germany,Female,1,1
519,39,1,97700.02,1,30709.03,France,Male,1,1
779,34,5,0.0,2,111676.63,Spain,Female,0,1
690,36,6,110480.48,1,81292.33,France,Female,0,0
778,33,5,116474.28,2,32757.55,Spain,Male,1,1
513,88,10,0.0,2,52952.24,Spain,Male,1,1
784,35,3,0.0,2,81483.64,Spain,Male,0,0
648,44,9,111369.79,2,91947.74,Germany,Male,1,1
601,33,7,114430.18,2,153012.13,Germany,Female,1,1
843,27,5,0.0,2,67494.23,France,Female,1,1
564,35,4,0.0,1,158937.55,France,Male,1,0
564,35,9,0.0,2,105837.38,Spain,Female,1,1
479,35,9,92833.89,1,99449.86,Germany,Male,1,0
557,36,1,113110.26,1,98413.1,Spain,Male,1,0
789,31,4,175477.15,1,172832.9,France,Male,1,1
699,59,3,106819.65,1,163570.25,Germany,Male,0,1
731,39,2,0.0,2,136737.13,Spain,Female,1,0
685,20,4,104719.94,2,38691.34,France,Male,1,0
607,38,3,98205.77,1,176318.27,Germany,Male,1,0
626,37,2,133968.96,2,148689.65,France,Female,1,0
590,22,7,125265.61,1,161253.08,Spain,Male,1,1
534,35,4,0.0,2,9541.15,Spain,Male,0,0
850,40,1,76914.21,1,174183.44,France,Male,1,0
690,40,9,77641.99,1,189051.59,France,Female,0,0
477,27,1,128554.98,1,133173.19,France,Male,1,1
840,30,8,136291.71,1,54113.38,France,Male,1,0
767,44,2,152509.25,1,136915.15,France,Female,1,1
574,52,7,115532.52,1,196257.67,Spain,Male,1,0
850,36,0,136980.23,2,99019.65,Germany,Female,1,1
805,26,8,42712.87,2,28861.69,Germany,Female,1,1
602,48,7,76595.08,2,127095.14,Germany,Female,0,0
595,31,4,0.0,2,189995.86,France,Male,1,0
432,38,2,135559.8,2,71856.3,Germany,Male,1,1
646,30,5,98014.74,1,12757.14,France,Male,1,1
808,47,8,139196.0,1,74028.36,Spain,Male,0,1
673,39,7,82255.51,2,109545.56,France,Male,1,0
670,41,10,0.0,3,81602.02,France,Female,1,0
680,49,10,0.0,2,187008.45,France,Male,1,0
688,54,9,0.0,1,191212.63,France,Female,1,0
595,43,5,0.0,2,105149.8,Spain,Female,0,0
724,29,6,0.0,2,64729.51,France,Female,0,1
550,49,0,108806.96,3,61446.92,Germany,Male,1,0
564,40,4,0.0,1,85455.62,France,Male,1,0
496,29,2,0.0,2,55389.59,Spain,Male,1,0
611,30,2,104145.65,1,159629.64,France,Male,0,0
629,34,1,121151.05,1,119357.93,Spain,Male,0,0
699,31,6,114493.68,1,138396.32,Spain,Male,0,0
666,30,7,109805.3,1,163625.56,France,Male,0,1
523,45,5,0.0,2,121428.2,France,Male,1,1
669,50,9,201009.64,1,158032.5,France,Male,1,0
654,54,5,0.0,2,47139.06,Spain,Female,0,1
822,37,3,105563.0,1,182624.93,France,Male,1,0
513,31,5,174853.46,1,84238.63,Spain,Female,1,0
651,28,7,0.0,2,823.96,France,Male,1,0
750,32,5,0.0,2,95611.47,France,Female,1,0
693,57,9,0.0,2,135502.77,Spain,Female,1,1
630,34,9,106937.05,2,138275.01,Germany,Female,1,0
716,50,2,119655.77,1,12944.17,Germany,Male,1,1
620,21,9,0.0,2,154882.79,Spain,Male,0,0
745,25,5,157993.15,2,146041.45,France,Male,1,0
678,49,2,116933.11,1,195053.58,Germany,Male,1,0
785,36,2,99806.85,1,36976.52,Germany,Female,0,1
547,32,2,0.0,2,132002.83,France,Female,1,0
700,28,8,159900.38,1,22698.56,Spain,Male,0,0
646,29,4,105957.44,1,15470.91,Germany,Female,1,0
696,41,8,0.0,2,28276.83,France,Female,0,0
517,39,3,0.0,2,12465.51,Spain,Male,0,1
654,29,7,0.0,2,149184.15,France,Male,1,1
743,36,4,0.0,2,190911.02,France,Male,1,1
709,34,4,148375.19,2,21521.38,Germany,Male,1,1
681,43,3,66338.68,1,18772.5,France,Male,1,1
686,43,0,0.0,1,170072.9,France,Female,1,1
684,32,9,100249.41,2,67599.69,France,Male,0,1
710,34,8,147833.3,2,1561.58,Germany,Male,0,1
499,42,0,147187.84,1,14868.94,Spain,Female,1,1
641,50,6,153590.73,2,130910.78,France,Male,1,1
619,42,8,132796.04,3,191821.35,Germany,Female,1,1
550,38,9,140278.99,3,171457.06,France,Male,1,1
509,29,0,107712.57,2,92898.17,Germany,Female,1,1
736,30,9,0.0,2,34180.33,France,Female,1,0
662,29,10,0.0,2,137508.31,France,Female,1,0
718,33,4,70541.06,1,88592.8,Germany,Female,0,0
501,39,9,117301.66,1,182025.95,France,Female,0,0
636,44,2,0.0,2,86414.41,France,Male,0,0
786,32,2,104336.43,2,59559.81,Germany,Female,0,0
699,40,7,0.0,1,152876.13,France,Male,0,1
749,22,4,94762.16,2,42241.54,Germany,Male,1,1
675,34,10,84944.58,1,146230.63,France,Female,0,0
627,37,2,125190.86,1,84584.69,France,Male,0,1
820,39,1,104614.29,1,61538.43,France,Female,1,0
717,41,3,135756.96,1,103706.41,France,Female,1,1
623,28,4,0.0,2,41227.67,France,Female,1,0
466,30,3,0.0,1,193984.6,France,Female,1,0
672,56,2,209767.31,2,150694.42,Spain,Female,1,1
711,53,5,123805.03,1,102428.51,Germany,Female,1,0
768,43,2,129264.05,2,19150.14,Germany,Female,0,0
543,67,0,128843.67,1,134612.48,France,Female,1,1
640,30,5,32197.64,1,141446.01,Germany,Female,0,1
573,35,9,206868.78,2,102986.15,Germany,Female,0,1
507,46,8,102785.16,1,70323.68,Germany,Female,1,1
645,33,8,149564.61,1,149913.84,Germany,Male,0,0
528,39,0,127631.62,1,22197.8,Germany,Male,0,1
742,41,4,92805.72,1,73743.95,Germany,Female,0,1
544,44,2,108895.93,1,69228.2,Germany,Male,0,0
733,44,6,168165.84,1,197193.49,France,Female,0,1
812,38,3,127117.8,2,174822.74,Spain,Male,1,1
757,26,8,121581.56,2,127059.04,Germany,Male,1,1
730,38,5,118866.36,1,163317.5,Spain,Male,1,1
645,41,2,93925.3,1,123982.14,Germany,Male,1,0
610,31,5,0.0,2,63736.36,Spain,Female,0,0
666,36,3,129118.5,2,139435.12,Germany,Female,0,0
590,43,7,81076.8,2,182627.25,France,Male,1,1
616,45,3,143129.41,2,64327.26,Germany,Male,0,1
608,33,4,0.0,1,79304.38,France,Female,1,0
502,33,5,174673.65,2,33300.56,Germany,Male,1,0
835,23,9,0.0,1,19793.73,France,Male,1,0
498,44,2,120702.67,2,98175.74,Germany,Female,1,1
714,52,4,100755.66,1,186775.25,France,Male,1,1
564,40,7,108407.34,1,83681.2,Germany,Male,1,1
678,43,5,102338.19,1,79649.62,France,Male,1,1
605,33,5,150092.8,1,71862.79,Spain,Male,0,0
792,42,0,99045.93,2,47160.01,France,Female,1,0
583,40,9,112701.04,1,29213.63,France,Male,0,0
681,67,7,0.0,2,163714.92,Spain,Male,0,1
567,49,5,134956.02,1,93953.84,Germany,Female,1,0
512,30,6,0.0,2,88827.31,France,Female,1,0
558,25,10,111363.1,2,197264.35,Germany,Male,1,0
729,36,8,152899.24,2,177130.33,Germany,Male,1,0
766,37,2,99660.13,2,147700.78,Germany,Male,0,1
850,47,9,137301.87,1,44351.77,France,Female,1,0
604,31,6,134837.58,1,192029.19,France,Male,1,0
842,46,9,0.0,1,17268.02,Spain,Male,0,0
697,25,4,165686.11,2,15467.98,France,Female,1,0
430,38,9,0.0,2,12050.77,France,Male,1,1
647,28,8,0.0,2,91055.27,France,Male,1,1
730,26,3,0.0,1,34542.41,Spain,Male,1,0
742,24,8,0.0,2,4070.28,Spain,Male,1,0
554,35,10,74988.59,2,190155.13,France,Female,0,1
640,32,6,118879.35,2,19131.71,Spain,Female,1,1
672,53,9,169406.33,4,147311.47,France,Female,1,1
606,46,8,0.0,2,183717.94,Spain,Female,1,1
744,56,9,0.0,2,169498.61,France,Male,1,1
657,41,6,112119.48,1,17536.82,Spain,Female,1,0
712,28,4,145605.44,1,93883.53,Germany,Male,0,1
582,41,1,40488.76,1,128528.83,France,Male,1,0
679,34,7,121063.85,1,56984.58,Germany,Female,1,0
651,45,2,165901.59,2,23054.51,France,Male,1,0
752,45,3,105426.5,2,89773.45,Germany,Female,0,1
594,23,5,156267.59,1,160968.44,France,Male,1,0
659,56,9,123785.24,1,99504.03,France,Female,1,0
521,52,5,116497.31,3,53793.1,Germany,Male,0,0
624,52,0,133723.43,1,4859.59,Germany,Female,0,0
760,41,6,0.0,2,101491.23,Spain,Female,0,0
499,53,1,75225.53,2,144849.1,Spain,Female,0,0
512,31,7,0.0,2,49326.07,France,Female,0,0
733,36,5,0.0,2,109127.54,France,Male,1,1
638,55,2,155828.22,1,108987.25,Spain,Female,0,1
602,72,3,0.0,2,171260.66,France,Female,1,1
577,39,4,0.0,2,91366.42,Spain,Female,1,0
733,34,3,100337.96,3,48559.19,Germany,Male,1,0
665,38,9,0.0,1,87412.74,Spain,Male,0,1
657,38,5,123770.46,1,47019.66,Germany,Female,0,0
628,50,8,0.0,1,144366.83,Spain,Male,0,0
629,31,6,132876.55,1,130862.11,Spain,Male,1,1
618,37,5,96652.86,1,98686.4,France,Female,1,0
499,57,1,0.0,1,131372.38,France,Female,0,0
751,47,5,142669.93,2,162760.96,France,Male,1,0
535,45,2,0.0,2,125658.28,France,Male,1,0
628,51,3,123981.31,2,40546.15,France,Female,1,1
757,34,9,101861.36,2,187011.96,Germany,Female,0,0
684,36,4,0.0,1,117038.96,Spain,Female,1,0
530,34,8,0.0,2,141872.52,France,Female,0,1
695,42,0,0.0,2,140724.64,France,Female,0,1
691,41,2,0.0,1,56850.92,France,Male,1,1
803,36,1,0.0,2,149370.93,France,Male,1,1
499,28,4,141792.61,1,22001.91,France,Female,1,1
803,34,4,142929.16,2,114869.56,Germany,Male,1,1
579,37,4,0.0,2,32246.63,Spain,Male,1,1
597,61,5,0.0,2,81299.17,France,Male,1,1
643,33,4,0.0,2,152992.04,France,Male,1,1
476,34,8,111905.43,1,197221.81,Germany,Female,0,1
715,32,3,104857.19,2,114149.8,Germany,Female,1,0
445,33,7,0.0,2,122625.68,France,Female,1,0
584,62,9,137727.34,2,121102.9,Germany,Female,0,1
586,29,3,0.0,2,142238.54,France,Male,1,1
577,30,8,92472.1,2,126434.61,France,Female,0,1
682,64,10,128306.7,1,66040.83,France,Female,0,1
505,35,8,116932.59,1,91092.84,Spain,Male,1,0
673,65,0,0.0,1,85733.33,France,Male,1,1
592,38,3,0.0,1,12905.89,Spain,Male,1,1
515,40,0,109542.29,1,166370.81,France,Male,1,1
725,45,1,129855.32,1,24218.65,France,Male,0,0
623,50,7,126608.37,1,645.61,Germany,Male,0,1
555,33,5,127343.4,1,121789.3,Spain,Male,0,1
619,40,10,0.0,1,147093.84,France,Female,1,1
712,32,9,100606.02,1,165693.06,France,Male,1,0
710,30,6,0.0,2,8991.17,France,Male,1,1
646,18,10,0.0,2,52795.15,France,Male,0,1
654,37,5,112146.12,1,75927.35,Germany,Male,1,0
731,30,5,0.0,2,189528.72,France,Female,1,0
615,36,6,0.0,1,27011.8,France,Male,1,1
485,41,2,100254.76,2,12706.67,France,Male,1,1
554,44,6,92436.86,1,126033.9,France,Female,1,0
705,32,3,0.0,2,129576.99,France,Male,0,0
561,49,1,102025.32,1,133051.64,Germany,Female,1,0
850,51,3,109799.55,2,12457.76,Spain,Male,1,1
439,32,3,138901.61,1,75685.97,Spain,Female,1,0
619,38,6,0.0,2,117616.29,Spain,Female,1,1
712,53,6,134729.99,2,132702.64,Germany,Male,1,1
650,23,4,93911.3,2,69055.45,Germany,Male,1,0
671,34,10,0.0,1,23235.38,Spain,Female,1,0
850,40,6,0.0,1,136985.08,France,Male,1,0
591,34,3,96127.27,1,30972.06,France,Female,0,0
567,41,1,0.0,2,3414.72,Spain,Female,1,0
567,47,2,0.0,1,110900.43,France,Female,0,0
799,35,7,0.0,2,140780.8,Spain,Male,0,1
699,34,8,0.0,1,76510.46,Spain,Male,1,1
581,38,1,0.0,2,46176.22,France,Male,1,0
833,32,6,0.0,1,44323.22,Spain,Male,1,1
715,31,2,112212.14,2,181600.72,France,Female,1,1
808,37,2,100431.84,1,35140.49,Germany,Female,1,0
710,38,3,130588.82,1,154997.64,France,Male,1,1
667,39,2,0.0,2,40721.24,Spain,Female,1,0
606,47,0,137138.2,2,53784.22,Germany,Female,0,1
711,26,9,128793.63,1,19262.05,Germany,Male,1,0
579,33,1,118392.75,1,157564.75,France,Female,1,1
649,33,2,0.0,2,2010.98,France,Male,1,0
553,44,4,0.0,1,10789.3,Spain,Male,1,0
679,24,6,114948.76,2,135768.25,France,Female,0,1
635,50,7,159453.64,2,54560.79,Spain,Male,0,0
682,37,5,0.0,2,112554.68,France,Male,0,1
420,55,4,91893.32,1,144870.28,Spain,Female,1,0
482,55,5,97318.25,1,78416.14,France,Male,0,1
580,33,7,131647.01,2,79775.19,Germany,Female,0,0
528,32,0,68138.37,1,170309.19,Spain,Female,1,1
835,29,10,130420.2,2,106276.55,Germany,Female,0,0
487,31,1,0.0,2,158750.13,Spain,Female,1,0
835,45,3,100212.13,1,152577.62,Spain,Male,1,0
641,33,2,146193.6,2,55796.83,France,Male,1,1
705,33,3,144427.96,2,113845.19,France,Male,1,0
594,38,6,63176.44,2,14466.08,Germany,Male,1,1
673,36,5,73088.06,2,196142.26,Germany,Male,0,0
522,41,7,0.0,2,176780.39,France,Female,0,1
565,59,9,69129.59,1,170705.53,Germany,Male,1,1
661,47,5,0.0,1,107243.31,France,Male,0,1
719,76,10,95052.29,1,176244.87,Germany,Female,1,0
738,33,4,92676.3,1,105817.63,France,Male,1,0
715,28,7,160376.61,1,196853.11,France,Male,0,0
539,34,4,91622.42,1,136603.42,Germany,Female,1,1
637,32,3,0.0,2,197827.06,France,Male,1,1
844,38,7,111501.66,1,119333.38,France,Male,1,1
541,40,7,95710.11,2,49063.42,Germany,Male,1,0
687,47,7,0.0,2,177624.01,France,Female,1,1
755,29,9,117035.89,1,21862.19,France,Male,1,1
542,32,7,107871.72,1,125302.64,France,Male,1,0
686,26,7,0.0,2,1540.89,France,Male,1,0
588,37,7,70258.88,2,139607.61,Germany,Female,1,0
807,47,1,171937.27,1,65636.92,Germany,Male,1,1
712,35,7,124616.23,1,69320.97,France,Male,1,1
655,34,1,116114.93,1,49492.15,Spain,Male,1,1
625,35,5,86147.46,2,163440.8,Germany,Female,1,0
693,41,9,181461.48,3,187929.43,Germany,Female,1,1
728,33,8,129907.63,1,36083.96,France,Male,0,1
688,33,2,0.0,1,27557.18,Spain,Female,0,0
664,25,6,172812.72,2,108008.65,Germany,Male,1,1
709,31,6,0.0,2,71009.84,France,Male,1,1
587,35,3,83286.56,1,125553.52,Spain,Female,1,0
461,34,5,63663.93,1,167784.28,Germany,Female,0,1
511,40,9,124401.6,1,198814.24,Germany,Female,1,0
659,32,3,107594.11,2,102416.84,Spain,Male,1,1
720,23,0,187861.18,2,104120.17,Germany,Male,1,1
829,38,9,0.0,2,30529.88,France,Male,1,0
835,25,7,0.0,2,83449.65,France,Male,1,1
642,30,8,117494.27,1,61977.82,France,Male,0,0
754,27,7,117578.35,2,87908.01,Germany,Male,0,1
810,33,6,0.0,2,77965.67,France,Male,1,1
672,31,6,91125.75,1,177295.92,France,Male,1,0
647,30,6,143138.91,2,2955.46,Germany,Male,1,0
504,73,8,0.0,1,34595.58,France,Female,1,1
559,34,5,68999.66,2,66879.27,France,Female,1,1
527,39,9,96748.89,2,94711.43,Germany,Female,1,0
692,31,2,0.0,2,91829.17,France,Female,1,0
798,39,6,119787.76,1,164248.33,Germany,Female,1,1
634,45,2,0.0,4,101039.53,France,Female,1,0
557,42,6,177822.03,1,150944.31,France,Male,1,0
673,69,3,78833.15,2,37196.15,Germany,Female,1,1
672,53,7,0.0,1,136910.18,France,Female,1,1
653,32,4,83772.95,1,23920.65,France,Female,0,1
678,48,2,0.0,2,32301.88,France,Female,1,1
699,47,1,0.0,2,30117.44,Spain,Male,0,1
542,32,2,131945.94,1,159737.56,Spain,Male,0,1
636,36,6,96643.32,1,182059.28,Germany,Male,0,0
835,20,4,124365.42,1,180197.74,Germany,Male,0,0
753,48,4,0.0,2,146821.42,France,Male,0,1
485,51,7,144244.59,2,51113.14,Germany,Male,1,0
634,41,4,0.0,2,164549.74,Spain,Female,1,1
574,36,3,0.0,2,8559.66,Spain,Male,1,1
651,40,4,0.0,2,147715.83,France,Male,1,1
779,55,0,133295.98,1,22832.71,Spain,Female,1,0
725,33,4,0.0,1,67879.8,France,Female,1,1
544,40,7,0.0,1,161076.92,France,Female,0,1
698,36,2,82275.35,2,93249.26,France,Male,1,1
577,31,4,61211.18,1,145250.43,Germany,Female,1,1
575,37,0,0.0,2,30114.32,Spain,Female,0,0
565,36,6,106192.1,1,149575.59,France,Male,1,0
786,31,9,0.0,2,18210.36,Spain,Male,1,1
583,42,7,0.0,2,144039.05,France,Female,1,0
606,27,2,130274.26,2,147533.09,Germany,Male,1,0
490,31,3,145260.23,1,114066.77,Spain,Male,0,1
672,23,10,110741.56,1,80778.5,Germany,Female,1,0
785,61,4,129855.72,2,170214.82,Spain,Female,1,0
696,60,8,88786.81,1,196858.4,Spain,Male,1,1
597,29,1,132144.35,1,158086.33,France,Female,1,0
619,56,7,0.0,2,42442.21,Spain,Female,1,1
663,31,4,103430.11,2,36479.27,Spain,Male,0,1
584,36,9,0.0,1,105818.51,France,Male,1,1
575,46,1,0.0,2,65998.26,France,Male,1,1
627,27,0,185267.45,2,77027.34,Germany,Male,1,1
636,31,9,80844.69,2,74641.9,Germany,Female,1,1
724,37,6,125489.4,1,118570.53,Germany,Male,1,0
588,41,6,106116.56,2,198766.61,Germany,Male,1,0
690,44,9,100368.63,2,35342.33,Germany,Male,0,0
520,63,5,162278.32,1,34765.33,Spain,Female,1,1
473,32,5,146602.25,2,72946.95,Germany,Female,1,1
427,33,8,0.0,1,13858.95,France,Male,1,1
735,55,6,134140.68,1,2267.88,France,Male,1,0
660,38,7,0.0,2,146585.53,France,Male,0,1
688,46,3,0.0,2,104902.68,Spain,Female,0,1
626,32,0,0.0,2,187172.54,France,Female,0,0
516,45,4,0.0,1,95273.73,France,Female,1,0
590,40,2,117641.43,2,92198.05,Germany,Female,0,0
576,39,1,0.0,2,68814.23,France,Male,1,1
648,45,5,118886.55,1,51636.7,Germany,Female,0,0
670,42,1,115961.58,2,29483.87,France,Female,0,1
620,31,2,166833.86,2,135171.6,Spain,Male,1,1
793,35,2,0.0,2,79704.12,France,Male,1,1
597,39,8,162532.14,3,36051.46,Germany,Female,1,0
726,32,8,0.0,2,185075.63,France,Female,0,0
850,49,5,122486.47,1,59748.19,France,Male,0,1
701,34,6,107980.37,1,119374.74,Spain,Female,1,1
651,45,4,0.0,2,193009.21,Spain,Male,0,0
610,69,5,86038.21,3,192743.06,Germany,Female,0,0
619,28,3,0.0,2,53394.12,France,Female,1,0
676,48,1,131659.59,2,14152.15,Spain,Male,0,1
760,42,0,77992.97,2,97906.38,Germany,Male,1,1
766,38,7,130933.74,1,2035.94,Germany,Female,0,1
575,36,7,0.0,1,55868.97,France,Male,1,1
700,43,0,0.0,2,59475.35,Spain,Female,1,0
594,28,5,185013.02,1,16481.12,Germany,Male,1,0
619,41,8,0.0,3,79866.73,Spain,Female,1,1
771,38,5,137657.71,2,72985.61,Germany,Female,1,0
714,29,6,92887.13,1,69578.49,Germany,Male,1,1
662,36,4,166909.2,2,138871.12,France,Female,1,0
576,29,5,108541.04,1,126469.09,France,Female,1,1
658,24,2,0.0,2,84694.49,France,Female,1,1
664,49,5,127421.78,2,108876.75,Germany,Female,1,0
632,30,2,72549.0,2,182728.8,Germany,Male,0,1
691,35,6,0.0,2,178038.17,Spain,Male,0,1
773,63,9,111179.83,1,93091.02,Spain,Male,1,1
639,22,4,0.0,2,28188.96,France,Male,1,0
669,43,1,160474.59,1,95963.14,France,Female,1,1
726,50,9,94504.35,1,5078.9,Germany,Male,0,1
607,26,1,0.0,1,29818.2,France,Male,1,0
830,40,8,77701.64,1,19512.38,Germany,Female,0,1
756,27,1,131899.0,1,93302.29,Germany,Male,1,0
730,25,5,167385.81,1,56307.51,Spain,Male,1,1
666,47,5,0.0,1,166650.9,Spain,Female,0,0
558,56,7,121235.05,2,116253.1,France,Female,1,1
635,32,8,0.0,2,19367.98,Spain,Female,1,1
808,24,4,122168.65,1,174107.04,France,Male,1,0
475,46,10,0.0,2,122953.0,France,Female,0,0
516,29,2,104982.57,1,157378.5,France,Female,1,0
850,30,6,86449.39,1,188809.23,France,Male,1,1
841,52,3,112383.03,1,85516.37,Germany,Female,1,0
640,46,8,0.0,2,89043.19,Spain,Female,1,0
580,61,8,125921.37,1,94677.83,Spain,Male,1,1
775,66,9,0.0,2,67622.34,France,Female,1,1
685,40,7,0.0,1,72852.74,France,Female,1,0
783,72,5,121215.9,2,105206.48,France,Female,1,1
765,34,8,136729.51,2,47058.21,Germany,Female,0,0
557,28,7,146445.24,2,184317.74,France,Female,1,0
580,42,2,123331.36,1,103516.08,Germany,Female,0,0
612,36,2,130700.92,2,77592.8,Germany,Female,0,0
591,45,5,0.0,2,155492.87,France,Male,1,1
669,30,7,95128.86,1,19799.26,France,Male,0,0
701,41,2,0.0,1,47856.78,France,Female,1,0
632,40,3,193354.86,2,149188.41,France,Male,1,0
544,64,9,113829.45,1,124341.49,France,Male,1,1
667,33,9,124573.33,2,683.37,Germany,Male,0,0
637,33,5,0.0,2,139947.17,France,Male,1,0
642,19,3,113905.48,1,176137.2,Germany,Female,1,1
780,51,4,126725.25,1,195259.31,Germany,Male,1,0
621,27,4,137003.68,1,21254.06,France,Male,1,0
600,26,6,108909.12,1,82547.01,France,Female,1,0
544,37,2,79731.91,1,57558.95,Germany,Male,1,1
796,40,2,113228.38,2,46415.09,Germany,Male,1,1
649,47,1,0.0,2,145593.85,France,Male,1,1
652,31,3,103696.97,3,155221.05,France,Female,0,0
457,33,7,127837.54,1,60013.17,France,Female,0,1
791,35,7,52436.2,1,161051.75,Germany,Female,1,0
497,27,9,75263.16,1,164825.04,Spain,Male,1,1
610,27,4,87262.4,2,182720.07,France,Female,1,0
580,50,0,125647.36,1,57541.08,France,Male,1,0
500,34,6,0.0,1,140268.45,France,Female,1,1
738,37,7,140950.92,2,195333.98,Germany,Male,1,0
689,31,4,0.0,2,136610.02,Spain,Female,1,1
614,32,7,99462.8,2,51117.06,Germany,Male,1,1
599,43,4,0.0,1,170347.1,France,Female,1,0
695,56,1,0.0,3,187734.49,Spain,Male,1,0
614,35,2,127283.78,1,31302.35,Spain,Male,1,1
765,33,5,84557.82,1,69039.43,Spain,Female,1,1
798,58,9,0.0,2,119071.56,Spain,Female,0,0
730,34,5,74197.38,2,96875.52,France,Female,1,0
555,21,1,0.0,2,103901.35,Spain,Male,0,0
441,60,1,140614.15,1,174381.23,France,Male,0,1
694,37,8,98218.04,2,182354.46,Germany,Female,1,0
809,42,6,64497.94,3,182436.81,Germany,Female,0,1
578,32,4,0.0,2,141822.8,France,Male,1,1
775,30,5,0.0,1,193880.6,France,Female,1,0
749,54,3,144768.94,1,93336.3,Germany,Male,1,0
700,28,3,99705.69,2,146723.72,Germany,Female,0,0
651,45,8,95922.9,1,84782.42,Spain,Female,1,0
689,38,6,121021.05,1,12182.15,Spain,Female,1,1
506,41,1,0.0,2,31766.3,France,Female,1,0
669,26,4,0.0,2,197594.34,France,Male,1,1
679,36,3,0.0,2,2243.41,France,Female,1,1
678,37,8,149000.91,2,21472.42,Germany,Female,1,1
605,28,6,0.0,2,159508.52,France,Female,0,0
725,46,6,0.0,2,161767.38,France,Male,1,0
662,32,9,0.0,2,65089.38,France,Male,0,0
689,67,9,157094.78,1,99490.01,Germany,Male,1,1
722,32,4,0.0,2,113666.48,Spain,Female,1,1
446,39,1,90217.07,1,191350.48,France,Female,1,0
606,35,0,135984.15,2,186778.89,France,Female,1,0
786,35,3,0.0,2,92712.97,France,Male,1,0
624,51,10,123401.43,2,127825.25,France,Male,1,1
569,35,3,116969.35,1,94488.82,Spain,Male,0,0
776,38,5,112281.7,1,89893.6,Germany,Male,0,1
774,36,9,114997.42,1,75304.09,France,Female,1,0
479,40,1,0.0,2,114996.43,France,Male,0,0
771,32,9,77487.2,1,33143.04,Germany,Male,0,0
615,35,2,97440.02,2,139816.1,France,Female,1,1
664,41,7,123428.69,1,164924.11,Spain,Male,1,1
618,31,4,0.0,2,29176.04,France,Female,1,0
724,69,5,117866.92,1,62280.91,France,Female,1,1
620,36,7,169312.72,1,45414.09,Spain,Male,1,0
705,31,3,142905.51,1,58134.97,France,Female,1,1
797,31,8,0.0,2,117916.63,Spain,Female,1,0
592,31,2,84102.11,2,116385.24,France,Female,0,1
709,36,0,0.0,2,46811.77,France,Male,1,0
767,35,6,132253.22,1,115566.57,Germany,Female,1,0
684,27,9,122550.05,2,137835.82,France,Female,0,1
512,31,6,0.0,2,168462.26,Spain,Male,1,0
571,30,4,85755.86,1,145115.95,France,Female,1,0
623,40,7,0.0,1,25904.12,Spain,Female,1,1
749,42,2,56726.83,2,185543.35,France,Male,0,1
598,53,10,167772.96,1,136886.86,Germany,Male,1,1
542,29,9,0.0,1,8342.35,France,Male,1,0
712,79,5,108078.56,1,174118.93,Spain,Female,1,1
680,25,4,123816.5,1,90162.35,France,Female,1,1
637,43,8,0.0,1,12156.93,Spain,Male,1,0
739,27,8,98926.4,1,106969.98,Spain,Female,1,1
675,39,6,0.0,2,83419.15,France,Female,0,0
502,40,7,117304.29,1,196278.32,Germany,Female,0,0
706,36,9,58571.18,2,40774.01,Germany,Male,1,0
596,40,5,62389.03,3,148623.43,Germany,Male,1,0
707,35,3,56674.48,1,17987.4,Spain,Female,1,0
574,26,8,97460.1,1,43093.67,France,Male,1,1
662,59,2,104568.41,1,8059.44,Germany,Male,1,0
748,40,3,95297.11,1,171515.84,France,Male,0,0
650,35,3,165982.43,2,24482.16,Germany,Female,1,1
707,44,6,0.0,2,192542.17,France,Female,1,1
424,34,7,0.0,1,16250.61,Spain,Male,1,1
850,35,2,128548.49,4,75478.95,France,Female,1,0
624,23,5,0.0,2,132418.59,France,Female,0,0
709,45,2,0.0,2,162922.65,Spain,Female,0,1
791,34,7,0.0,2,96734.46,France,Male,1,0
690,47,2,0.0,2,151375.73,France,Male,1,0
679,58,8,125850.53,2,87008.17,Germany,Male,1,1
608,28,9,0.0,2,125062.02,France,Female,1,1
597,60,0,131778.08,1,10703.53,France,Female,0,0
717,59,4,0.0,2,170528.63,France,Female,1,1
683,30,10,57657.49,1,79240.9,France,Male,0,0
500,47,8,128486.11,1,179227.12,Spain,Female,1,0
627,27,1,62092.9,1,105887.04,France,Male,1,1
695,32,9,0.0,3,38533.79,Spain,Male,0,1
691,30,9,0.0,1,49594.02,France,Male,1,0
796,24,8,0.0,2,61349.37,France,Male,1,0
763,37,8,0.0,2,933.38,Spain,Male,1,1
601,46,3,98202.76,1,137763.93,France,Female,0,0
729,36,8,109106.8,1,121311.12,France,Female,0,0
746,34,4,0.0,1,65166.6,France,Female,0,1
449,21,7,0.0,2,175743.92,France,Female,0,0
646,31,2,0.0,1,170821.43,Spain,Male,1,1
744,32,4,96106.83,1,79812.77,Germany,Male,1,1
516,37,8,113143.12,1,3363.36,France,Female,0,0
707,32,4,132835.56,1,136877.24,Spain,Female,0,0
668,42,3,150461.07,1,108139.23,France,Male,1,0
512,39,3,0.0,1,134878.19,Spain,Male,1,0
623,44,1,83325.77,1,80828.78,Spain,Male,0,1
682,47,10,134032.01,1,144290.97,Spain,Female,1,0
501,40,4,125832.2,1,100433.83,France,Male,1,1
574,36,1,0.0,2,71709.12,Spain,Male,0,1
728,59,4,0.0,1,163365.85,France,Female,1,1
471,23,6,104592.55,2,131736.23,Germany,Male,1,0
714,44,7,0.0,1,6923.11,Spain,Male,0,1
591,31,8,0.0,1,141677.33,Spain,Male,1,1
850,48,6,111962.99,1,111755.8,Germany,Female,1,0
646,39,0,154439.86,1,171519.06,Germany,Male,1,0
611,40,1,0.0,2,102547.56,France,Male,1,1
776,32,4,109421.13,2,126517.46,Germany,Female,1,1
651,42,2,143145.87,2,43612.06,Spain,Male,1,0
598,35,8,114212.6,1,74322.85,France,Male,1,1
677,37,3,88363.03,1,117946.3,France,Male,0,1
768,42,3,0.0,1,161242.99,Spain,Female,0,0
706,43,1,0.0,2,31962.77,Spain,Female,1,0
689,58,5,0.0,2,49848.86,France,Female,0,1
591,30,8,124857.69,2,50485.7,Spain,Male,0,0
516,32,3,145166.09,2,111421.45,Germany,Male,0,0
780,33,6,145580.61,1,154598.56,Spain,Female,1,1
610,37,10,140363.95,2,129563.86,Spain,Female,1,1
777,37,1,0.0,1,126837.72,France,Male,1,1
705,40,5,203715.15,1,179978.68,Spain,Female,1,0
614,39,3,151914.93,1,56459.45,Spain,Male,0,0
848,31,4,90018.45,2,193132.98,Germany,Male,1,0
529,38,2,0.0,1,146388.85,France,Female,1,0
535,48,9,0.0,1,149892.79,France,Female,1,0
653,27,6,107751.68,2,33389.42,Spain,Female,1,1
639,38,5,130170.82,1,149599.62,Germany,Male,1,1
621,55,7,131033.76,1,75685.59,Germany,Female,0,1
850,40,8,102800.65,1,60811.56,France,Male,1,0
735,53,8,123845.36,2,170454.93,France,Female,0,1
692,47,3,0.0,2,150802.41,Spain,Female,1,0
616,40,9,0.0,2,93717.55,France,Male,0,0
664,55,8,0.0,2,139161.64,France,Male,1,1
610,40,0,0.0,2,62232.6,France,Male,1,0
540,42,9,87271.41,2,172572.64,Germany,Female,1,0
587,40,5,138241.9,2,159418.1,Germany,Male,1,0
628,25,7,0.0,2,195977.75,France,Male,1,1
763,37,6,0.0,2,149705.25,Spain,Female,1,1
814,49,8,0.0,2,157822.54,France,Male,0,0
515,48,5,129387.94,1,147955.91,France,Male,0,1
530,29,5,0.0,2,121451.21,France,Female,0,0
630,23,4,137964.51,1,174570.55,Germany,Female,0,1
620,28,9,71902.52,1,190208.23,France,Male,0,1
668,56,9,110993.79,1,134396.64,Germany,Male,1,0
666,36,3,0.0,2,35156.54,France,Male,1,0
620,37,0,107548.94,1,71175.94,France,Male,1,0
612,33,5,69478.57,1,8973.67,Spain,Male,1,0
696,29,8,0.0,2,191166.09,France,Male,1,0
632,38,4,0.0,2,192505.62,France,Male,0,0
796,56,6,94231.13,1,121164.6,Spain,Male,0,0
630,36,2,110414.48,1,48984.95,France,Female,1,1
802,38,1,142557.11,1,172497.73,France,Male,1,1
526,58,9,190298.89,2,191263.76,Germany,Male,1,1
554,33,3,117413.95,1,12766.74,France,Male,1,1
667,42,9,0.0,2,58137.42,France,Male,0,1
550,44,9,0.0,2,26257.01,France,Male,1,0
691,38,1,0.0,2,44653.5,France,Male,0,0
603,35,1,105346.03,2,130379.5,Germany,Male,1,1
687,41,10,134318.21,2,198064.52,Germany,Male,1,1
773,42,8,152324.66,2,171733.22,Germany,Female,1,0
595,33,9,0.0,2,41447.86,France,Female,1,1
733,35,8,102918.38,1,45959.86,Spain,Male,1,1
783,37,1,136689.66,1,197890.65,Spain,Female,1,0
498,73,2,170241.7,2,165407.96,France,Male,1,1
654,38,8,0.0,2,88659.44,France,Male,1,0
667,31,3,99513.91,1,189657.26,France,Male,1,1
598,64,1,0.0,2,195635.3,France,Male,1,0
632,41,0,106134.46,1,105570.39,France,Male,0,1
534,23,5,104822.45,1,160176.47,France,Female,0,1
452,44,3,88915.85,1,69697.74,Spain,Male,1,0
811,35,7,0.0,1,178.19,France,Female,1,1
488,39,9,140553.46,1,12440.44,Spain,Female,0,0
715,45,4,0.0,2,55043.93,France,Male,1,1
581,27,5,102258.11,2,194681.6,France,Female,1,0
496,36,7,0.0,2,108098.28,France,Female,0,0
707,58,6,89685.92,1,126471.13,France,Male,0,1
592,27,4,0.0,2,183569.25,France,Female,1,1
588,40,10,125534.51,1,121504.18,Germany,Female,1,0
359,44,6,128747.69,1,146955.71,France,Female,1,0
632,21,1,0.0,2,84008.66,France,Female,1,0
617,25,1,102585.88,2,115387.4,France,Male,1,1
687,27,9,152328.88,2,126494.82,Germany,Female,0,0
727,52,4,0.0,2,118429.02,France,Male,1,1
668,25,8,0.0,2,135112.09,Spain,Male,1,1
850,34,9,92899.27,2,97465.89,France,Female,1,0
817,27,7,129810.6,1,59259.44,Germany,Female,1,1
464,33,8,164284.72,2,3710.34,Germany,Male,1,1
697,25,1,0.0,2,87803.32,France,Female,0,0
527,36,6,0.0,2,102280.29,Spain,Female,1,1
543,42,5,0.0,2,101905.34,France,Female,0,0
588,42,2,164307.77,1,48498.19,Germany,Female,1,0
526,30,9,0.0,2,100995.68,France,Male,0,0
595,34,2,87967.42,2,156309.52,Germany,Male,0,1
732,79,10,61811.23,1,104222.8,France,Male,1,1
528,43,7,97473.87,2,159823.16,Spain,Male,1,1
674,36,6,100762.64,1,182156.86,Germany,Female,1,0
561,35,5,0.0,2,59981.62,France,Female,1,0
701,30,3,156660.72,2,45742.42,France,Male,1,0
592,28,2,116498.22,1,144290.25,France,Male,1,0
622,41,9,0.0,2,155786.39,Spain,Female,1,1
651,37,10,117791.06,2,75837.58,Germany,Female,1,1
773,41,7,190238.93,1,57549.65,France,Female,1,1
532,44,3,148595.55,1,74838.64,France,Male,1,0
491,57,4,112044.72,1,41229.73,Germany,Female,1,1
768,25,0,78396.08,1,8316.19,France,Male,1,1
657,30,1,139762.13,2,23317.88,Germany,Male,1,1
724,36,6,94615.11,2,10627.21,Germany,Male,1,1
820,33,2,132150.26,2,23067.97,France,Male,1,0
637,54,5,0.0,1,150836.98,Spain,Female,0,1
789,43,9,116644.29,2,60176.1,Germany,Female,1,1
748,26,1,77780.29,1,183049.41,France,Female,0,1
693,37,1,0.0,2,82867.55,France,Male,1,1
764,44,1,0.0,2,11467.38,France,Female,1,1
780,43,0,0.0,1,15705.27,France,Female,0,1
670,35,2,124268.64,2,84321.03,Spain,Male,0,1
701,42,5,0.0,2,24210.56,Spain,Female,0,0
642,49,4,120688.61,1,24770.22,Germany,Male,1,0
477,39,4,182491.57,1,185830.72,Germany,Female,1,0
781,28,4,0.0,2,177703.15,France,Female,1,0
376,29,4,115046.74,4,119346.88,Germany,Female,1,0
531,70,1,0.0,2,99503.19,Spain,Male,0,0
781,33,3,0.0,2,42556.33,Spain,Male,1,1
520,46,10,85216.61,1,117369.52,France,Female,1,0
491,19,2,125860.2,1,129690.5,Germany,Male,0,0
659,48,4,123593.22,2,82469.06,Germany,Male,1,0
549,41,9,95020.8,3,131710.59,Germany,Male,1,1
544,64,3,124043.8,1,111402.97,France,Female,1,1
766,44,3,116822.7,1,197643.24,Germany,Male,0,0
654,28,7,0.0,2,151316.37,France,Female,1,0
650,50,7,129667.77,1,42028.16,Spain,Female,0,0
698,52,1,107906.75,1,168886.39,Germany,Female,1,0
637,41,9,0.0,2,145477.36,France,Female,1,0
710,28,6,0.0,1,48426.98,Spain,Female,1,0
681,32,3,0.0,2,59679.9,Spain,Female,1,1
687,35,8,100988.39,2,22247.27,Spain,Male,1,0
443,29,9,99027.61,2,10940.4,Germany,Female,1,0
652,45,9,110827.49,1,153383.54,Germany,Female,1,1
624,32,2,79368.87,2,145471.94,France,Female,1,1
701,34,3,105588.66,1,74694.41,France,Female,0,1
638,37,2,89728.86,2,37294.88,Germany,Male,1,1
628,46,1,46870.43,4,31272.14,France,Female,1,0
800,60,6,88541.57,2,131718.12,France,Male,1,1
471,58,4,114713.57,1,36315.03,France,Female,1,1
692,45,6,152296.83,4,108040.86,Germany,Male,0,1
610,36,7,115462.02,1,42581.04,Germany,Male,0,1
794,54,1,75900.84,1,192154.66,Germany,Female,1,1
603,46,2,0.0,2,59563.49,France,Male,1,1
652,75,10,0.0,2,114675.75,Spain,Female,1,1
686,33,9,141918.09,2,184036.47,Germany,Male,0,1
613,45,9,142765.24,2,34749.65,Germany,Female,1,0
642,32,7,100433.8,1,39768.59,Spain,Male,1,1
636,36,5,117559.05,2,111573.3,France,Male,1,1
540,39,1,0.0,1,108419.41,Spain,Male,0,1
668,72,2,0.0,2,70783.61,France,Male,1,1
700,32,8,110923.15,2,161845.81,France,Female,1,1
819,28,8,168253.21,1,102799.14,Spain,Female,1,1
581,40,0,101016.53,1,7926.35,Germany,Male,0,1
608,37,2,130461.02,1,21967.15,Spain,Male,1,0
680,34,6,146422.22,1,67142.97,Germany,Male,1,0
568,28,5,145105.64,2,185489.11,France,Male,1,0
601,74,2,0.0,2,51554.58,France,Male,0,1
660,35,7,0.0,2,13218.6,France,Male,1,0
727,34,2,146407.11,1,72073.72,Germany,Male,1,1
692,36,3,0.0,2,8282.22,France,Female,1,1
642,34,8,0.0,1,72085.1,Spain,Male,1,0
654,29,2,91955.61,1,37065.66,France,Male,1,0
474,54,3,0.0,1,108409.17,France,Male,1,0
739,34,9,0.0,1,60584.33,France,Male,1,0
650,28,5,122034.4,3,146663.43,Germany,Female,0,1
549,45,3,143734.01,2,96404.38,Germany,Female,1,1
623,44,6,0.0,2,167162.43,France,Female,0,0
543,46,5,140355.6,1,85086.78,Spain,Female,1,1
617,39,5,83348.89,3,7953.62,Germany,Female,1,0
672,40,10,102980.44,1,1285.81,Germany,Male,1,0
641,38,3,0.0,2,116466.19,France,Female,1,0
554,45,4,0.0,2,193412.05,Spain,Female,1,1
579,35,1,129490.36,2,8590.83,Spain,Female,0,1
712,33,6,0.0,2,190686.16,France,Female,1,1
745,35,4,98270.34,1,133617.43,Germany,Male,1,0
611,40,7,128486.91,2,10109.47,Germany,Female,1,0
607,44,0,0.0,2,81140.09,France,Male,1,1
549,54,5,92877.33,1,2619.64,Germany,Male,1,0
569,34,6,144855.34,1,196555.32,Spain,Female,0,0
728,28,4,142243.54,2,33074.51,France,Female,1,0
599,44,10,118577.24,1,31448.52,France,Male,1,1
603,44,9,0.0,1,138328.24,France,Male,1,0
780,34,1,0.0,1,64804.04,France,Male,1,1
557,24,4,0.0,1,20515.72,France,Female,0,0
642,26,1,138023.79,2,117060.2,France,Male,0,1
616,45,6,128352.59,3,144000.59,Germany,Female,1,1
507,42,6,0.0,2,34777.23,France,Male,1,0
727,71,8,0.0,1,198446.91,Spain,Male,1,1
639,34,7,149940.04,2,156648.81,Spain,Male,0,0
668,38,10,86977.96,1,37094.75,France,Male,0,1
439,29,6,156569.43,1,180598.66,France,Female,1,0
756,23,1,112568.31,1,113408.11,France,Female,1,1
769,25,10,0.0,2,187925.75,France,Female,0,0
656,40,2,0.0,2,180553.48,France,Male,1,1
745,28,1,111071.36,1,73275.96,Germany,Female,1,0
702,50,3,0.0,2,94949.84,France,Male,0,0
581,54,4,89299.81,1,5558.47,France,Male,0,0
627,30,6,112372.96,1,118029.09,Germany,Male,1,1
568,27,5,126815.97,2,118648.12,Spain,Male,0,1
847,31,5,0.0,2,76326.67,Spain,Male,1,1
555,40,10,43028.77,1,170514.21,France,Male,1,0
694,40,9,0.0,2,40463.03,France,Male,1,0
686,41,10,0.0,1,133086.45,France,Female,1,0
559,48,2,0.0,2,137961.41,France,Female,0,1
641,52,4,0.0,1,90964.54,France,Female,1,0
677,18,8,134796.87,2,114858.9,Spain,Male,1,1
464,46,6,161798.53,1,182944.47,France,Male,1,0
850,57,8,126776.3,2,132298.49,Spain,Female,1,1
621,34,6,0.0,2,99128.13,France,Male,1,1
697,43,10,128226.37,1,188486.94,Spain,Male,0,0
775,60,7,0.0,2,111558.7,France,Male,1,1
582,32,1,88938.62,1,10054.53,Germany,Male,1,1
583,38,10,0.0,2,113597.64,France,Female,0,1
757,31,8,149085.9,2,197077.36,Germany,Male,1,1
523,60,1,163894.35,1,57061.71,Germany,Male,0,1
606,37,8,154712.58,2,89099.18,Spain,Male,1,0
461,25,6,0.0,2,15306.29,Spain,Female,1,1
648,32,0,0.0,1,117323.31,France,Male,0,1
680,31,3,127331.46,3,176433.6,Germany,Female,1,1
650,61,1,152968.73,1,82970.69,Spain,Male,0,1
660,40,5,131754.11,2,38761.61,France,Male,1,1
743,40,6,0.0,1,28280.8,France,Female,1,0
705,42,8,166685.92,2,55313.51,Germany,Male,1,1
624,26,9,74681.9,2,31231.35,France,Male,0,0
744,35,7,0.0,2,43036.6,Spain,Male,1,1
709,32,2,87814.89,1,138578.37,France,Female,1,0
650,27,6,0.0,2,1002.39,France,Female,1,0
569,66,2,0.0,1,130784.2,France,Male,1,0
761,38,1,120530.13,2,109394.62,Germany,Female,1,0
455,43,6,0.0,1,81250.79,Spain,Female,1,1
850,55,10,98488.08,1,155879.57,France,Female,1,0
793,63,9,116270.72,1,184243.25,France,Female,1,1
562,31,9,117153.0,1,108675.01,Germany,Female,1,1
767,43,1,76408.85,2,77837.63,France,Male,1,0
606,32,1,106301.85,2,59061.25,Germany,Female,0,1
668,53,10,110240.04,1,183980.56,France,Female,0,0
571,44,9,0.0,2,38433.35,France,Male,0,0
590,24,7,126431.54,1,58781.11,France,Male,1,0
524,52,2,87894.26,1,173899.42,France,Male,1,0
665,51,2,0.0,1,53353.36,France,Male,0,0
850,36,3,169025.83,1,174235.06,Germany,Female,1,0
660,33,4,0.0,1,29664.45,Spain,Male,1,0
569,43,7,0.0,2,77703.19,France,Female,1,1
716,22,8,0.0,2,92606.98,France,Female,1,1
806,67,1,0.0,2,103945.58,France,Female,0,1
792,25,8,142862.21,1,130639.01,Spain,Male,1,1
821,42,3,87807.29,2,64613.81,Germany,Male,1,1
609,71,6,113317.1,1,108258.22,Germany,Female,1,0
597,43,2,85162.26,1,5104.08,Spain,Male,0,1
655,39,6,94631.26,2,148948.52,France,Female,1,1
611,41,2,114206.84,1,164061.6,Germany,Female,1,0
687,44,7,0.0,3,155853.52,Spain,Female,1,0
741,42,6,106036.52,1,194686.78,France,Male,1,0
573,36,1,0.0,1,56905.38,France,Female,1,1
697,49,7,195238.29,4,131083.56,France,Female,0,1
760,33,1,118114.28,2,156660.21,Spain,Female,0,1
494,28,9,114731.76,2,79479.74,France,Male,0,1
620,42,4,0.0,2,6232.31,France,Male,1,0
735,55,2,103176.62,1,163516.16,Spain,Male,0,1
469,33,1,127818.52,1,163477.22,France,Male,1,0
629,61,6,0.0,2,133672.61,France,Female,1,1
831,32,9,80262.66,1,194867.78,Germany,Male,1,0
572,38,7,0.0,2,133122.62,France,Female,1,1
582,26,4,65848.36,2,30149.21,Spain,Male,1,0
577,44,8,115557.0,1,127506.76,Spain,Female,0,1
710,45,1,0.0,2,36154.66,France,Male,1,1
523,40,2,102967.41,1,128702.1,France,Female,1,0
596,47,6,0.0,1,74835.65,France,Male,1,0
528,32,4,85615.66,2,156192.43,France,Female,1,0
754,34,7,0.0,2,65219.85,France,Male,1,1
653,60,2,120731.39,4,138160.11,France,Female,1,1
645,29,4,0.0,2,74346.11,Spain,Female,1,1
636,35,9,95478.17,1,169286.74,France,Male,0,0
793,41,3,141806.46,1,102921.17,France,Female,1,0
601,35,8,71553.83,1,177384.45,Germany,Male,1,0
627,35,2,137852.96,1,172269.21,Germany,Female,1,1
678,83,6,123356.63,1,92934.41,Germany,Male,0,1
722,48,10,138311.76,1,3472.63,Germany,Female,1,1
608,34,4,88772.87,1,168822.01,France,Female,1,1
670,33,1,0.0,2,86413.11,France,Male,1,1
719,54,7,0.0,2,125041.52,France,Female,1,1
738,57,9,148384.64,1,155047.11,Germany,Female,0,0
550,34,3,0.0,2,131281.28,Spain,Male,0,0
763,53,4,0.0,1,77203.72,France,Female,1,0
770,45,4,110765.68,1,26163.74,Germany,Male,1,0
544,30,8,145241.63,1,80676.83,Spain,Male,1,1
712,29,3,102540.61,1,189680.79,France,Male,1,1
554,46,4,0.0,2,57320.92,Spain,Male,0,1
669,42,1,103873.39,1,148611.52,Germany,Female,1,0
619,41,8,142015.76,2,114323.66,Germany,Female,1,0
487,37,2,0.0,2,126722.57,France,Male,1,1
793,63,4,103729.79,2,80272.06,France,Male,1,1
786,34,9,0.0,2,117034.32,Spain,Female,1,0
724,53,1,139687.66,2,12913.92,Germany,Female,1,1
660,26,4,115021.76,1,162443.05,Germany,Male,0,1
602,39,6,154121.32,2,176614.86,France,Female,1,0
783,59,9,126224.87,1,4423.63,Spain,Female,1,1
669,47,0,63723.78,2,181928.25,Germany,Male,1,1
643,36,0,148159.71,1,55835.66,France,Male,0,0
669,25,7,157228.61,2,124382.9,Spain,Male,1,0
801,32,4,75170.54,1,37898.5,France,Female,1,1
716,44,1,0.0,1,152108.47,France,Female,1,1
690,26,8,116318.23,1,83253.05,Spain,Male,1,1
674,28,5,0.0,1,151925.25,France,Male,1,1
768,49,1,133384.66,1,102397.22,Germany,Male,1,0
825,35,6,118336.95,1,26342.33,Germany,Female,1,0
745,34,9,0.0,2,50046.25,Spain,Male,1,0
677,28,0,143988.0,2,8755.69,Germany,Male,1,0
707,42,10,0.0,2,152944.39,France,Female,1,1
798,32,7,0.0,2,37731.95,France,Male,0,1
562,29,9,0.0,1,25858.68,France,Male,1,1
514,30,7,0.0,1,125010.24,Spain,Male,0,1
588,35,0,0.0,2,155485.24,France,Female,1,1
706,28,3,0.0,2,181543.67,Spain,Male,0,1
702,45,9,74989.58,1,171014.69,France,Male,1,1
537,59,9,0.0,2,103799.77,France,Male,0,0
553,31,6,0.0,2,124596.63,France,Male,0,0
564,42,7,99824.45,1,36721.4,France,Male,1,1
754,35,6,98585.94,2,106116.84,Germany,Male,0,1
677,40,5,0.0,2,88947.56,Spain,Male,1,0
744,39,4,95161.75,1,19409.77,Spain,Male,1,0
657,37,2,0.0,2,7667.48,France,Female,1,1
588,33,2,0.0,2,12483.56,Spain,Male,1,1
627,30,4,79871.02,2,129826.89,Germany,Female,1,0
663,27,9,0.0,2,150850.29,France,Female,1,0
625,39,5,0.0,2,32615.21,France,Female,1,0
601,20,9,122446.61,2,86791.9,Spain,Female,1,0
537,53,3,0.0,1,91406.62,France,Female,1,1
589,46,9,0.0,2,170676.67,France,Male,1,0
477,48,2,129120.64,1,26475.79,Spain,Female,0,1
710,43,9,128284.45,1,32996.89,France,Male,1,0
768,42,5,0.0,3,60686.4,France,Male,0,0
599,51,0,0.0,1,175235.99,Spain,Male,1,1
756,39,5,149363.12,2,109098.39,Germany,Female,1,1
607,27,5,100912.19,1,7631.27,Spain,Female,0,0
630,31,2,112373.49,2,131167.98,Germany,Female,1,1
586,42,2,0.0,1,102889.34,Spain,Female,1,0
628,29,9,71996.29,1,34857.46,France,Female,1,1
432,27,6,62339.81,2,53874.67,France,Female,0,0
638,43,3,145860.98,1,142763.51,France,Female,1,1
602,42,10,0.0,2,169921.11,France,Female,0,0
678,29,6,0.0,2,64443.75,Spain,Male,1,0
606,36,5,190479.48,2,179351.89,Germany,Male,0,0
543,41,4,0.0,1,194902.16,Spain,Female,0,0
790,37,8,0.0,2,149418.41,Spain,Male,1,1
615,19,5,0.0,2,159920.92,Spain,Male,1,0
602,49,0,191808.73,1,97640.2,France,Male,0,0
624,80,3,0.0,1,65801.44,France,Male,1,1
619,35,4,90413.12,1,20555.21,France,Female,1,1
566,32,10,147511.26,1,159891.03,Spain,Male,1,1
850,27,8,111837.78,2,110805.79,Germany,Female,1,1
621,59,2,0.0,2,171364.18,Spain,Female,1,1
527,37,5,93722.73,2,139093.73,Spain,Male,1,1
746,31,2,113836.27,1,174815.54,Spain,Male,1,1
751,31,8,0.0,2,17550.49,France,Male,0,0
630,55,2,0.0,1,106202.07,France,Male,1,1
559,39,2,0.0,2,121151.1,Spain,Female,1,1
683,43,8,0.0,1,96754.8,France,Male,1,0
609,31,9,103837.75,1,150218.11,Germany,Male,1,1
570,33,8,0.0,1,124641.42,France,Female,1,1
610,36,4,129440.3,2,102638.35,France,Male,1,0
624,35,2,0.0,2,87310.59,Spain,Male,1,0
598,38,0,125487.89,1,158111.71,France,Male,0,0
704,35,3,154206.07,2,40261.49,Germany,Female,1,1
660,35,9,113948.58,1,188891.96,Germany,Male,1,0
733,32,5,0.0,2,131625.14,Spain,Female,1,0
661,33,9,0.0,2,84174.81,France,Male,1,1
648,28,8,90371.09,1,146851.73,Germany,Female,1,1
758,34,3,0.0,2,124226.16,France,Female,1,1
459,48,4,133994.52,1,19287.06,Germany,Male,1,1
659,33,7,89939.62,1,136540.09,France,Female,1,0
747,45,1,114959.12,1,189362.39,France,Female,1,0
460,35,8,102742.91,2,189339.6,Germany,Female,1,1
533,52,7,0.0,1,194113.99,Spain,Female,0,1
846,37,6,127103.97,1,41516.44,France,Female,1,1
578,37,1,135650.88,1,199428.19,Germany,Male,1,0
565,52,5,97720.35,2,175070.94,Germany,Male,1,0
661,64,8,128751.65,2,189398.18,Germany,Female,1,0
599,34,2,101506.66,1,198030.24,Spain,Male,0,0
850,42,9,113311.11,1,198193.75,France,Female,1,1
596,32,3,96709.07,2,41788.37,Germany,Male,0,0
476,34,10,0.0,2,26260.98,France,Female,1,0
775,33,1,118897.1,2,26362.4,Germany,Female,1,1
578,31,5,102088.68,4,187866.21,Germany,Female,0,0
641,40,9,0.0,1,151648.66,France,Female,0,0
673,44,8,133444.97,1,5708.19,France,Female,0,1
749,29,7,137059.05,3,102975.72,Germany,Female,1,0
577,59,7,111396.97,1,191070.01,Germany,Female,0,1
655,35,1,106405.03,1,82900.25,Spain,Female,1,1
686,35,2,109342.82,2,86043.27,Germany,Male,0,1
602,33,5,164704.38,1,180716.1,France,Male,0,1
685,40,7,0.0,2,103898.59,France,Female,1,0
682,30,9,0.0,2,195104.91,France,Female,1,1
516,35,5,128653.59,1,127558.26,France,Male,1,0
429,60,7,0.0,2,163691.48,France,Male,1,1
643,45,2,150842.93,1,2319.96,Germany,Female,0,1
702,28,1,103033.83,1,40321.87,Germany,Male,1,1
643,59,3,170331.37,1,32171.79,Germany,Male,1,1
611,46,6,0.0,2,45886.33,Spain,Male,1,0
704,33,3,0.0,2,73018.74,Spain,Male,1,0
678,60,8,185648.56,1,192156.54,France,Male,0,0
765,41,2,0.0,2,191215.61,France,Male,0,1
657,25,2,171770.55,1,22745.5,Germany,Male,1,0
850,63,8,169832.57,1,184107.26,France,Male,0,0
691,33,1,128306.83,1,113580.79,France,Female,1,1
850,34,4,71379.53,2,154000.99,France,Female,1,1
557,38,2,129893.56,1,102076.03,Germany,Female,0,0
473,39,9,117103.26,2,85937.52,France,Female,1,1
751,29,10,147737.63,1,94951.27,France,Male,0,1
744,50,1,121498.11,2,106061.47,Germany,Female,0,1
627,43,8,71240.3,1,127734.16,France,Male,0,1
757,30,6,105128.85,2,62972.13,Germany,Male,1,1
745,51,3,99183.9,1,28922.25,Germany,Male,1,1
755,28,7,124540.28,1,188850.89,France,Female,0,1
533,49,1,102286.6,3,69409.37,Germany,Female,1,0
573,37,6,0.0,2,193995.37,France,Female,1,0
622,42,9,0.0,2,119127.06,Spain,Male,1,0
577,25,3,0.0,2,124508.29,France,Male,0,1
675,32,1,0.0,3,85901.09,France,Male,1,0
759,35,7,147936.42,1,106785.7,Spain,Female,1,1
693,35,5,124151.09,1,88705.14,France,Female,1,0
639,38,4,81550.94,2,118974.77,France,Female,0,1
567,40,8,28649.64,1,95140.62,Spain,Male,1,1
850,43,8,92244.83,2,54949.73,Germany,Female,1,0
681,44,4,91115.76,2,24208.84,Germany,Female,0,0
805,39,5,165272.13,1,14109.85,Spain,Female,1,0
641,32,5,122947.92,1,99154.86,Germany,Male,1,1
637,55,1,123378.2,1,81431.99,Germany,Female,1,0
560,31,5,125341.69,1,79547.39,Spain,Female,1,0
568,47,7,0.0,2,45978.39,France,Female,1,1
679,33,4,96110.22,1,1173.23,Spain,Male,1,0
655,45,7,57327.04,1,47349.0,France,Female,0,1
553,43,6,85200.82,2,160574.09,Germany,Male,1,1
450,25,9,74237.2,2,195463.35,Spain,Male,0,1
771,39,5,0.0,2,96270.64,France,Male,1,0
647,47,10,99835.17,1,89103.05,Spain,Male,0,1
637,33,7,103377.81,1,84419.78,France,Female,1,0
663,53,6,150200.23,1,151317.27,Spain,Female,0,1
725,31,8,0.0,2,59650.42,France,Male,1,1
709,62,3,0.0,2,82195.15,Spain,Male,1,1
850,28,8,67639.56,2,194245.29,France,Male,1,1
763,31,4,0.0,2,50404.72,France,Female,0,0
759,46,2,0.0,1,138380.11,France,Female,1,1
556,42,0,115915.53,2,125435.47,Germany,Male,0,1
617,42,0,70105.87,1,120830.73,Spain,Male,1,1
735,34,5,0.0,2,71095.41,Spain,Male,0,0
649,31,2,0.0,2,15200.61,France,Female,1,0
500,44,9,160838.13,2,196261.64,Germany,Male,1,0
697,25,5,82931.85,2,128373.88,Spain,Female,1,1
645,37,7,0.0,2,13589.93,Spain,Female,1,0
748,34,8,0.0,2,53584.03,France,Female,1,0
538,62,3,75051.49,1,17682.02,France,Female,0,0
765,36,8,92310.54,2,72924.56,Germany,Male,1,1
722,38,3,0.0,2,167984.72,France,Female,0,1
708,23,4,71433.08,1,103697.57,Germany,Female,1,0
700,26,4,119009.57,1,141926.43,France,Male,1,0
612,24,1,182705.05,1,171837.06,France,Male,1,1
564,26,7,84006.88,2,183490.99,France,Male,0,0
657,40,7,99165.84,1,119333.95,Germany,Male,0,1
779,26,4,174318.13,2,38296.21,Spain,Female,0,1
716,39,1,70657.61,2,76476.05,France,Male,1,1
576,63,3,148843.56,1,69414.13,Germany,Male,1,0
731,29,5,179539.2,1,112010.02,France,Male,0,0
607,31,1,102523.88,1,166792.71,France,Female,1,1
560,66,9,0.0,1,15928.49,France,Female,1,1
729,37,10,0.0,2,100862.54,Spain,Male,1,0
504,42,3,134936.97,2,135178.91,France,Male,0,0
601,26,8,78892.23,1,23703.52,France,Female,1,1
673,37,0,0.0,2,82351.06,Spain,Female,0,0
691,38,9,163965.69,2,103511.26,Germany,Male,0,1
632,42,4,119624.6,2,195978.86,Germany,Male,1,1
535,30,5,122924.75,1,62390.59,Spain,Female,0,0
432,38,7,0.0,2,150580.88,Spain,Male,1,0
522,32,8,124450.36,2,165786.1,Germany,Male,1,1
668,24,7,173962.32,1,106457.11,Spain,Female,0,0
774,42,3,137781.65,1,199316.19,France,Female,0,0
719,35,1,100829.94,1,165008.97,Spain,Male,1,1
699,26,6,79932.41,1,150242.44,Spain,Male,0,0
591,40,2,99886.42,2,88695.19,France,Male,1,1
690,39,6,0.0,2,160532.88,France,Male,1,0
680,35,9,0.0,2,143774.06,Spain,Male,0,0
761,26,1,0.0,2,199409.19,France,Female,1,1
850,35,9,102050.47,1,3769.71,France,Male,1,1
744,36,10,0.0,2,182867.84,France,Male,1,1
757,47,3,130747.1,1,143829.54,France,Male,1,0
794,22,4,114440.24,1,107753.07,Spain,Female,1,1
653,35,9,0.0,2,45956.05,Spain,Male,1,1
745,32,2,0.0,4,179705.13,France,Female,0,1
675,33,3,0.0,2,45348.08,Spain,Male,1,0
576,30,7,132174.41,2,93767.03,Germany,Male,0,0
644,32,8,141528.88,1,167087.34,Germany,Female,1,1
452,30,7,112935.87,1,99017.34,France,Male,1,1
598,39,5,0.0,2,83103.46,Spain,Female,1,1
758,40,3,0.0,2,96097.65,Spain,Male,0,0
638,33,5,129335.65,1,56585.2,Germany,Female,1,1
638,50,1,102645.48,1,168359.98,Germany,Male,1,0
630,41,7,107511.52,1,46156.87,Spain,Male,0,1
639,32,9,0.0,2,111340.36,France,Male,1,0
798,60,6,96956.1,1,31907.44,France,Female,1,0
421,34,6,90723.36,1,12162.76,Spain,Male,1,1
574,33,3,129834.67,1,193131.42,Germany,Male,1,0
708,52,10,105355.81,1,123.07,France,Male,1,0
536,46,1,65733.41,1,61094.53,France,Male,1,0
605,39,7,0.0,1,119348.28,France,Male,0,1
655,38,9,0.0,1,90490.33,Spain,Male,0,1
599,27,5,0.0,2,30546.4,France,Male,1,0
706,44,2,185932.18,2,65413.41,Germany,Female,1,0
481,40,3,0.0,1,32319.93,France,Male,1,1
775,29,10,0.0,2,68143.93,Spain,Male,1,1
605,34,2,0.0,1,35982.42,France,Female,0,0
731,33,4,0.0,2,74945.11,France,Male,1,1
726,37,2,132057.92,2,34743.98,France,Male,1,0
570,29,4,122028.65,2,173792.77,Germany,Male,1,1
503,37,8,0.0,2,97893.32,France,Female,1,1
716,35,4,144428.87,1,134132.65,France,Male,1,0
675,32,2,155663.31,1,97658.66,France,Female,1,0
593,32,6,99162.29,1,128384.11,France,Male,1,0
520,31,3,108914.17,1,183572.39,Germany,Female,1,1
835,56,2,0.0,2,39820.13,France,Female,1,1
720,44,4,0.0,2,163471.01,France,Male,1,0
691,50,6,136953.47,1,2704.98,France,Male,1,1
739,40,1,109681.61,1,193321.3,Spain,Male,1,1
595,52,9,0.0,1,106340.66,France,Male,1,1
704,38,6,106687.76,1,173776.5,Spain,Male,1,0
714,20,3,0.0,2,150465.93,Spain,Male,0,1
489,40,3,221532.8,1,171867.08,Spain,Male,1,0
479,26,1,0.0,2,19116.97,France,Female,1,1
769,39,8,0.0,1,21016.0,France,Female,0,1
730,52,7,0.0,2,122398.84,Spain,Female,0,1
552,38,9,134105.01,1,57850.1,France,Female,0,0
529,31,2,164003.05,2,60993.23,France,Female,1,1
583,24,9,135125.28,1,89801.9,France,Male,0,0
771,45,0,139825.56,1,170984.97,Spain,Male,0,0
661,31,3,133964.3,1,166187.1,France,Female,1,1
586,33,7,0.0,2,168261.4,Spain,Female,1,1
632,38,1,120599.21,1,92816.86,Spain,Male,1,0
599,36,3,128960.21,2,40318.33,Germany,Male,1,1
649,45,5,92786.66,1,173365.9,France,Female,1,0
579,45,2,0.0,2,11514.39,France,Female,0,0
418,28,7,98738.92,1,122190.22,France,Male,1,0
790,31,2,151290.16,1,172437.12,France,Female,1,1
556,39,9,89588.35,1,94898.1,France,Female,1,1
470,34,9,0.0,2,89013.67,Spain,Male,0,1
672,21,3,165878.76,2,164537.17,Germany,Female,1,1
514,32,8,0.0,2,95857.18,France,Male,1,0
717,38,7,0.0,2,158580.05,France,Male,1,1
635,78,6,47536.4,1,119400.08,France,Female,1,1
639,27,3,150795.81,1,85208.93,Germany,Male,0,1
579,31,2,90547.48,2,18800.13,Germany,Male,1,1
629,37,1,35549.81,2,49676.33,Germany,Female,0,0
660,63,8,137841.53,1,42790.29,France,Male,1,1
562,75,5,87140.85,1,39351.64,France,Male,1,1
431,42,8,120822.86,2,126153.24,Germany,Male,1,0
685,33,6,174912.72,1,43932.54,France,Male,1,1
764,24,0,0.0,2,88724.49,France,Female,1,0
806,34,5,113958.55,1,32125.98,France,Male,0,1
737,70,9,87542.89,2,42576.86,France,Female,1,1
543,30,4,140916.81,1,157711.18,France,Male,1,0
612,62,8,140745.33,1,193437.89,Germany,Female,1,0
563,22,3,137583.04,1,5791.85,France,Male,0,1
700,46,5,56580.95,2,45424.13,Spain,Female,0,1
422,41,6,153238.88,1,11663.09,France,Male,1,0
703,44,6,98862.54,1,151516.7,France,Male,1,0
850,81,1,0.0,2,59568.24,France,Female,1,1
673,34,8,42157.08,1,20598.59,France,Female,1,0
726,44,2,0.0,2,26733.86,France,Female,1,1
683,43,2,112499.42,2,30375.18,France,Male,1,0
494,27,2,0.0,2,22404.64,Spain,Male,1,0
628,33,8,152143.89,1,32174.03,Germany,Male,1,1
615,58,3,72309.3,1,85687.09,Germany,Male,1,1
659,44,9,23503.31,1,169862.01,France,Female,0,1
798,38,4,129055.13,1,157147.59,Germany,Female,1,0
598,34,4,0.0,2,60894.26,France,Female,0,0
582,35,8,121309.17,2,28750.67,Germany,Male,1,1
734,43,7,107805.67,1,182505.68,France,Male,0,0
473,35,7,131504.73,1,189560.43,Germany,Female,1,0
572,51,8,97750.07,3,193014.26,Germany,Male,1,1
573,26,4,129109.02,1,149814.68,France,Female,0,0
493,32,8,46161.18,1,79577.4,Spain,Male,1,1
654,24,8,145081.73,1,130075.07,France,Female,1,1
705,24,7,100169.51,1,121408.55,France,Female,1,0
541,39,9,100116.67,1,199808.1,Germany,Female,1,1
593,43,9,0.0,2,76357.43,France,Male,1,1
676,29,4,140720.93,1,36221.18,France,Male,1,0
449,37,6,0.0,2,82176.48,France,Female,1,0
735,50,2,0.0,2,147075.69,France,Male,0,1
567,44,9,0.0,2,87677.15,Spain,Male,1,0
706,56,3,139603.22,1,86383.61,Germany,Female,1,1
773,64,2,145578.28,1,186172.85,France,Male,0,1
694,33,4,124067.32,1,77906.87,Germany,Male,1,1
652,48,4,59486.31,1,163944.18,France,Male,1,0
609,25,10,0.0,1,109895.16,France,Male,0,1
609,37,1,39344.83,1,178291.89,France,Male,1,1
788,42,6,138650.49,2,64746.07,Germany,Female,1,0
633,44,7,0.0,2,29761.29,France,Female,1,0
659,37,1,151105.68,1,140934.57,France,Female,1,1
608,44,7,114203.47,1,77830.36,Germany,Male,1,1
661,41,5,122552.48,2,120646.4,Germany,Male,0,1
679,41,8,147726.98,3,172749.4,France,Male,1,0
603,40,8,148897.02,1,105052.9,Germany,Female,0,0
665,29,1,182781.74,2,63732.9,Spain,Male,1,1
587,36,1,70784.27,1,30579.82,France,Female,1,0
575,57,8,137936.94,1,84475.13,France,Female,1,1
710,33,2,0.0,2,72945.32,France,Female,1,0
711,28,5,0.0,2,93959.96,Spain,Female,1,1
600,57,9,138456.03,2,103548.25,Germany,Male,1,1
814,31,6,87772.52,1,188516.45,France,Female,1,0
605,51,3,136188.78,1,67110.59,France,Female,1,1
845,38,2,112803.92,1,179631.85,Spain,Female,1,0
516,50,5,0.0,1,146145.93,Spain,Male,0,1
673,40,5,137494.28,1,81753.92,France,Female,1,0
458,39,9,0.0,2,116343.09,France,Female,1,0
534,33,3,151233.62,1,199336.63,Spain,Female,0,0
705,49,7,0.0,1,63405.2,France,Female,1,0
755,37,0,113865.23,2,117396.25,Germany,Female,1,1
555,32,4,0.0,2,54405.79,Spain,Male,1,1
565,38,5,0.0,2,80630.32,France,Male,0,1
810,32,9,120879.73,2,78896.59,France,Male,0,1
516,47,6,109387.33,1,121365.45,France,Female,0,0
710,27,2,135277.96,1,142200.15,Spain,Female,1,0
833,39,3,0.0,2,1710.89,France,Female,1,0
755,29,3,0.0,3,4733.94,France,Female,1,0
574,37,7,0.0,2,32262.28,Spain,Female,1,0
712,39,5,163097.55,2,23702.42,Spain,Female,1,1
538,38,8,88758.95,2,28226.15,France,Female,0,0
555,62,4,119817.33,1,43507.1,Germany,Male,0,1
557,34,3,0.0,1,123427.98,Spain,Male,0,1
598,34,0,104488.17,1,43249.67,Spain,Male,0,1
774,40,9,93017.47,2,191608.97,France,Male,1,0
413,34,9,0.0,2,6534.18,France,Male,0,0
520,39,1,73493.17,1,109626.13,France,Female,0,1
608,33,4,0.0,1,130474.03,France,Male,0,1
471,28,5,0.0,2,22356.97,Spain,Female,1,1
716,27,1,122552.34,2,67611.36,Germany,Male,1,0
644,34,10,122196.99,2,182099.71,Germany,Female,1,1
741,53,3,0.0,2,38913.68,Spain,Male,1,1
673,41,5,0.0,1,65657.29,France,Male,1,1
523,26,4,0.0,2,185488.81,France,Female,1,0
572,48,3,152827.99,1,38411.79,Germany,Female,1,0
725,39,1,50880.98,2,184023.54,Germany,Male,1,1
614,36,1,118311.76,1,146134.68,France,Male,1,0
811,46,9,180226.24,1,13464.64,France,Male,1,0
525,57,2,145965.33,1,64448.36,Spain,Female,1,1
701,33,9,147510.34,1,190611.92,France,Male,1,0
738,29,9,139106.19,1,141872.05,Germany,Female,1,0
608,62,8,144976.5,1,175836.03,France,Female,0,0
610,49,6,113882.33,1,195813.81,Germany,Male,1,0
647,33,3,168560.46,2,90270.16,Germany,Female,0,0
631,29,2,0.0,2,18581.84,France,Male,1,1
676,34,1,63095.01,1,40645.81,France,Female,1,1
850,37,7,153147.75,1,152235.3,France,Female,1,1
609,39,2,139443.75,2,9234.06,Spain,Male,1,0
635,29,7,105405.97,1,149853.89,France,Male,1,1
644,34,9,112746.54,2,141230.07,Germany,Male,0,0
559,25,5,0.0,2,163221.22,Spain,Male,1,1
541,39,7,0.0,2,19823.02,France,Male,1,0
688,34,9,91025.58,2,163783.0,Germany,Female,0,1
569,35,10,124525.52,1,193793.78,France,Male,1,1
773,47,2,118079.47,4,143007.49,Germany,Male,1,1
575,47,9,107915.94,2,63452.18,Germany,Male,1,1
667,36,1,114391.62,1,53412.54,Germany,Female,1,1
670,31,1,142631.54,2,175894.24,Germany,Male,1,1
676,35,5,106836.67,2,84199.78,France,Male,1,0
564,44,3,111760.4,3,104722.47,Germany,Female,1,1
696,42,4,0.0,1,126353.13,France,Male,0,0
572,39,4,112290.22,1,49373.97,Germany,Male,1,0
570,30,10,176173.52,1,97045.32,France,Female,1,0
747,41,5,94521.17,2,194926.86,Spain,Female,1,0
759,40,4,0.0,2,124615.59,France,Male,1,0
622,31,7,0.0,1,35408.77,France,Male,1,0
633,43,3,144164.29,1,158646.46,Germany,Male,1,1
754,50,7,146777.44,2,150685.52,Spain,Female,0,1
527,58,3,137318.42,1,126144.96,Germany,Male,1,1
550,40,8,150490.32,1,166468.21,France,Female,0,0
757,23,2,80673.96,2,93991.65,France,Male,1,0
716,33,2,0.0,2,92916.53,Spain,Male,1,1
528,29,9,170214.23,2,49284.0,Germany,Female,1,0
479,35,4,138718.92,1,47251.79,Germany,Male,1,1
850,81,5,0.0,2,44827.47,France,Male,1,1
778,38,3,145018.49,2,126702.41,France,Male,1,1
646,39,9,111574.41,1,30838.51,Germany,Male,1,1
794,45,8,88656.37,2,116547.31,Spain,Male,1,0
684,18,9,90544.0,1,4777.23,Germany,Male,0,1
717,36,2,99472.76,2,94274.72,France,Female,1,0
827,35,0,0.0,2,184514.01,Spain,Female,0,1
807,43,0,0.0,2,85523.24,Spain,Female,0,1
640,47,6,89047.14,1,116286.25,Spain,Male,1,0
502,42,8,159660.8,3,113931.57,France,Female,1,0
586,51,2,138553.57,1,92406.22,France,Male,1,1
670,31,9,0.0,1,76254.83,France,Female,0,1
675,38,1,104016.88,1,22068.83,France,Female,0,0
758,23,5,122739.1,1,102460.84,Germany,Female,1,0
473,48,8,0.0,2,71139.8,Spain,Male,1,0
651,23,10,0.0,2,170099.23,France,Male,1,1
618,32,5,133476.09,1,154843.4,Spain,Male,0,1
620,22,0,0.0,1,32589.45,France,Male,1,0
515,29,4,151012.55,2,9770.97,Spain,Male,1,0
466,41,3,33563.95,2,178994.13,France,Female,1,0
632,44,3,133793.89,1,34607.14,France,Female,1,1
555,50,7,128061.0,2,62375.1,Spain,Male,1,1
698,39,9,161993.89,1,90212.38,Spain,Female,0,0
635,41,10,0.0,2,61994.2,Spain,Female,1,1
569,28,7,0.0,2,73977.23,France,Male,1,0
755,38,4,111096.91,1,19762.88,Germany,Male,1,1
614,66,2,0.0,2,180082.7,Spain,Male,0,1
755,23,5,84284.48,2,62851.6,France,Male,1,1
588,32,1,0.0,2,8763.87,France,Male,1,1
527,35,8,0.0,1,98031.53,Spain,Female,1,0
555,51,9,138214.5,1,198715.27,Germany,Female,1,0
753,44,3,138076.47,1,15523.09,Germany,Male,1,0
824,26,7,146266.0,1,21903.62,France,Male,1,0
840,39,1,94968.97,1,84487.62,France,Female,1,0
600,43,5,134022.06,1,194764.83,France,Female,1,0
806,25,7,0.0,2,18461.9,Spain,Male,1,0
724,40,6,110054.45,1,86950.72,France,Female,1,1
705,39,3,92224.56,1,54517.25,France,Female,1,1
583,51,6,125268.03,2,165082.25,France,Male,1,0
503,32,9,100262.88,2,157921.25,Spain,Male,1,1
595,32,8,131081.66,2,69428.79,Germany,Male,1,1
683,30,4,114779.35,1,183171.47,France,Male,0,0
587,32,3,125445.04,2,130514.78,Germany,Female,1,1
773,52,4,0.0,1,144113.42,France,Male,0,1
508,26,7,205962.0,1,156424.4,France,Male,1,0
709,40,9,131569.63,1,103970.58,France,Female,1,1
582,38,9,135979.01,4,76582.95,France,Female,1,1
681,41,0,120549.29,2,175722.31,France,Female,1,0
818,26,4,0.0,2,167036.94,Spain,Male,1,1
488,34,3,0.0,2,125979.36,France,Male,1,1
727,32,1,59271.82,1,46019.43,France,Male,1,1
704,44,3,0.0,2,152884.85,France,Male,0,1
602,42,1,138912.17,1,139494.75,Spain,Female,1,1
692,46,2,0.0,2,105983.09,Spain,Male,1,1
653,38,9,149571.94,1,118383.18,Spain,Female,1,0
589,38,2,0.0,1,79915.28,France,Male,1,0
548,41,4,82596.8,1,55672.09,France,Female,0,1
509,25,3,108738.71,2,106920.57,Spain,Female,1,0
562,51,1,124662.54,1,65390.46,France,Female,1,1
777,44,3,124655.59,2,79792.3,Germany,Male,0,1
724,28,5,97612.12,1,96498.14,France,Male,1,1
555,24,5,0.0,2,27513.47,France,Male,1,0
737,35,0,133377.8,1,64050.19,Germany,Male,0,1
607,49,9,119960.29,2,103068.22,France,Female,1,0
731,43,9,79120.27,1,548.52,Germany,Female,0,0
631,29,3,0.0,2,197963.46,Spain,Male,1,1
547,50,3,81290.02,3,177747.03,Germany,Male,0,1
518,59,5,138772.15,1,123872.0,France,Male,0,1
701,28,1,103421.32,1,76304.73,Spain,Male,0,1
850,38,2,0.0,2,9015.07,France,Female,1,0
732,40,10,0.0,2,154189.08,France,Female,1,0
479,51,1,107714.74,3,86128.21,Germany,Male,1,0
709,35,2,0.0,2,104982.39,Spain,Male,1,0
805,45,9,116585.97,1,189428.75,Germany,Female,1,0
817,37,6,81070.34,2,80985.88,France,Female,1,0
429,24,4,95741.75,1,46170.75,France,Male,1,0
580,67,3,153946.14,1,7418.92,Spain,Male,1,1
594,37,2,0.0,2,95864.5,France,Male,0,1
525,37,0,0.0,1,131521.72,Spain,Female,0,1
723,35,0,0.0,2,61290.99,France,Female,0,1
692,29,4,0.0,2,138880.24,Spain,Female,0,0
703,38,9,99167.54,1,65720.92,Germany,Female,1,0
764,39,1,129068.54,2,187905.12,France,Female,1,1
606,39,3,0.0,2,50560.45,France,Female,1,0
592,60,9,0.0,4,13614.01,France,Male,1,1
648,43,1,107963.38,1,186438.86,Germany,Female,0,0
850,35,7,110349.82,1,126355.8,Spain,Male,0,0
682,36,5,72373.62,2,36895.99,Germany,Male,1,0
667,23,6,136100.69,2,169669.33,Spain,Female,0,0
681,38,2,99811.44,2,23531.5,Spain,Male,1,0
806,59,0,135296.33,1,182822.5,Germany,Female,1,0
675,35,8,0.0,2,29062.25,Spain,Male,1,0
604,56,0,62732.65,1,124954.56,France,Female,0,1
520,49,5,121197.64,1,72577.33,France,Male,1,0
850,45,5,174088.3,4,5669.31,Spain,Female,1,0
769,45,5,126674.81,1,124118.71,Germany,Female,1,0
581,25,5,77886.53,2,150319.49,France,Male,1,0
498,29,8,127864.26,1,46677.9,Spain,Male,1,1
635,31,1,0.0,2,135382.23,Spain,Male,1,0
655,32,6,130935.56,1,9241.83,Germany,Female,1,0
543,22,8,0.0,2,127587.22,France,Male,0,0
648,38,10,82697.28,1,74846.67,France,Male,1,0
849,37,7,143452.74,2,17294.12,Germany,Male,1,1
600,46,10,95502.21,1,19842.18,France,Male,0,0
760,57,1,0.0,2,25101.17,Spain,Female,1,1
739,41,8,0.0,1,191694.77,Spain,Female,1,0
606,27,6,172310.33,1,111448.92,Germany,Female,0,1
555,27,8,102000.17,1,116757.0,France,Female,1,1
850,32,0,116968.91,1,175094.62,Germany,Female,0,0
793,56,8,119496.25,2,29880.99,France,Male,1,0
670,36,2,84266.44,2,38614.69,Germany,Female,0,0
476,40,6,0.0,1,22735.45,France,Male,1,1
782,35,4,0.0,1,119565.34,France,Female,1,1
530,45,1,0.0,1,190663.89,France,Female,0,1
679,26,3,76554.06,1,184800.27,Spain,Female,1,1
658,31,3,133003.03,1,146339.27,Germany,Female,0,1
638,46,9,139859.54,1,38967.29,France,Male,1,0
682,29,6,101012.77,1,32589.89,Germany,Female,0,0
556,31,1,128663.81,2,125083.29,Germany,Female,1,0
540,48,0,148116.48,1,116973.48,France,Male,0,0
484,54,3,134388.11,1,49954.79,Germany,Male,0,0
760,34,6,121303.77,2,59325.21,Germany,Male,1,1
850,30,8,154870.28,1,54191.38,Germany,Female,1,1
850,31,3,121237.65,1,31022.56,Spain,Female,1,1
668,36,3,133686.52,1,190958.48,Spain,Female,1,0
520,29,8,95947.76,1,4696.44,France,Female,1,0
684,46,0,0.0,2,36376.97,France,Male,1,1
654,32,2,0.0,1,51972.92,Spain,Female,1,1
710,23,6,0.0,2,134188.11,Spain,Male,1,1
528,62,7,133201.17,1,168507.68,Germany,Female,0,0
767,23,2,139542.82,1,28038.28,Germany,Male,0,1
643,39,7,0.0,2,170392.59,France,Male,1,1
675,32,8,197436.82,1,52710.7,Spain,Male,1,1
720,33,9,0.0,2,142956.48,France,Male,1,1
736,28,2,0.0,2,117431.1,Spain,Female,1,1
716,44,6,155114.9,1,133871.83,France,Female,0,0
847,35,5,111743.43,1,183584.14,Germany,Female,1,1
754,57,2,101134.87,2,70954.41,Germany,Male,1,1
477,58,8,145984.92,1,24564.7,Germany,Female,1,1
679,58,9,109327.65,1,3829.13,Spain,Male,1,1
614,40,6,0.0,1,20339.79,France,Male,1,1
755,43,6,165048.5,3,16929.41,Germany,Male,1,0
697,36,7,0.0,2,74760.32,France,Male,1,1
772,30,6,99785.28,2,197238.03,Germany,Male,0,0
821,40,1,0.0,2,194273.12,France,Female,1,0
631,51,8,100654.8,1,171587.9,France,Male,1,0
806,31,10,138653.51,1,190803.37,Germany,Male,1,0
645,42,4,98298.18,1,676.06,France,Male,1,1
690,31,2,137260.45,2,55387.28,Germany,Male,1,0
660,33,2,80462.24,1,150422.35,Spain,Male,0,0
564,31,0,125175.58,1,72757.33,Spain,Male,1,1
714,49,4,93059.34,1,7571.51,Germany,Female,1,0
567,42,2,0.0,2,167984.61,France,Male,1,1
615,32,4,0.0,2,6225.63,France,Male,1,1
682,40,4,0.0,1,105352.55,France,Male,0,1
758,33,7,0.0,2,82996.47,France,Female,0,0
478,38,4,171913.87,1,51820.87,France,Female,1,0
687,36,5,0.0,1,17696.22,Spain,Female,1,0
559,67,9,125919.35,1,175910.95,Spain,Male,1,0
587,49,7,155393.98,2,13308.2,Germany,Female,1,0
615,39,4,133707.09,1,108152.75,France,Male,1,1
638,34,6,114543.27,1,97755.29,France,Male,1,1
640,39,3,0.0,1,105997.25,Spain,Male,1,1
466,26,9,105522.06,1,10842.46,France,Male,1,0
669,38,9,121858.98,1,130755.34,France,Female,1,0
562,35,7,0.0,1,48869.67,France,Male,0,0
502,37,10,0.0,1,76642.68,France,Male,1,1
684,42,3,103210.27,1,31002.03,Spain,Female,1,0
678,66,8,0.0,2,47117.03,France,Male,1,1
600,49,6,0.0,1,148087.88,France,Female,0,1
497,34,2,0.0,2,83087.13,France,Male,1,1
665,25,7,90920.75,1,112256.57,France,Male,0,1
682,61,10,73688.2,1,172141.33,France,Male,1,1
514,35,3,121030.9,1,10008.68,France,Male,1,0
682,64,9,0.0,2,103318.44,Spain,Female,1,1
493,36,9,0.0,2,65816.53,France,Male,1,1
724,31,9,138166.3,1,12920.43,Germany,Male,1,0
595,46,5,142360.62,2,48421.4,Germany,Male,1,0
635,72,4,74812.84,1,27448.33,France,Female,0,1
581,30,0,53291.86,1,196582.28,Spain,Male,0,0
616,46,2,0.0,2,137136.46,France,Male,1,0
639,35,8,0.0,2,170483.9,France,Male,1,0
680,42,0,0.0,1,136377.21,Spain,Male,1,0
688,45,9,103399.87,1,129870.93,Germany,Male,0,0
597,72,6,124978.19,2,7144.46,Germany,Female,1,1
760,37,7,0.0,1,32863.24,France,Male,0,0
469,48,5,0.0,1,160529.71,France,Female,1,0
777,29,2,0.0,2,124489.88,France,Male,1,0
614,43,6,0.0,2,109041.53,France,Female,1,1
625,36,9,108546.16,3,133807.77,France,Male,1,0
430,38,8,153058.64,1,99377.27,Germany,Female,1,0
551,42,1,50194.59,1,23399.58,France,Male,1,1
706,46,2,127660.46,2,150156.82,Spain,Female,1,0
648,37,6,131753.41,1,86894.67,Germany,Male,1,0
652,41,9,159434.03,1,178373.93,Germany,Male,1,0
549,55,1,137592.31,2,116548.02,Germany,Female,0,1
763,23,2,0.0,2,153983.99,France,Female,1,0
595,41,9,150463.11,2,81548.38,Germany,Female,0,1
479,35,4,125920.98,1,20393.44,Spain,Male,1,1
716,38,4,0.0,2,189678.7,France,Male,1,0
487,45,2,0.0,2,77475.73,France,Male,1,0
492,39,10,124576.65,2,148584.61,Germany,Male,1,0
643,33,0,137811.75,1,184856.89,France,Female,1,1
733,30,1,102452.71,1,21556.95,Germany,Female,1,0
479,24,6,107637.97,2,169505.83,Germany,Male,0,1
630,53,5,138053.67,1,114110.97,France,Male,0,1
678,60,10,117738.81,1,147489.76,France,Female,1,0
710,54,6,171137.62,1,167023.95,France,Male,1,1
585,32,8,144705.87,2,171482.56,France,Female,0,0
755,34,3,0.0,2,158816.03,France,Male,1,1
643,25,4,115142.9,1,148098.95,Germany,Male,1,1
535,53,5,141616.55,2,75888.65,Germany,Female,1,1
720,34,6,110717.38,1,9398.45,France,Female,1,1
516,33,10,138847.9,1,127256.7,Germany,Female,1,1
666,33,2,124125.26,1,81884.8,Germany,Male,1,0
782,36,5,81210.72,2,108003.38,France,Male,0,1
702,44,9,0.0,1,59207.41,Spain,Male,0,0
622,33,3,96926.12,2,48553.77,Germany,Male,1,0
617,37,9,101707.8,1,123866.28,Spain,Female,1,0
629,38,9,123948.85,1,76053.07,Germany,Female,1,0
762,69,9,183744.98,1,196993.69,Spain,Female,1,1
589,55,7,119961.48,1,65156.83,Germany,Male,1,0
600,37,4,0.0,3,7312.25,France,Female,1,0
699,51,2,92246.14,2,91346.03,Germany,Female,0,1
544,53,9,0.0,1,125692.07,Spain,Female,1,0
728,29,1,0.0,1,83056.22,Spain,Female,1,1
691,29,9,116536.43,1,51987.99,France,Female,1,0
584,30,8,112013.81,1,177772.03,Germany,Female,1,0
618,40,0,0.0,1,119059.13,France,Female,1,0
783,44,3,81811.71,1,164213.53,Spain,Female,1,0
684,59,9,122471.09,1,15807.07,Germany,Male,0,1
536,53,2,143923.96,1,2019.78,Spain,Male,1,0
539,29,4,0.0,2,100919.19,France,Female,1,1
632,40,9,139625.34,1,93702.96,France,Female,1,0
616,39,2,121704.32,2,55556.3,Germany,Male,1,0
683,40,8,0.0,1,75848.22,Spain,Male,1,0
493,54,3,167831.88,2,150159.95,France,Male,1,0
612,39,5,170288.38,1,59601.15,Spain,Male,1,1
536,23,6,92366.72,2,120661.71,Germany,Male,1,0
719,35,3,122964.88,1,138231.7,Spain,Male,1,1
554,27,4,0.0,2,135083.73,Spain,Female,1,1
681,44,3,105206.7,2,163558.36,Germany,Female,1,1
634,27,3,107027.52,1,173425.68,Germany,Male,1,0
730,36,8,148749.29,2,91830.75,France,Female,1,0
681,32,3,148884.47,2,90967.37,France,Male,1,1
611,29,4,78885.88,2,26927.69,Germany,Female,1,1
631,36,1,0.0,2,133141.34,France,Male,0,0
703,35,5,140691.08,2,167810.26,Germany,Male,1,0
724,37,10,68598.56,1,157862.82,France,Female,1,0
638,48,2,0.0,2,7919.08,Spain,Male,1,1
775,33,3,83501.66,2,128841.31,Germany,Male,1,0
750,47,7,121376.15,2,54473.6,France,Female,1,0
628,29,3,113146.98,2,124749.08,Germany,Male,0,1
613,36,9,131307.11,1,83343.73,France,Male,0,0
712,53,2,111061.01,2,26542.17,Spain,Male,0,0
717,33,10,102185.42,2,23231.93,Germany,Female,1,0
790,25,5,152885.77,1,58214.79,Germany,Female,1,0
534,29,7,174851.9,1,79178.31,France,Male,1,1
646,42,3,175159.9,2,67124.48,France,Female,0,0
460,46,4,127559.97,2,126952.5,Germany,Male,1,1
698,64,1,169362.43,1,84760.32,Germany,Female,1,0
706,23,2,93301.97,2,127187.04,Germany,Male,0,1
560,57,0,0.0,2,116781.71,France,Male,0,1
587,39,10,0.0,2,170409.45,France,Male,1,1
762,29,6,141389.06,1,54122.89,France,Male,1,0
510,50,7,123936.54,1,23768.01,Germany,Female,1,1
646,73,6,97259.25,1,104719.66,France,Female,0,1
619,44,3,116967.68,1,5075.17,France,Male,1,0
819,38,10,0.0,2,30498.7,France,Female,1,0
714,63,4,138082.16,1,166677.54,France,Male,0,1
652,42,3,83492.07,2,37914.12,Spain,Female,1,0
485,30,7,0.0,1,107067.37,Spain,Female,1,0
730,33,7,130367.87,1,15142.1,Germany,Female,1,0
847,37,9,112712.17,1,116097.26,Spain,Female,1,0
677,46,2,57037.74,1,158531.01,France,Male,1,1
730,35,0,155470.55,1,53718.28,France,Female,1,1
741,39,5,0.0,1,40207.06,France,Male,0,1
792,47,0,0.0,1,5557.88,Spain,Male,1,1
594,35,2,133853.27,1,65361.66,France,Male,1,1
609,40,6,0.0,2,97416.34,France,Male,1,1
628,34,4,158741.43,2,126192.54,France,Male,1,1
710,58,7,170113.0,2,10494.64,Germany,Male,0,1
850,28,2,101100.22,2,35337.31,Germany,Male,1,1
656,28,8,120047.77,1,137173.39,Spain,Male,1,1
684,36,5,174180.39,1,119830.08,Spain,Female,1,0
655,34,7,118028.35,1,51226.32,Germany,Male,1,0
727,18,2,93816.7,2,126172.11,Germany,Female,1,0
552,33,3,144962.74,1,58844.84,Germany,Male,1,0
717,50,9,90305.76,1,124626.57,France,Male,1,1
510,63,8,0.0,2,115291.86,France,Male,1,1
703,51,3,0.0,3,77294.56,France,Female,1,1
635,27,3,127009.83,1,161909.95,France,Male,1,0
681,49,8,142946.18,1,187280.51,Germany,Male,0,0
700,30,9,0.0,1,174971.64,France,Female,1,1
744,38,9,0.0,2,20940.76,France,Female,0,0
802,37,9,115569.21,1,119782.89,Germany,Male,0,1
558,31,7,0.0,1,198269.08,France,Male,1,0
744,36,2,153804.44,1,87213.33,Spain,Male,1,1
568,43,9,0.0,1,125870.79,Spain,Female,1,0
583,48,3,91246.53,1,60017.46,France,Male,1,0
535,44,2,114427.86,1,136330.26,France,Female,1,1
524,44,10,118569.03,2,82117.2,France,Male,0,0
655,50,10,0.0,4,179267.94,France,Female,1,0
813,27,1,137275.36,1,115733.16,Spain,Male,0,1
696,43,4,114091.38,1,159888.1,Germany,Male,0,1
699,32,1,123906.22,3,127443.82,Germany,Male,1,1
598,59,8,118210.42,2,60192.14,Germany,Male,0,0
691,30,7,101231.77,2,156529.44,Germany,Male,0,0
742,28,2,191864.51,1,108457.99,France,Female,1,0
784,28,2,70233.74,2,179252.73,Germany,Male,1,1
667,42,7,0.0,1,108348.94,France,Male,0,1
645,68,9,0.0,4,176353.87,France,Female,1,1
696,27,2,96129.32,2,5983.7,Germany,Female,1,1
850,36,7,0.0,1,40812.9,France,Male,1,1
784,23,2,0.0,1,6847.73,Spain,Male,1,1
553,41,1,0.0,2,90607.31,France,Male,1,0
577,41,6,0.0,1,167621.18,France,Male,1,1
773,52,2,0.0,2,57337.79,Spain,Male,1,0
762,26,7,123709.46,2,169654.57,Spain,Female,1,1
632,29,7,80922.75,1,7820.78,Spain,Female,1,0
678,30,1,139676.95,2,16146.0,Germany,Female,0,1
490,48,8,155413.06,1,187921.3,Spain,Female,1,0
551,54,5,102994.04,1,176680.16,Germany,Male,1,0
690,32,2,76087.98,1,151822.66,Spain,Male,0,1
664,31,9,114519.57,2,79222.02,France,Female,0,1
633,29,7,169988.35,1,4272.0,France,Female,1,0
645,32,4,0.0,2,97628.08,France,Male,0,1
554,51,7,105701.91,1,179797.79,Germany,Female,0,1
568,39,5,0.0,2,129569.92,Spain,Male,1,1
680,37,6,124140.57,2,92826.35,Spain,Female,1,0
771,50,3,105229.72,1,16281.68,France,Male,1,1
485,29,7,182123.79,1,116828.51,France,Male,1,0
688,42,5,0.0,2,197602.29,Spain,Male,0,0
506,36,5,0.0,2,164253.35,France,Male,1,0
743,41,7,0.0,1,163736.09,Spain,Male,1,0
629,34,6,0.0,2,190347.72,Spain,Male,1,0
800,38,1,0.0,2,51553.43,Spain,Male,1,0
734,47,10,91522.04,2,138835.91,Germany,Female,1,1
631,31,2,88161.85,2,127630.88,Spain,Female,1,0
561,33,6,0.0,2,173680.39,France,Male,0,0
771,66,7,143773.07,1,130827.88,France,Female,1,1
498,35,2,121968.11,2,188343.05,Germany,Male,0,1
669,51,3,88827.53,1,85250.77,Spain,Male,0,0
642,40,7,0.0,2,183963.34,France,Female,1,0
809,39,5,0.0,1,77705.75,France,Female,1,0
540,40,3,165298.12,1,199862.75,France,Female,0,1
642,39,8,128264.03,1,61792.76,Germany,Female,1,0
504,43,7,102365.49,1,194690.77,Germany,Female,1,0
648,43,7,81153.82,1,144532.85,Spain,Female,1,1
471,36,5,90063.74,2,96366.7,Germany,Female,1,1
681,42,3,118199.97,2,9452.88,Germany,Male,1,0
697,76,7,0.0,2,188772.45,France,Female,0,1
683,35,9,61172.04,1,82951.12,Spain,Male,0,0
720,43,10,110822.9,1,72861.94,Germany,Female,0,0
650,37,5,106967.18,1,24495.03,France,Male,0,0
850,35,2,80931.75,1,12639.67,Germany,Female,0,0
647,64,1,91216.0,1,41800.18,Spain,Female,1,1
850,31,4,0.0,2,152298.28,France,Male,0,0
710,37,5,0.0,2,115403.31,France,Female,1,0
539,39,6,0.0,2,86767.48,France,Male,1,1
671,30,2,0.0,1,102057.86,France,Male,0,1
575,22,8,105229.34,1,34397.08,Spain,Female,1,1
725,32,0,0.0,2,138525.19,Spain,Female,1,1
746,36,9,127157.04,1,155700.15,France,Male,1,1
684,38,3,134168.5,3,3966.5,Spain,Female,1,0
655,36,10,122314.39,1,9181.66,Germany,Female,1,0
677,30,1,78133.15,1,174225.88,France,Male,0,1
639,38,9,130233.14,1,81861.1,Spain,Male,1,1
625,49,2,80816.45,1,20018.79,Spain,Female,1,1
621,40,7,0.0,2,131283.6,Spain,Female,0,1
669,44,8,96418.09,1,131609.48,France,Female,0,0
753,57,7,0.0,1,159475.08,France,Male,1,0
834,36,8,142882.49,1,89983.02,France,Male,1,0
642,40,7,0.0,2,10712.82,France,Female,1,0
691,37,7,123067.63,1,98162.44,Germany,Female,1,1
520,58,3,0.0,2,32790.02,France,Male,0,1
729,32,9,0.0,2,150803.44,France,Female,0,0
510,26,6,136214.08,1,159742.33,France,Female,0,0
704,39,10,102556.18,2,171971.25,Germany,Female,1,0
787,40,6,0.0,2,84151.98,France,Female,1,1
656,27,3,150905.03,2,16998.72,Germany,Female,1,0
767,45,7,132746.2,2,26628.88,Germany,Female,1,0
791,37,2,163789.49,2,75832.53,France,Male,1,0
599,49,2,0.0,2,111190.53,Spain,Female,1,0
590,29,2,166930.76,2,122487.73,Spain,Female,1,0
583,29,10,0.0,2,111285.85,France,Female,1,1
744,38,6,73023.17,2,78770.86,Germany,Male,1,0
607,61,2,164523.5,2,35786.76,Germany,Male,1,1
645,31,7,161171.7,2,12599.94,France,Male,1,0
468,29,1,111681.98,2,195711.16,Germany,Male,1,1
790,50,8,121438.58,1,176471.78,Germany,Male,1,1
485,30,5,156771.68,1,141148.21,Germany,Female,1,1
683,35,5,144961.97,1,26796.73,Germany,Male,0,1
589,36,8,114435.47,1,26955.72,France,Male,1,0
767,42,2,133616.39,1,28615.8,France,Female,1,0
625,26,3,130483.95,1,122810.53,Germany,Male,1,0
679,35,8,119182.73,1,121210.09,Spain,Female,0,0
705,35,5,0.0,1,133991.11,France,Female,1,0
652,40,1,0.0,2,126554.96,France,Female,1,0
447,41,3,0.0,4,197490.39,France,Male,1,1
661,39,5,0.0,2,181461.46,France,Male,0,0
774,46,9,0.0,2,34774.26,Spain,Male,1,1
711,34,8,0.0,2,48260.19,France,Male,0,0
698,46,0,0.0,2,125962.02,France,Female,1,1
716,35,8,112808.18,1,17848.3,France,Female,0,1
626,36,2,181671.16,2,57531.14,Germany,Male,1,1
731,70,3,0.0,2,141180.66,Spain,Male,1,1
806,31,9,0.0,2,140168.36,France,Male,0,1
544,39,4,142406.43,2,146637.45,Germany,Male,1,0
497,35,7,110053.62,2,92887.06,Germany,Male,1,1
638,39,0,122501.28,2,95007.8,Germany,Female,1,1
604,71,10,0.0,2,129984.2,Spain,Female,1,1
678,46,1,0.0,2,82106.19,France,Female,0,0
643,45,9,150840.03,2,155516.35,Spain,Female,1,0
693,38,7,198338.77,2,14278.18,France,Male,1,1
561,33,6,0.0,2,45261.47,Spain,Female,1,0
680,33,10,183768.47,1,164119.35,France,Male,1,0
665,41,8,96147.55,1,137037.97,France,Female,1,0
642,30,8,80964.57,2,174738.2,France,Male,1,0
648,44,2,0.0,2,58652.23,France,Female,1,1
637,44,0,157622.58,1,120454.2,Spain,Female,1,1
555,32,10,0.0,2,168605.96,Spain,Male,0,1
543,43,9,0.0,2,78858.07,France,Male,1,1
831,44,10,0.0,1,47729.33,Spain,Female,0,1
618,49,9,44301.43,3,89729.3,France,Female,1,1
495,39,8,120252.02,2,10160.23,Germany,Male,1,1
671,27,5,0.0,2,120893.07,France,Male,0,0
552,42,9,133701.07,2,101069.71,France,Male,1,0
549,24,9,0.0,2,14406.41,Spain,Female,1,1
560,27,7,124995.98,1,114669.79,Spain,Female,1,1
739,41,5,0.0,2,143882.25,France,Male,0,0
631,32,2,146810.99,2,180990.29,Germany,Female,1,1
757,31,10,39539.39,2,192519.39,France,Male,0,0
668,39,0,122104.79,1,112946.67,Germany,Female,1,0
705,46,7,0.0,2,117273.35,Spain,Male,1,0
773,36,4,105858.71,1,4395.45,Germany,Female,0,1
498,33,1,198113.86,1,69664.35,France,Male,1,0
740,37,9,0.0,2,73225.31,France,Female,1,1
645,30,1,125739.26,1,193441.23,France,Male,1,1
546,36,7,85660.96,1,134778.01,Spain,Female,0,0
744,34,3,0.0,2,27244.35,Spain,Male,1,0
651,36,7,0.0,2,13898.31,France,Male,1,0
677,39,0,111213.64,2,147578.26,Germany,Female,1,1
628,39,1,115341.19,1,107674.3,Germany,Male,1,1
682,46,2,0.0,1,114442.66,France,Female,1,1
700,34,2,76322.69,1,128136.29,France,Female,1,0
640,44,3,137148.68,1,92381.01,France,Male,1,0
459,46,7,110356.42,1,4969.13,Germany,Male,1,0
640,43,7,132412.38,1,69584.3,France,Male,0,0
560,43,4,95140.44,2,123181.44,Spain,Female,1,0
510,32,9,103324.78,1,46127.7,France,Male,1,1
630,26,7,129837.72,2,197001.15,France,Male,0,1
578,38,4,113150.44,2,176712.59,Germany,Female,1,0
715,35,4,40169.88,2,199857.47,Spain,Female,1,1
634,37,5,115345.86,2,168781.8,France,Male,0,0
651,24,7,40224.7,1,178341.33,Germany,Female,1,1
731,40,5,171325.98,1,159718.27,Spain,Female,1,1
600,34,0,0.0,2,3756.23,France,Male,0,1
805,26,2,0.0,2,25042.1,Spain,Male,1,1
553,37,1,0.0,1,30461.55,France,Male,1,0
679,50,6,132598.38,2,184017.98,Germany,Female,1,1
589,32,2,0.0,2,9468.64,France,Male,0,1
644,40,4,77270.08,2,115800.1,Germany,Female,1,1
850,42,3,0.0,2,176883.42,France,Female,1,1
727,34,10,0.0,2,198637.34,France,Male,1,1
750,43,6,113882.31,1,74564.41,France,Male,1,1
592,70,5,71816.74,2,105096.82,Germany,Female,1,0
823,46,3,81576.75,1,28370.95,Spain,Female,1,1
580,32,9,142188.2,2,128028.6,Spain,Male,0,1
743,39,6,0.0,2,44265.28,France,Male,1,0
705,39,5,149379.66,2,96075.55,France,Female,1,0
667,31,1,119266.69,1,28257.63,France,Male,1,1
637,43,1,135645.29,2,101382.86,Germany,Male,0,1
604,26,3,0.0,2,155248.62,Spain,Female,1,0
603,30,8,0.0,2,47536.46,France,Male,1,1
592,28,5,137222.77,1,39608.58,France,Male,0,0
655,36,1,135515.76,1,86013.96,Spain,Female,1,0
731,41,4,0.0,2,22299.27,Spain,Male,1,0
575,54,9,68332.96,1,144390.75,France,Female,1,1
597,53,4,88381.21,1,69384.71,France,Female,1,0
704,40,6,95452.89,1,179964.55,France,Female,0,1
671,23,9,123943.18,1,159553.27,Germany,Female,1,1
705,43,10,146547.78,1,10072.55,Germany,Female,0,1
616,34,10,0.0,2,25662.27,France,Male,1,0
637,35,8,147127.81,2,84760.7,Germany,Male,1,1
686,32,6,0.0,2,179093.26,France,Male,1,1
569,38,8,0.0,2,79618.79,Spain,Male,0,0
682,55,9,0.0,1,153356.8,France,Male,1,0
519,21,1,151701.45,3,170138.68,Germany,Female,1,1
678,26,5,111128.04,1,60941.27,France,Male,1,0
567,54,5,92316.31,2,158590.66,Spain,Female,1,0
645,43,9,140121.17,1,11302.7,Germany,Male,1,0
664,33,7,97286.16,2,143433.33,Germany,Male,1,0
734,40,9,176914.8,1,12799.23,France,Female,1,1
824,45,3,129209.48,1,60151.77,France,Male,0,0
850,36,0,164850.54,1,62722.44,France,Female,1,1
516,35,10,57369.61,1,101699.77,France,Male,1,1
535,49,7,115309.75,1,111421.77,Spain,Female,1,0
631,40,3,107949.45,1,52449.62,Germany,Male,1,0
801,43,4,158713.08,2,98586.14,France,Male,0,0
685,31,7,122449.31,2,180769.55,Spain,Male,1,1
786,34,9,0.0,2,144517.19,France,Male,1,0
606,39,8,136000.45,2,31708.53,Germany,Male,1,0
657,40,10,0.0,2,52990.7,Spain,Male,1,1
486,37,1,101438.0,1,51364.56,Germany,Male,0,0
709,30,9,115479.48,2,134732.99,Germany,Male,1,1
662,34,2,0.0,2,21497.27,France,Male,0,1
668,45,4,102486.21,2,158379.25,Spain,Male,1,1
526,36,1,0.0,1,160696.72,France,Male,1,0
687,61,7,80538.56,1,131305.37,France,Female,1,0
573,35,9,134498.54,2,119924.8,Germany,Male,1,1
617,24,4,137295.19,2,91195.12,France,Female,1,1
523,28,2,121164.11,1,59938.81,France,Female,1,1
571,33,3,71843.15,1,26772.04,Germany,Male,1,0
490,29,4,0.0,2,32089.57,France,Male,1,0
672,37,5,153195.59,1,162763.01,France,Male,1,1
634,53,3,113781.5,2,106345.05,Germany,Female,1,1
678,40,4,113794.22,1,16618.76,Spain,Female,1,0
487,24,7,133628.09,2,98570.01,France,Male,1,1
632,32,6,111589.33,1,170382.99,France,Male,1,1
701,41,0,150844.94,1,127623.36,Germany,Male,0,1
743,45,10,144677.19,3,22512.44,Germany,Male,1,0
689,47,1,93871.95,3,156878.42,France,Male,1,0
693,46,2,104763.41,1,62368.33,Germany,Male,1,1
526,50,5,124233.24,1,159456.87,Germany,Male,0,1
630,35,1,0.0,2,186826.22,Spain,Male,0,0
524,31,10,67238.98,2,161811.23,Germany,Female,1,1
719,42,5,137227.04,3,149097.38,Germany,Female,1,0
591,46,4,129269.27,1,163504.33,Germany,Male,1,0
576,40,9,0.0,2,112465.19,France,Male,1,0
751,48,9,0.0,1,137508.42,France,Female,1,0
491,68,1,95039.12,1,116471.14,Germany,Female,0,1
765,45,2,91549.78,1,47139.44,Spain,Male,1,1
646,50,6,145295.31,2,27814.74,Germany,Male,1,1
508,41,5,82161.7,2,187776.49,Germany,Female,1,0
695,56,4,0.0,2,84644.76,Spain,Female,1,0
670,67,6,158719.57,1,118607.4,Spain,Male,1,1
793,38,9,0.0,2,88225.02,Spain,Male,1,0
647,41,1,85906.65,3,189159.97,Germany,Female,1,0
555,48,3,142055.41,2,79134.78,Germany,Male,0,1
550,35,9,129847.75,2,197325.4,Germany,Male,1,0
718,38,7,0.0,2,38308.34,France,Male,1,0
718,29,2,0.0,1,126336.72,France,Male,1,0
451,38,9,61482.47,1,167538.66,Germany,Female,1,1
648,26,9,162923.85,1,98368.24,France,Male,1,0
520,43,3,150805.17,3,25333.03,Germany,Male,0,1
621,34,8,0.0,1,47972.65,Spain,Male,0,0
548,35,10,0.0,1,31299.71,France,Female,1,1
831,34,2,0.0,2,165840.94,France,Female,0,0
632,48,6,126066.26,1,64345.61,Germany,Male,1,0
595,26,8,118547.72,1,151192.18,Germany,Female,1,1
501,29,8,0.0,2,112664.24,France,Female,1,0
683,33,8,0.0,1,73564.44,France,Male,0,0
596,54,0,78126.28,1,153482.91,Spain,Female,1,1
620,39,9,159492.79,1,80582.34,Germany,Male,1,0
521,29,3,60280.62,1,154271.41,Spain,Male,1,0
590,29,10,99250.08,1,129629.41,Spain,Female,1,1
704,41,9,62078.21,2,129050.67,Germany,Male,1,0
734,43,3,55853.33,2,94811.85,Spain,Female,0,1
693,29,2,151352.74,1,197145.89,France,Male,0,0
620,32,7,0.0,2,34665.79,France,Male,1,1
746,21,8,166883.07,2,194563.65,France,Female,0,1
741,19,8,108711.57,2,24857.25,Germany,Female,1,0
750,36,6,0.0,2,59816.41,Spain,Female,1,1
596,33,2,139451.67,1,63142.12,France,Male,0,0
496,31,5,0.0,2,93713.13,France,Male,1,0
634,48,2,107247.69,1,103712.05,Germany,Male,1,1
645,45,8,85325.93,1,22558.74,France,Female,0,0
740,56,4,99097.33,1,85016.64,Spain,Female,1,1
712,30,6,0.0,2,152417.97,Spain,Female,1,0
640,28,7,0.0,2,131097.9,France,Male,1,1
654,47,10,0.0,2,170481.98,France,Male,1,0
599,39,4,0.0,1,194273.2,Spain,Female,1,0
678,23,10,115563.71,1,91633.53,Germany,Male,1,1
612,35,3,0.0,1,48108.72,France,Female,1,1
556,52,9,0.0,1,175149.2,France,Female,1,0
728,43,8,128412.61,1,139024.31,Spain,Female,0,1
728,35,8,125884.95,2,54359.02,Germany,Female,1,0
850,38,7,80293.98,1,126555.74,France,Male,0,0
606,30,8,180307.73,2,1914.41,Spain,Male,1,1
658,32,5,145553.07,1,31484.76,Spain,Female,1,1
641,35,4,0.0,2,125986.18,France,Female,0,0
686,35,4,0.0,1,8816.37,France,Male,1,0
654,32,1,114510.85,1,126143.23,Germany,Female,1,1
580,44,9,143391.07,1,146891.07,Germany,Male,0,0
701,36,7,95448.32,2,189085.07,Germany,Male,1,0
507,31,2,134237.07,1,166423.66,Germany,Male,1,1
723,37,3,94661.53,2,121239.65,Germany,Male,1,0
666,21,1,121827.43,2,99818.31,Germany,Female,1,1
612,58,1,149641.53,1,115161.28,Germany,Female,1,1
682,28,10,200724.96,1,82872.64,France,Male,0,1
662,32,4,133950.37,1,48725.68,France,Female,1,1
699,30,9,0.0,1,108162.13,France,Male,1,1
667,38,1,87202.38,1,77866.91,Spain,Male,1,1
624,23,6,0.0,2,196668.51,Spain,Female,0,1
584,47,5,0.0,2,89286.29,France,Male,1,0
614,37,6,96340.81,2,139377.24,Germany,Female,1,1
779,62,10,119096.55,1,116977.89,France,Male,0,1
834,28,6,0.0,1,74287.53,France,Female,1,0
454,34,4,0.0,2,198817.72,France,Male,1,0
850,40,9,99816.46,1,163989.66,France,Female,1,1
688,38,7,123544.21,1,157664.02,France,Female,1,1
595,45,9,106000.12,1,191448.96,Germany,Female,0,0
708,40,8,83015.71,1,101089.76,Spain,Male,1,0
753,33,5,122568.05,2,82820.85,France,Male,1,1
662,41,4,90350.77,1,75884.65,Spain,Female,1,0
695,36,2,0.0,2,167749.54,France,Female,0,1
678,36,6,118448.15,2,53172.02,Germany,Male,1,0
643,35,2,0.0,2,67979.35,Spain,Male,0,0
586,64,1,0.0,2,53710.23,France,Male,1,1
729,67,2,94203.8,1,102391.06,France,Male,0,1
607,35,2,0.0,2,114190.3,France,Male,1,1
604,35,7,147285.52,1,57807.05,Spain,Female,1,1
714,28,7,77776.39,1,177737.07,Germany,Male,1,0
781,27,5,0.0,2,72969.9,France,Female,0,0
749,44,0,71497.79,2,151083.8,Germany,Female,0,0
741,36,0,127675.39,2,74260.16,Germany,Female,1,0
838,43,9,123105.88,2,145765.83,Spain,Male,1,0
811,34,1,149297.19,2,186339.74,Germany,Female,1,1
699,36,6,147137.74,1,33687.9,Germany,Male,1,1
656,38,10,0.0,1,136521.82,France,Male,1,1
675,40,7,113208.86,2,34577.36,France,Male,1,0
408,40,3,0.0,2,124874.23,France,Male,0,0
528,32,2,99092.45,1,111149.98,Germany,Male,0,1
826,29,4,129938.07,1,190200.53,Spain,Female,0,1
552,36,8,0.0,2,132547.02,France,Male,0,0
688,52,1,0.0,2,172033.57,France,Male,1,1
589,37,5,0.0,1,61324.87,France,Male,1,0
647,35,4,123761.68,1,83910.4,France,Male,1,0
625,41,6,97663.16,2,57128.78,France,Male,1,0
631,37,8,138292.64,2,152422.91,Germany,Male,0,0
729,42,7,0.0,2,58268.2,Spain,Female,1,0
714,33,3,35016.6,1,53667.08,Germany,Male,1,0
850,37,2,0.0,2,119969.99,Spain,Male,1,0
780,37,10,95196.26,1,126310.39,Germany,Female,1,0
531,37,1,143407.29,2,84402.46,Spain,Male,0,1
652,26,3,137998.2,2,168989.77,France,Male,0,1
587,44,5,125584.17,2,41852.24,Germany,Female,1,1
625,57,7,0.0,1,84106.17,Spain,Female,0,0
495,30,10,129755.99,1,172749.65,France,Male,0,0
762,44,7,159316.64,1,24780.13,France,Female,0,0
786,37,7,165896.22,2,66977.68,France,Male,1,1
618,37,5,0.0,1,178705.45,France,Male,0,1
684,29,8,127269.75,1,79495.01,Germany,Male,0,1
783,38,9,114135.17,1,153269.98,France,Male,1,0
829,28,3,132405.52,3,104889.2,Germany,Male,1,0
450,46,5,177619.71,1,54227.06,Spain,Female,1,0
709,24,3,110949.41,1,168515.61,France,Female,1,1
628,27,5,95826.49,2,155996.96,Germany,Male,1,0
636,45,7,139859.23,1,108402.54,France,Female,1,1
772,23,2,0.0,2,18364.19,France,Male,1,0
580,37,9,0.0,2,77108.66,France,Male,0,1
714,37,9,148466.93,2,151280.96,France,Male,0,1
719,37,10,145382.61,1,80408.59,Spain,Male,1,0
661,31,7,144162.3,2,14490.79,France,Female,1,1
676,36,4,0.0,2,3173.31,Spain,Female,1,1
691,58,3,0.0,1,194930.3,France,Male,0,1
553,35,2,158584.28,2,43640.16,Germany,Male,1,0
666,40,5,0.0,2,147878.05,France,Male,1,0
664,26,7,116244.14,2,95145.14,Germany,Male,1,1
563,30,7,90727.79,1,122268.75,France,Male,1,0
716,40,3,0.0,2,167636.15,France,Female,0,1
618,37,2,168178.21,2,101273.23,France,Male,0,1
640,26,5,90402.77,1,3298.65,Germany,Male,1,1
549,49,6,124829.16,1,93551.36,Germany,Female,0,1
640,75,1,106307.91,2,113428.77,Germany,Female,0,1
671,34,7,106603.74,2,26387.71,France,Male,1,1
727,62,5,0.0,2,38652.96,France,Male,0,1
644,28,7,155060.41,1,29179.52,France,Male,1,0
607,33,2,108431.87,2,109291.39,Spain,Female,0,1
687,26,6,0.0,2,32909.13,France,Female,1,1
499,60,7,76961.6,2,83643.87,France,Male,1,1
730,27,5,0.0,2,116081.93,France,Male,1,1
529,39,6,102025.08,2,12351.01,France,Male,1,0
656,30,3,0.0,2,17104.0,France,Male,0,1
812,44,8,0.0,3,66926.83,Spain,Female,1,0
687,41,2,154007.21,1,158408.23,Germany,Female,1,0
626,29,7,0.0,2,49361.84,Spain,Male,1,0
437,43,6,0.0,1,148330.97,France,Female,1,0
657,32,3,118829.03,2,73127.61,France,Male,1,1
672,47,1,0.0,1,91574.92,France,Male,0,0
738,43,9,121152.05,2,64166.7,Germany,Male,1,0
498,42,3,152039.7,1,53445.17,Germany,Male,1,1
523,22,8,123374.46,1,124906.59,France,Male,1,1
633,46,3,0.0,2,120250.58,Spain,Female,1,0
516,27,1,0.0,1,112311.15,Spain,Female,0,1
771,32,5,62321.62,1,40920.59,France,Male,1,1
850,39,0,141829.67,1,92748.16,Spain,Male,1,1
691,24,6,0.0,2,92811.2,France,Male,1,1
482,38,4,124976.19,1,35848.12,France,Male,1,0
694,37,3,0.0,2,147012.22,Spain,Female,1,1
797,31,9,0.0,2,24748.89,France,Male,1,1
545,60,7,128981.07,1,176924.21,Germany,Female,0,1
563,35,2,183572.84,1,66006.75,France,Female,1,1
747,27,10,0.0,2,13007.89,France,Male,0,0
683,40,1,0.0,2,75762.0,France,Female,0,0
690,36,10,0.0,2,55902.93,Spain,Male,1,0
675,33,0,141816.25,1,64815.05,Germany,Female,1,0
593,32,10,158537.42,1,166850.57,Spain,Male,1,0
567,45,1,157320.51,1,62193.92,Spain,Female,1,0
603,31,8,0.0,2,169915.02,France,Male,1,1
653,38,5,114268.22,2,89524.83,Germany,Female,1,1
456,29,5,107000.49,1,153419.62,France,Male,1,1
726,35,9,0.0,2,100556.98,Spain,Female,0,1
593,29,2,152265.43,1,34004.44,France,Female,1,0
575,40,5,0.0,2,122488.59,France,Male,1,1
844,40,7,113348.14,1,31904.31,France,Male,1,0
363,28,6,146098.43,3,100615.14,Spain,Female,1,0
850,47,4,99219.47,2,122141.13,Germany,Female,1,1
757,46,0,0.0,2,37460.05,France,Male,1,0
738,40,1,115409.18,2,180456.8,Germany,Female,0,0
752,48,5,116060.08,1,156618.38,Spain,Male,1,0
497,32,8,111537.23,4,9497.99,Germany,Female,1,1
444,43,3,0.0,2,159131.21,France,Male,1,1
689,26,4,120727.97,1,149073.88,Germany,Male,0,1
668,43,10,113034.31,1,100423.88,Spain,Male,1,1
472,19,9,0.0,2,3453.4,France,Male,1,0
643,41,7,154902.66,1,49667.28,Germany,Male,1,1
717,39,6,0.0,2,93275.61,Spain,Female,1,0
623,21,10,0.0,2,135851.3,France,Male,0,1
707,30,8,0.0,2,33159.37,France,Male,1,0
850,36,3,0.0,2,195033.07,France,Male,1,0
758,33,7,0.0,1,188156.34,France,Female,1,0
795,40,2,101891.1,1,183044.86,France,Female,1,1
771,56,2,0.0,1,25222.6,Spain,Female,1,1
606,33,8,0.0,2,63176.77,Spain,Male,1,1
535,38,0,135919.33,1,80425.65,France,Female,1,0
685,38,4,111798.06,2,102184.66,Germany,Male,1,1
770,55,9,63127.41,2,185211.28,Spain,Male,1,0
476,32,6,111871.93,1,112132.86,France,Female,0,0
629,36,1,161757.87,2,146371.72,Spain,Male,1,1
679,30,9,0.0,2,157871.55,France,Male,1,0
747,58,7,116313.57,1,190696.35,Germany,Male,1,1
799,31,9,154586.92,1,88604.89,Germany,Male,0,1
709,43,8,0.0,2,168035.62,France,Female,0,0
613,30,5,131563.88,2,170638.98,Germany,Female,1,0
611,28,2,0.0,2,25395.83,France,Male,0,0
571,32,5,131354.25,1,125256.53,France,Male,1,0
554,41,4,112152.89,1,36242.19,Spain,Female,0,1
627,30,3,128770.88,2,40199.01,Germany,Male,1,1
701,30,2,0.0,2,115650.63,Spain,Female,1,0
637,60,3,0.0,2,70174.03,France,Male,1,1
526,42,1,0.0,1,168486.02,France,Male,0,1
679,47,10,198546.1,2,191198.92,France,Male,1,0
630,50,1,81947.76,1,63606.22,France,Male,0,1
598,46,7,131769.04,1,184980.23,Germany,Female,0,0
717,40,0,98241.04,1,110887.14,France,Male,1,0
622,31,5,106260.67,1,2578.43,France,Male,1,1
743,37,8,69143.91,2,105780.18,France,Male,0,1
685,42,2,0.0,2,199992.48,Spain,Female,0,0
563,46,8,106171.68,1,163145.5,Spain,Female,1,0
647,47,5,105603.21,2,157360.9,Spain,Male,1,1
572,23,2,126873.52,1,67040.12,Spain,Male,0,1
644,33,9,141234.98,1,95673.05,France,Male,1,0
741,25,4,0.0,2,73873.65,Spain,Male,1,1
657,48,5,143595.87,1,101314.65,Germany,Female,0,0
718,32,8,0.0,2,41399.33,Spain,Male,1,1
653,31,7,102575.04,1,11043.54,France,Female,1,1
850,31,6,82613.56,2,149170.92,Spain,Male,1,0
660,42,5,0.0,2,115509.59,Spain,Male,1,0
554,22,8,0.0,2,142670.61,France,Female,0,1
470,25,8,127974.06,2,183259.35,France,Female,1,1
492,49,8,0.0,1,182865.09,France,Female,1,1
556,37,9,145018.64,2,90928.02,Germany,Male,1,0
468,36,3,61636.97,1,107787.42,France,Male,0,0
662,39,5,139822.11,2,146219.9,Germany,Male,1,1
737,38,6,146282.79,2,198516.2,Spain,Male,1,0
649,50,5,155393.32,1,87351.42,Germany,Female,1,1
561,37,1,100443.36,2,101693.73,France,Male,0,1
775,25,10,60205.2,2,14073.11,Germany,Male,1,0
850,33,7,134678.13,1,113177.95,Germany,Female,1,0
709,32,2,0.0,2,109681.29,France,Female,0,0
655,38,6,0.0,1,188639.28,France,Female,1,1
663,42,1,82228.67,2,71359.78,France,Female,1,0
666,66,7,0.0,2,99792.82,France,Female,1,1
850,33,0,124781.67,1,33700.52,France,Male,0,1
650,34,4,106005.54,1,142995.32,France,Male,0,1
505,43,5,136855.94,2,171070.52,Germany,Male,1,0
677,25,3,0.0,2,179608.96,France,Female,1,0
536,35,8,0.0,2,64833.28,France,Male,1,0
767,37,7,0.0,2,24734.25,Spain,Male,1,1
635,36,9,81231.85,2,196731.08,Germany,Female,1,0
529,29,4,135759.4,1,112813.79,Germany,Male,0,0
623,48,1,108076.33,1,118855.26,Germany,Female,1,0
645,38,5,101430.3,2,4400.32,France,Female,0,1
591,43,3,0.0,2,198926.36,France,Male,0,1
850,26,8,123126.29,1,74425.41,Germany,Female,1,0
618,42,2,0.0,4,111097.39,France,Female,0,0
632,44,3,107764.75,1,185667.72,France,Male,1,0
543,48,1,100900.5,1,33310.72,Germany,Male,0,0
677,38,4,0.0,2,187800.63,France,Male,1,0
480,47,8,75408.33,1,25887.89,Spain,Male,1,0
642,41,7,115171.71,1,37674.47,France,Female,1,1
628,40,5,181768.32,2,129107.97,Germany,Male,1,1
564,48,5,132876.23,1,79259.77,Spain,Male,1,0
809,36,9,68881.59,2,109135.11,France,Male,0,1
473,35,6,69617.36,1,143345.69,France,Female,1,0
683,30,4,66190.33,1,115186.97,France,Male,1,1
662,38,4,0.0,2,136259.65,Spain,Male,1,0
518,40,4,0.0,2,194416.58,France,Male,0,1
704,36,3,114370.41,1,66810.48,France,Male,0,1
620,38,0,0.0,2,38015.34,Spain,Male,1,1
606,45,5,63832.43,1,93707.8,Germany,Male,1,1
624,33,6,0.0,2,76551.7,Spain,Male,0,0
644,40,9,137285.26,4,77063.63,France,Female,1,0
680,58,8,0.0,2,65708.5,Spain,Female,1,1
639,27,8,0.0,2,192247.35,France,Male,1,0
676,38,1,0.0,2,35644.79,France,Male,0,1
542,35,9,127543.11,2,468.94,Germany,Female,1,0
786,34,3,137361.96,1,183682.09,France,Male,0,0
599,50,3,121159.65,1,4033.39,France,Male,0,0
640,42,5,176099.13,1,8404.73,France,Female,1,1
738,31,9,82674.15,1,41970.72,France,Male,1,0
702,26,5,56738.47,2,100442.22,France,Male,1,1
657,67,5,119785.47,2,107534.32,Spain,Male,1,1
692,42,2,0.0,2,145222.93,France,Female,1,0
702,40,3,148556.74,1,146056.29,France,Male,0,1
726,30,8,134152.29,1,147822.44,Spain,Male,1,1
639,60,5,162039.78,1,84361.72,France,Female,1,1
550,45,0,0.0,2,70399.71,Spain,Male,0,1
658,29,5,75395.53,2,54914.92,Germany,Male,0,1
617,34,9,0.0,2,118749.58,Spain,Male,1,0
693,45,2,116546.59,2,23140.28,Germany,Male,0,0
728,69,1,0.0,2,131804.86,France,Female,1,1
828,34,8,129433.34,2,38131.77,France,Male,0,0
791,44,5,0.0,2,123977.86,France,Female,1,1
583,40,4,0.0,2,114093.73,Spain,Female,1,0
729,39,6,127415.85,1,184977.2,Germany,Male,1,1
649,49,2,0.0,1,84863.85,Spain,Female,1,0
672,28,4,167268.98,1,169469.3,France,Male,1,1
673,39,8,138160.0,1,110468.51,Spain,Male,1,1
689,34,1,165312.27,1,155495.63,France,Male,1,0
659,30,8,154159.51,1,40441.1,Germany,Female,1,0
583,40,3,54428.37,1,109638.78,Spain,Female,1,0
850,43,3,0.0,2,2465.8,France,Female,0,0
636,29,3,97325.15,1,131924.38,Germany,Female,0,1
628,39,8,107553.33,1,117523.41,Spain,Female,1,0
663,40,6,156218.19,1,33607.72,France,Male,0,1
535,38,8,127475.24,1,60775.76,Germany,Male,0,0
750,42,8,151836.36,2,68695.38,Germany,Male,1,0
850,61,3,141784.02,1,92053.75,Germany,Male,1,1
606,37,6,82373.94,1,172526.9,France,Male,0,0
488,31,8,97588.6,1,124210.53,France,Female,0,0
715,31,7,0.0,1,149970.59,Spain,Male,1,1
786,32,9,0.0,2,133112.41,France,Male,1,0
628,69,5,0.0,2,181964.6,France,Male,1,1
508,54,10,0.0,1,175749.36,Spain,Male,1,1
493,37,8,142987.46,2,158840.99,France,Female,1,0
690,38,1,94456.0,2,55034.02,France,Male,0,1
483,29,9,0.0,1,81634.45,France,Male,1,1
666,36,6,0.0,2,176692.87,Spain,Female,1,0
704,31,5,132084.66,3,54474.48,France,Male,1,1
584,33,3,0.0,2,59103.13,France,Male,0,1
791,42,10,113657.41,2,139946.68,Germany,Female,0,1
668,59,5,120170.07,1,50454.8,Germany,Female,0,1
594,31,9,0.0,1,5719.11,France,Female,0,1
741,35,6,74371.49,1,99595.67,Spain,Male,0,0
512,32,2,123403.85,2,80120.19,Germany,Female,1,0
648,33,7,135310.41,2,171668.2,Germany,Male,0,1
765,34,5,86055.17,2,104220.5,Germany,Male,1,1
709,22,0,112949.71,1,155231.55,Germany,Male,0,0
544,21,10,161525.96,2,9262.77,France,Female,1,0
714,55,9,180075.22,1,100127.71,Germany,Female,1,1
559,36,1,104356.94,2,54184.06,Germany,Female,0,1
617,34,1,61687.33,2,105965.25,France,Male,1,0
656,18,10,151762.74,1,127014.32,France,Male,0,1
698,31,8,185078.26,1,115337.74,Spain,Female,0,0
631,34,6,125227.82,2,128247.03,Germany,Female,0,1
726,36,2,0.0,1,195192.4,Spain,Male,1,0
697,37,7,168066.87,1,35450.53,Spain,Female,1,0
517,37,5,113308.84,1,31517.16,France,Male,0,1
498,34,2,0.0,2,148528.24,France,Male,1,1
707,32,9,0.0,2,30807.02,France,Male,0,0
608,48,7,75801.74,1,125762.95,Spain,Male,1,0
628,51,10,115280.49,2,12628.61,Germany,Female,0,0
748,39,9,132865.56,1,59636.43,France,Female,1,1
779,33,3,0.0,2,30804.68,Spain,Male,1,0
650,55,9,119618.42,1,29861.13,Spain,Male,1,1
767,34,8,0.0,2,94767.77,France,Female,1,0
587,38,0,0.0,2,47414.15,France,Male,1,0
506,59,3,190353.08,1,78365.75,Germany,Female,1,0
720,33,6,97188.62,1,91881.29,Spain,Male,0,0
787,32,4,0.0,2,13238.93,France,Male,1,1
685,33,6,0.0,2,186785.01,France,Female,0,1
759,44,2,111095.58,2,100137.7,France,Male,1,0
643,34,3,83132.09,1,21360.88,Spain,Male,1,1
753,51,4,79811.72,2,68260.27,Spain,Male,0,1
572,26,5,0.0,2,119381.41,Spain,Female,1,0
531,44,3,0.0,2,34416.79,France,Male,1,1
782,42,7,126428.38,1,39830.1,Germany,Male,1,0
809,24,7,109558.36,1,183515.13,France,Male,1,0
725,31,6,0.0,1,61326.43,France,Female,0,0
534,41,9,0.0,2,13871.34,France,Male,1,0
677,27,2,0.0,2,20092.89,France,Male,1,1
785,40,3,0.0,2,96832.82,France,Female,1,1
695,39,5,0.0,2,102763.69,Spain,Female,0,0
703,36,7,135095.47,1,143859.66,Spain,Male,1,0
605,75,2,61319.63,1,186655.11,Germany,Male,0,1
572,35,4,152390.26,1,128123.66,Spain,Male,1,0
779,27,1,0.0,2,190623.02,France,Male,1,1
656,33,7,138705.02,2,37136.15,France,Male,1,0
643,34,6,0.0,2,116046.22,Spain,Male,1,1
766,45,6,0.0,2,147184.74,France,Female,0,0
746,32,4,0.0,2,72909.75,France,Female,1,1
802,41,4,90757.64,2,169183.66,Germany,Female,0,1
431,37,0,120764.08,1,117023.08,France,Male,1,1
681,48,8,139480.18,1,163581.67,Germany,Female,1,1
581,34,1,101633.04,1,110431.51,Germany,Female,1,0
571,66,9,111577.01,1,189271.9,Germany,Female,0,1
779,40,2,75470.23,1,52894.01,Germany,Female,1,1
628,51,9,155903.82,2,71159.84,Germany,Female,1,1
680,31,10,113292.17,1,122639.73,France,Male,1,1
710,22,8,0.0,3,107292.91,Spain,Male,1,0
758,52,7,125095.94,1,171189.83,France,Female,1,0
596,30,1,0.0,2,8125.39,Spain,Female,1,0
704,24,2,0.0,1,35600.25,Spain,Female,1,0
619,48,4,0.0,1,18094.96,France,Female,0,0
589,45,1,0.0,1,125939.22,Spain,Female,0,0
640,36,4,0.0,1,173016.46,Spain,Male,0,0
720,57,1,162082.31,4,27145.73,Germany,Female,0,0
428,31,2,0.0,2,54487.43,France,Female,1,0
824,30,0,133634.02,1,162053.92,France,Male,1,1
549,34,6,204017.4,2,109538.35,Germany,Male,1,0
675,34,8,0.0,2,184842.21,France,Male,1,1
709,35,1,111827.27,2,12674.68,Spain,Female,1,0
780,37,3,0.0,2,182156.81,France,Female,0,0
697,42,1,0.0,1,1262.83,France,Female,1,0
420,34,1,135549.9,1,149471.13,Germany,Female,0,0
587,33,6,132603.36,1,55775.72,Germany,Male,1,0
626,49,9,171787.84,2,187192.23,Germany,Male,1,0
694,31,6,109052.59,2,19448.93,Germany,Male,1,1
457,38,7,164496.99,1,163327.27,France,Female,1,1
524,31,8,107818.63,1,199725.39,Germany,Female,1,0
613,29,6,185709.28,2,77242.19,France,Female,1,1
666,47,2,0.0,1,35046.97,France,Male,1,0
610,31,6,107784.65,1,141137.53,France,Female,1,1
678,28,5,138668.18,1,54144.01,Spain,Male,1,1
669,46,3,0.0,2,8487.75,France,Male,0,1
641,42,9,132657.55,1,35367.19,Spain,Male,1,0
834,33,5,0.0,2,66285.18,Spain,Male,1,0
618,30,3,133844.22,1,31406.93,France,Male,1,1
588,36,2,0.0,2,92536.0,France,Female,1,0
673,37,2,0.0,1,13624.02,France,Male,1,1
751,44,10,0.0,2,170634.49,France,Female,1,0
621,33,4,0.0,2,40299.23,Spain,Male,1,1
670,25,7,0.0,2,144723.38,France,Male,1,1
727,40,1,93051.64,2,71865.31,Germany,Male,1,0
713,37,8,0.0,1,16403.41,France,Female,1,1
652,31,1,132862.59,1,158054.49,Spain,Male,0,0
619,55,0,0.0,3,60810.64,France,Female,0,0
630,51,0,108449.23,3,88372.69,Germany,Female,0,0
732,61,9,94867.18,2,157527.6,Germany,Female,1,1
718,43,0,93143.39,1,167554.86,France,Female,1,0
679,39,5,0.0,2,100060.54,Spain,Male,1,1
765,34,9,91835.16,1,138280.17,France,Male,0,0
628,37,9,0.0,2,34689.77,France,Female,1,1
707,40,3,109628.44,1,189366.03,Germany,Female,1,0
717,36,2,164557.95,1,82336.73,Spain,Female,0,1
755,41,6,104817.41,1,126013.58,France,Male,1,0
670,29,9,0.0,2,27359.19,Spain,Female,1,0
574,35,5,163856.76,1,15118.2,Germany,Male,1,1
667,42,6,0.0,1,88890.05,France,Male,1,0
529,72,5,94216.05,1,78695.68,Germany,Male,1,1
632,23,3,122478.51,1,147230.77,Germany,Male,1,0
635,48,4,81556.89,2,191914.37,Germany,Female,1,0
569,25,9,173459.45,2,44381.06,Germany,Male,1,1
617,34,0,131244.65,2,183229.02,France,Female,1,0
667,27,3,106116.5,2,3674.71,Germany,Female,1,0
833,29,1,96462.25,2,48986.18,Germany,Male,0,1
611,28,3,96381.68,2,181419.29,Spain,Female,1,0
641,26,4,91547.84,2,28157.34,France,Female,0,1
769,31,6,117852.26,2,147668.64,France,Female,1,0
747,61,7,155973.13,1,147554.26,France,Male,0,1
646,51,4,101629.3,1,130541.1,France,Female,0,0
699,29,9,127570.93,2,164756.81,Spain,Female,1,0
795,29,4,0.0,2,155711.64,Spain,Male,0,0
684,48,3,73309.38,1,21228.34,France,Female,0,0
767,33,1,144753.21,1,132480.75,Germany,Female,1,1
772,30,4,78653.05,1,1790.48,Spain,Male,1,0
676,29,7,131959.86,1,189268.81,France,Male,0,0
841,36,5,156021.31,1,122662.98,France,Female,0,0
663,46,2,141726.88,1,58257.23,Germany,Female,1,1
656,27,4,118627.16,2,160835.3,Germany,Male,1,1
706,35,5,0.0,2,81718.37,France,Male,1,1
477,47,9,144900.58,1,61315.37,France,Male,1,0
583,57,3,238387.56,1,147964.99,France,Female,0,1
825,34,9,0.0,2,31933.06,France,Male,1,1
566,42,6,0.0,1,180702.12,France,Female,1,0
662,34,2,117731.79,2,55120.79,France,Male,0,1
474,37,3,98431.37,1,75698.44,France,Male,0,0
778,35,1,151958.19,3,131238.37,Germany,Female,1,1
520,45,1,123086.39,1,41042.4,Germany,Female,1,1
551,48,5,95679.29,1,94978.1,Spain,Female,0,0
671,47,7,114603.76,2,153194.32,Germany,Female,1,0
605,39,6,111169.91,1,9641.4,France,Male,0,0
751,34,8,127095.14,2,479.54,Spain,Female,0,0
679,37,7,74260.03,1,194617.98,France,Male,1,0
616,31,3,136789.14,1,59346.4,France,Female,1,0
608,41,3,89763.84,1,199304.74,Spain,Female,0,0
452,60,6,121730.49,1,142963.29,France,Female,1,1
495,45,3,89158.94,3,135169.76,Spain,Female,1,0
545,38,1,88293.13,2,24302.95,France,Male,1,1
680,34,1,0.0,2,167035.07,France,Female,1,0
676,40,2,147803.48,1,95181.06,France,Female,1,0
619,27,1,154483.98,1,156394.74,France,Male,1,0
670,38,7,0.0,2,77864.41,France,Male,1,1
675,57,8,0.0,2,95463.29,France,Female,0,1
560,47,1,0.0,1,128882.66,Spain,Male,0,0
682,46,4,0.0,1,4654.28,Spain,Male,1,1
689,28,3,0.0,2,192449.02,Spain,Female,1,1
540,64,1,91869.69,1,95421.0,Germany,Male,0,1
680,32,5,92961.61,1,116957.6,France,Male,1,0
519,42,8,0.0,2,101485.72,France,Male,1,1
546,47,8,0.0,1,66408.01,France,Female,1,1
507,33,7,0.0,2,85411.01,France,Male,1,1
695,34,9,0.0,2,67502.12,Spain,Female,1,1
634,74,5,108891.7,1,10078.02,Germany,Male,1,0
833,37,8,151226.18,2,136129.49,France,Male,1,1
679,48,8,0.0,2,23344.94,France,Male,1,0
653,44,8,0.0,2,154639.72,France,Male,1,1
711,38,3,128718.78,1,114793.45,Spain,Male,0,0
674,31,1,0.0,1,128954.05,France,Female,1,0
589,27,4,0.0,2,144181.48,Spain,Female,1,0
650,45,9,152367.21,3,150835.21,Germany,Female,1,0
609,45,4,89122.3,1,199256.98,Spain,Female,1,1
850,36,10,0.0,2,100750.03,France,Female,1,1
741,50,1,78737.61,1,13018.96,Spain,Male,1,1
676,61,8,0.0,2,118522.73,France,Female,1,1
581,24,10,159203.71,1,102517.83,Spain,Female,1,1
650,60,8,0.0,2,102925.76,France,Male,1,1
653,35,6,116662.96,2,23864.21,Spain,Male,1,1
745,55,9,110123.59,1,51548.14,France,Female,0,1
746,35,2,172274.01,1,22374.97,France,Male,1,0
546,20,6,0.0,1,20508.85,France,Female,0,1
803,32,9,192122.84,1,54277.45,France,Female,1,1
534,34,5,170600.78,1,5240.53,Spain,Male,0,1
707,52,7,0.0,1,109688.82,Spain,Female,1,0
515,45,7,120961.5,3,39288.11,Germany,Male,1,1
716,44,3,109528.28,1,27341.63,France,Female,1,0
727,28,1,0.0,1,40357.39,Spain,Male,1,0
573,27,4,0.0,2,157549.6,France,Female,1,1
705,92,1,126076.24,2,34436.83,France,Male,1,1
711,43,2,39043.29,2,175423.69,Germany,Male,1,1
631,37,9,131519.49,2,51752.18,Germany,Male,1,1
466,29,6,0.0,2,2797.27,France,Male,1,1
531,63,1,114715.71,1,24506.95,France,Female,0,1
526,32,7,125540.05,1,86786.41,France,Male,0,0
627,70,1,94416.78,1,145299.5,France,Male,0,1
478,32,6,71187.24,1,110593.62,France,Female,1,1
452,35,4,148172.44,1,4175.68,France,Male,1,1
517,29,5,0.0,2,103402.88,Spain,Female,1,0
608,27,4,153325.1,1,199953.33,Spain,Male,1,1
732,36,5,0.0,2,161428.25,France,Male,1,0
659,29,6,123192.12,1,56971.41,France,Male,1,1
663,42,5,124626.07,1,78004.5,France,Female,1,1
666,41,10,141162.08,1,50908.48,France,Female,1,0
603,40,4,102833.46,2,38829.11,France,Male,1,1
586,34,9,74309.81,1,15034.93,Germany,Male,1,0
738,49,6,106770.82,1,123499.27,France,Male,1,0
619,39,5,0.0,2,158444.61,France,Male,1,1
695,50,8,0.0,1,126381.6,France,Female,1,0
536,28,4,0.0,1,136197.65,Spain,Female,1,1
466,36,5,119540.15,1,80603.99,France,Female,0,1
685,25,10,128509.63,1,121562.33,Spain,Female,1,0
534,53,7,0.0,2,80619.17,France,Female,1,1
519,22,8,0.0,1,167553.06,France,Female,0,1
704,39,2,111525.02,1,199484.96,France,Male,1,0
680,33,1,123082.08,1,134960.98,France,Male,1,0
543,34,8,0.0,2,145601.8,France,Female,0,1
588,34,6,121132.26,2,86460.28,Spain,Male,1,0
490,39,1,0.0,3,171060.01,France,Male,1,0
579,59,3,148021.12,1,74878.22,Spain,Female,1,1
706,30,3,98415.37,1,110520.48,France,Male,1,1
616,36,6,0.0,1,12916.32,Spain,Female,1,1
743,65,2,131935.51,1,96399.67,Germany,Male,1,1
749,35,3,0.0,3,132649.85,France,Female,1,1
716,52,7,65971.61,2,14608.0,France,Female,1,0
730,39,1,116537.6,1,145679.6,France,Male,0,0
678,32,4,139626.01,1,118235.52,Germany,Male,1,1
725,41,7,113980.21,1,116704.25,France,Male,1,1
562,38,5,0.0,1,115700.2,France,Male,1,0
634,34,1,0.0,2,61995.57,Spain,Male,1,0
770,46,5,141788.63,2,164967.21,Germany,Female,0,0
620,28,8,0.0,2,199909.32,France,Male,1,1
545,37,8,114754.08,1,136050.44,Germany,Female,1,0
613,46,8,167795.6,1,44390.38,France,Female,0,1
719,50,2,0.0,2,10772.13,Spain,Male,0,0
649,35,4,108306.44,1,192486.24,France,Female,1,1
717,22,5,112465.06,1,92977.75,France,Female,1,1
518,50,4,0.0,1,107112.25,Spain,Male,0,0
549,37,1,130622.34,2,128499.94,Germany,Female,1,1
557,39,7,49572.73,1,115287.99,France,Female,1,0
748,27,2,90971.85,1,131662.47,Germany,Female,1,1
561,43,4,0.0,4,18522.91,France,Male,0,0
710,29,3,119670.18,1,188022.44,Spain,Female,1,0
638,36,6,0.0,1,164247.51,France,Female,1,0
561,49,5,94754.0,1,26691.31,Germany,Male,1,1
667,40,8,72945.29,2,98931.5,France,Male,1,0
808,67,10,124577.15,1,169894.4,Spain,Female,0,1
612,38,7,110615.47,1,193502.93,France,Female,1,1
591,34,4,150635.3,1,72274.84,Germany,Female,1,1
431,63,6,160982.89,1,168008.17,France,Male,1,1
492,28,9,0.0,2,95957.09,France,Female,1,0
644,44,5,73348.56,1,157166.79,France,Male,1,0
486,39,8,97819.36,1,120531.31,France,Female,0,1
703,31,6,0.0,2,67667.19,Spain,Male,1,1
729,45,7,91091.06,2,71133.12,Spain,Female,1,0
648,46,9,127209.0,2,77405.95,Spain,Male,1,0
850,39,10,0.0,2,143030.09,Spain,Female,1,1
741,37,8,170840.08,2,109843.16,Germany,Female,0,0
502,57,3,101465.31,1,43568.31,Germany,Female,1,0
513,39,7,89039.9,2,146738.83,Spain,Male,1,1
626,34,7,113014.7,2,56646.28,France,Male,1,1
452,35,7,0.0,2,164241.67,France,Female,1,0
723,45,4,0.0,2,37214.39,Spain,Female,1,0
681,34,3,0.0,2,55816.2,France,Male,0,0
699,34,2,117468.67,1,185227.42,France,Male,1,0
711,38,2,129022.06,2,14374.86,France,Female,1,1
772,51,9,143930.92,1,46675.51,Germany,Female,0,1
657,41,5,95858.37,1,68255.88,France,Female,1,1
706,39,8,112889.91,1,6723.66,Germany,Female,0,1
658,21,7,0.0,2,154279.87,Spain,Male,0,1
518,27,1,133801.49,1,143315.57,France,Female,1,1
759,33,2,0.0,2,56583.88,France,Female,1,0
850,70,5,0.0,1,705.18,Spain,Female,1,1
785,36,4,135438.4,1,190627.01,France,Female,0,0
642,30,8,134497.27,1,43250.54,Germany,Male,0,0
659,38,3,0.0,2,158553.1,France,Female,1,0
576,26,8,0.0,2,34101.06,Spain,Male,0,1
823,44,1,0.0,2,182495.7,France,Female,0,1
564,33,4,135946.26,1,63170.0,France,Female,1,0
733,33,7,187257.94,1,190430.81,Germany,Female,0,1
531,31,3,0.0,1,42589.33,France,Male,1,1
601,32,8,93012.89,1,86957.42,France,Male,1,0
685,34,6,83264.28,1,9663.28,Spain,Male,0,0
718,33,7,102874.28,1,117841.06,France,Male,0,0
674,46,2,174701.05,1,90189.72,France,Male,1,0
489,47,8,103894.38,2,107625.46,France,Female,1,1
725,40,8,104149.66,1,62027.9,Germany,Male,1,0
836,57,4,101247.06,1,37141.62,Spain,Male,1,0
665,28,8,137300.23,1,90174.83,France,Male,1,0
527,28,2,123802.98,2,155846.69,Germany,Female,1,1
516,45,8,109044.3,1,115818.16,Spain,Female,0,1
600,28,2,116623.31,1,59905.29,Germany,Male,0,1
772,36,3,112029.83,1,186948.35,Spain,Male,1,1
678,43,7,178074.33,1,110405.9,France,Female,0,0
525,59,6,55328.4,1,83342.73,France,Female,1,0
572,33,9,68193.72,1,19998.31,France,Male,1,0
758,61,8,125397.21,1,182184.09,Germany,Female,1,0
481,39,6,0.0,1,24677.54,France,Female,1,1
689,40,8,160272.27,1,49656.24,France,Male,1,0
698,38,1,171848.38,1,16957.45,Spain,Female,0,0
587,47,6,71026.77,1,57962.41,France,Male,1,0
765,40,6,138033.55,1,67972.45,France,Male,1,1
774,76,4,112510.89,1,143133.18,France,Male,1,1
559,46,5,0.0,1,21006.1,France,Female,1,0
681,38,6,181804.34,2,57517.71,Germany,Male,1,1
658,25,3,0.0,2,173948.4,France,Male,0,1
634,26,8,0.0,1,21760.96,France,Male,1,0
677,35,0,0.0,2,76637.38,Spain,Female,0,0
850,35,5,0.0,1,80992.8,France,Female,1,1
582,39,5,0.0,2,129892.93,France,Male,1,1
637,49,2,108204.52,1,169037.84,Germany,Male,1,0
713,39,10,0.0,2,126263.97,France,Female,1,1
636,20,10,124266.86,1,100566.81,France,Female,0,0
673,29,4,99097.36,1,9796.69,Germany,Female,1,1
696,44,8,161889.79,1,75562.47,France,Male,0,0
643,33,7,98630.31,2,40250.82,Germany,Male,1,1
597,40,8,101993.12,1,94774.12,Spain,Female,0,1
608,30,8,85859.76,1,142730.27,France,Female,0,0
635,40,10,123497.58,1,131953.23,France,Female,1,0
796,32,5,102773.15,2,117832.88,Spain,Male,0,1
551,50,1,121399.98,1,84508.44,Germany,Male,0,1
710,22,8,0.0,2,99645.04,Spain,Male,0,0
651,33,1,96834.78,1,108764.69,France,Female,1,0
665,52,3,0.0,1,116137.01,France,Male,1,0
584,37,8,0.0,2,100835.19,Spain,Female,0,1
452,35,8,0.0,2,149614.81,France,Female,1,1
532,52,9,137755.76,1,163191.99,Germany,Male,1,0
493,46,4,0.0,2,1907.66,France,Female,1,0
811,28,4,167738.82,2,9903.42,Germany,Female,1,1
562,42,2,100238.35,1,86797.41,France,Male,0,0
606,42,10,0.0,2,177938.52,Spain,Male,1,0
478,35,1,92474.05,1,178626.07,France,Male,1,0
683,57,5,162448.69,1,9221.78,Germany,Female,0,0
455,40,1,0.0,3,129975.34,France,Male,0,1
728,45,3,108924.33,2,84300.4,Germany,Male,1,0
782,36,1,148795.17,2,195681.43,France,Male,1,1
516,33,3,0.0,2,58685.59,Spain,Female,1,1
555,26,9,0.0,2,158918.03,Spain,Female,0,1
726,34,9,0.0,2,14121.61,France,Male,0,0
608,42,5,0.0,2,178504.29,France,Male,1,0
576,50,8,0.0,2,57802.62,France,Female,1,1
652,48,8,133297.24,1,77764.37,France,Female,1,0
663,49,7,116150.65,3,84358.71,Germany,Male,1,1
643,20,0,133313.34,1,3965.69,Spain,Female,1,1
555,40,10,139930.18,1,105720.09,France,Male,1,1
515,66,6,0.0,2,160663.11,France,Female,1,1
784,38,1,138515.02,1,171768.76,Germany,Male,1,1
717,28,9,82498.14,2,40437.67,Germany,Female,0,0
583,33,7,122531.86,1,13549.24,France,Male,1,0
512,46,3,0.0,2,56408.14,Spain,Female,1,1
516,43,2,112773.73,2,139366.58,France,Female,1,1
479,34,5,117593.48,2,113308.29,France,Male,0,0
617,38,7,0.0,1,27239.28,Spain,Male,1,1
763,42,6,100160.75,1,33462.94,Germany,Male,1,0
677,36,4,0.0,2,7824.31,France,Male,1,0
796,41,8,107525.07,1,18510.41,Spain,Male,1,0
405,31,5,133299.67,2,72950.14,Germany,Male,1,1
599,36,4,0.0,2,13210.56,Spain,Male,0,0
717,28,4,128206.79,1,54272.12,France,Male,1,1
681,63,7,0.0,2,55054.48,France,Female,1,1
745,34,7,132944.53,1,31802.92,Spain,Male,1,1
725,44,5,0.0,1,117356.14,France,Male,1,1
772,35,9,0.0,1,25448.31,France,Female,0,1
741,60,5,0.0,1,38914.51,France,Female,1,1
729,29,5,109676.52,1,25548.47,Germany,Male,1,1
809,43,2,0.0,2,132908.07,France,Male,1,1
677,42,5,99580.13,1,21007.96,France,Male,1,0
679,39,0,86843.61,1,159830.58,France,Male,0,1
682,42,0,0.0,1,91981.85,France,Female,0,1
687,26,2,142721.52,1,153605.75,Germany,Male,1,1
634,34,3,145030.92,1,41820.65,France,Male,1,1
726,27,7,123826.07,1,78970.58,Spain,Female,0,1
529,31,5,0.0,2,26817.23,France,Female,1,0
548,33,1,80107.83,2,82245.67,France,Female,0,1
560,28,1,0.0,2,120880.72,Spain,Female,1,1
469,38,9,113599.42,1,11950.29,Germany,Male,0,0
589,37,7,85146.48,2,86490.09,France,Male,1,0
373,42,7,0.0,1,77786.37,France,Male,1,0
645,55,1,133676.65,1,17095.49,Spain,Female,0,1
575,40,1,139532.34,1,181294.39,France,Female,1,0
701,39,9,140236.98,1,146651.99,France,Male,0,1
649,41,3,130931.83,1,144808.37,France,Female,1,1
668,43,1,147167.25,1,141679.73,Spain,Male,0,0
671,45,6,99564.22,1,108872.45,Germany,Male,1,1
615,64,0,81564.1,2,35896.09,France,Male,0,1
667,27,2,138032.15,1,166317.71,Germany,Male,1,0
574,33,3,134348.57,1,63163.99,France,Female,1,0
677,29,3,86616.35,1,91903.9,France,Female,0,0
749,41,5,57568.94,1,61128.29,France,Male,1,1
606,36,1,155655.46,1,192387.51,France,Male,1,1
696,40,3,153639.11,1,138351.68,Spain,Male,1,1
643,35,6,0.0,2,41549.64,Spain,Female,1,1
625,32,7,106957.28,1,134794.02,Spain,Male,1,1
542,43,6,113567.94,1,89543.25,Spain,Male,1,0
650,47,9,0.0,1,187943.6,France,Female,1,0
713,42,3,0.0,2,82565.01,France,Female,0,0
725,43,2,165896.0,2,130795.52,France,Male,1,0
606,32,6,0.0,2,36540.63,France,Male,0,1
484,34,4,148249.54,1,33738.27,Germany,Female,0,1
601,43,3,141859.12,2,111249.62,Germany,Male,1,1
791,31,10,75499.24,1,22184.14,France,Female,1,0
680,30,4,108300.27,2,44384.57,Germany,Male,0,1
607,36,8,158261.68,1,76744.72,Spain,Male,1,1
737,43,8,96353.8,1,10209.8,Germany,Male,0,0
678,40,1,0.0,2,187343.4,France,Male,1,1
487,40,6,136093.74,1,193408.43,Spain,Female,0,1
525,36,3,77910.23,1,67238.01,Spain,Male,1,0
683,25,4,0.0,2,152698.24,France,Male,1,0
585,50,2,125845.66,1,9439.31,Germany,Male,1,0
711,41,3,0.0,2,193747.57,France,Male,1,1
461,28,8,0.0,1,103349.74,France,Female,1,1
603,26,4,109166.37,1,92840.67,Germany,Male,1,1
594,21,2,87096.82,2,168186.11,Germany,Female,1,0
705,34,7,117715.84,1,2498.67,France,Male,1,0
695,29,9,0.0,2,111565.45,France,Female,1,0
578,28,4,0.0,2,6947.09,Spain,Male,0,0
722,29,9,0.0,2,142033.07,Spain,Female,1,1
564,31,0,110527.17,1,87060.77,France,Male,1,1
563,57,6,0.0,2,39297.48,Spain,Male,1,1
535,30,6,103804.97,1,125710.53,France,Male,1,1
633,58,6,98308.51,1,132034.13,Spain,Male,1,1
646,46,4,0.0,3,93251.42,France,Female,1,0
629,37,10,99546.25,3,25136.95,France,Female,0,1
656,26,4,139584.57,1,36308.93,Spain,Male,1,0
597,33,2,0.0,2,4700.66,Spain,Female,1,1
508,60,7,143262.04,1,129562.74,France,Female,1,1
629,40,9,137409.19,1,175877.7,France,Female,1,0
605,64,2,129555.7,1,13601.79,France,Female,1,1
667,37,5,92171.35,3,178106.34,Germany,Female,1,0
850,27,7,43658.33,2,3025.49,France,Female,1,1
554,38,3,138731.95,1,194138.36,France,Female,1,1
809,38,3,0.0,2,80061.31,France,Male,1,1
711,37,2,0.0,2,83978.86,Spain,Male,1,0
678,61,8,0.0,2,159938.82,Spain,Female,1,1
499,39,6,0.0,2,81409.0,Spain,Male,1,1
790,26,5,0.0,1,20510.79,France,Male,1,0
807,34,1,0.0,1,114448.13,France,Female,0,0
618,24,7,128736.39,1,37147.61,France,Female,0,1
547,38,5,167539.97,1,159207.34,France,Female,0,1
683,47,1,0.0,2,148989.15,France,Male,1,0
685,30,3,90536.81,1,63082.88,Germany,Male,0,1
678,43,1,133237.21,1,111032.79,France,Male,1,0
621,40,6,0.0,1,155155.25,France,Female,1,0
749,40,8,141782.57,2,86333.63,Germany,Female,0,0
520,42,6,0.0,2,34410.55,Spain,Female,1,1
802,39,7,120145.96,2,59497.01,France,Female,0,1
573,30,6,0.0,2,66190.21,France,Female,1,0
752,36,7,0.0,2,184866.86,France,Female,1,0
490,40,6,156111.08,1,190889.13,Spain,Male,0,0
547,35,4,0.0,1,133287.73,France,Female,1,1
766,27,5,126285.73,1,177614.17,Germany,Male,1,0
518,28,9,85146.36,1,2803.89,France,Female,0,0
572,39,2,0.0,2,555.28,France,Female,1,1
850,37,9,0.0,1,100101.06,France,Female,0,0
559,24,3,114739.92,1,85891.02,Spain,Male,1,0
631,37,2,121801.72,2,23146.62,Germany,Female,0,1
621,50,3,163085.79,1,131048.36,Spain,Male,0,1
717,42,5,190305.78,1,99347.8,Spain,Female,1,0
782,33,7,191523.09,1,167058.75,France,Male,1,1
545,53,5,114421.55,1,180598.28,Germany,Male,1,0
577,43,3,0.0,2,135008.92,Spain,Male,1,1
506,37,5,0.0,2,127543.81,France,Male,1,1
816,40,9,109003.26,1,79580.56,Germany,Female,1,1
670,68,4,0.0,2,11426.7,France,Male,1,1
618,29,10,100315.1,2,32526.64,Germany,Female,1,1
499,44,6,77627.33,2,108222.68,Germany,Female,1,0
693,28,8,0.0,2,158545.25,France,Female,1,1
622,38,5,0.0,2,105295.77,France,Male,0,0
697,38,1,182065.85,1,49503.5,France,Female,1,0
702,35,8,14262.8,2,54689.16,Spain,Female,1,0
776,37,2,0.0,1,8065.0,France,Male,0,1
721,37,3,107720.64,1,158591.12,Germany,Male,1,1
554,43,5,99906.89,1,24983.39,Germany,Male,0,0
641,65,6,38340.02,1,32607.77,France,Male,1,0
570,30,2,131406.56,1,47952.45,France,Male,1,1
707,42,2,16893.59,1,77502.56,France,Male,1,1
572,24,1,0.0,2,151460.84,France,Male,1,1
647,51,4,131156.76,1,29883.63,Germany,Male,1,0
700,37,1,135179.49,1,160670.37,France,Male,1,0
419,27,2,121580.42,1,134720.51,Spain,Female,0,1
764,39,5,81042.42,1,109805.17,France,Female,0,1
673,72,1,0.0,2,111981.19,France,Male,0,1
590,36,1,0.0,2,48876.84,France,Male,1,0
702,40,1,103549.24,1,9712.52,France,Female,0,0
546,42,9,86351.85,2,57380.13,Germany,Female,1,0
506,35,6,110046.93,2,26318.73,Spain,Male,1,0
579,41,0,141749.68,1,9201.53,Germany,Male,0,1
514,38,4,112230.38,1,16717.11,France,Male,1,0
621,32,1,0.0,2,168779.47,France,Male,1,1
624,28,2,0.0,2,104353.26,Spain,Female,0,1
682,30,4,0.0,1,161465.31,France,Male,0,1
602,34,5,0.0,2,77414.45,France,Male,1,1
750,37,1,133199.71,2,27366.77,Germany,Female,1,1
580,24,1,133811.78,1,17185.95,Germany,Male,1,0
705,47,3,63488.7,1,28640.92,Spain,Female,0,1
491,70,6,148745.92,2,17818.33,Germany,Male,1,1
630,39,7,135483.17,1,140881.2,Spain,Female,1,0
494,33,1,137853.0,1,90273.85,France,Female,0,1
647,32,5,97041.16,1,23132.73,France,Male,1,1
652,35,7,104015.54,2,55207.88,Germany,Male,1,1
676,31,3,78990.15,1,124777.14,France,Male,1,1
768,29,2,95984.69,2,73686.75,France,Male,1,1
581,41,8,0.0,2,29737.14,France,Male,0,0
602,31,7,155271.83,1,179446.31,France,Male,1,1
794,41,7,176845.41,3,166526.26,France,Female,1,0
628,50,4,122227.71,1,14217.77,Germany,Male,0,1
653,29,2,0.0,2,41671.81,France,Male,1,1
666,30,3,110153.27,1,74849.46,Germany,Male,0,1
599,25,3,0.0,2,120790.02,Spain,Male,1,1
688,51,5,0.0,1,91624.11,France,Female,1,0
601,44,1,100486.18,2,62678.53,France,Male,1,1
770,24,9,101827.07,1,167256.35,France,Male,1,0
671,34,5,164757.56,1,110748.88,France,Female,1,0
607,28,1,135936.1,2,110560.14,Spain,Male,1,1
744,46,1,0.0,3,177431.59,Spain,Female,1,1
834,68,9,130169.27,2,93112.2,Germany,Female,0,1
759,39,6,0.0,2,140497.67,France,Female,1,1
676,35,0,0.0,2,139911.58,Spain,Male,0,0
694,39,5,77652.4,1,25407.59,France,Male,1,1
471,42,3,164951.56,1,190531.77,France,Male,1,0
615,30,7,0.0,2,156346.84,France,Male,1,1
596,76,9,134208.25,1,13455.43,Spain,Female,1,1
551,49,1,150777.72,2,135757.27,Spain,Male,1,1
700,40,2,0.0,2,199753.97,Spain,Female,1,0
743,34,1,131736.88,1,108543.21,Germany,Female,1,1
683,33,9,0.0,2,38784.42,France,Female,1,1
543,32,7,147256.86,1,112771.95,France,Female,1,0
760,38,6,162888.73,1,91098.76,France,Male,1,0
707,57,1,92053.0,1,164064.44,France,Female,1,1
486,26,2,0.0,2,31399.4,France,Male,1,1
588,31,4,99607.37,2,35877.03,France,Male,0,1
706,30,6,87609.68,2,137674.55,Spain,Male,0,0
682,44,3,115282.3,1,23766.4,France,Male,0,0
825,36,3,146053.66,1,138344.7,France,Female,1,1
741,43,0,0.0,2,2920.63,Spain,Male,1,1
833,28,4,136674.51,2,5278.78,France,Female,0,0
701,37,8,130091.5,1,120031.29,France,Male,1,1
564,37,9,100252.18,1,146033.52,Spain,Male,1,1
740,57,3,113386.36,2,65121.63,Germany,Female,1,1
492,51,8,117808.74,2,67311.12,Germany,Male,1,1
785,28,8,0.0,2,77231.27,France,Male,1,0
718,41,1,0.0,2,27509.52,France,Female,0,1
513,34,7,60515.13,1,124571.09,Germany,Male,0,0
550,39,2,116120.19,2,195638.13,Spain,Male,1,1
850,31,3,51293.47,1,35534.68,Germany,Female,0,0
573,72,8,98765.84,1,96015.53,Spain,Female,1,1
784,42,2,109052.04,2,6409.55,Spain,Female,1,0
544,22,4,0.0,2,70007.67,Spain,Male,1,0
506,57,6,0.0,2,194421.12,France,Female,0,1
816,25,2,150355.35,2,35770.84,Germany,Female,1,1
562,29,9,120307.58,1,6795.61,Spain,Female,1,1
613,40,9,95624.36,2,60706.33,France,Female,1,1
573,47,4,152522.47,1,164038.07,Germany,Female,0,1
629,32,3,0.0,2,15404.64,Spain,Male,1,1
633,31,1,0.0,1,48606.71,France,Male,1,0
592,45,8,84692.5,1,67214.02,Spain,Male,0,1
579,37,5,152212.88,2,120219.14,Spain,Male,0,0
485,21,5,113157.22,1,54141.5,Spain,Female,1,1
617,41,7,0.0,2,14496.67,France,Male,0,1
703,36,2,0.0,2,108790.95,France,Male,1,0
584,38,1,115341.55,1,173632.92,France,Male,0,1
583,38,8,0.0,1,47848.56,France,Male,1,0
635,29,2,0.0,2,117173.8,Spain,Male,0,0
554,24,10,0.0,1,92180.62,France,Male,0,0
518,46,3,0.0,2,76515.79,France,Male,1,0
712,40,3,109308.79,2,120158.72,Germany,Female,1,0
653,55,7,0.0,2,41967.03,Spain,Male,1,1
602,43,2,113641.49,4,115116.35,Germany,Female,1,0
681,33,10,0.0,1,158336.36,Spain,Male,0,0
714,54,7,126113.28,1,112777.38,France,Male,1,0
563,26,7,0.0,2,6139.74,Spain,Male,0,0
597,26,5,0.0,2,95159.13,Spain,Male,0,1
603,35,9,145623.36,1,163181.62,Germany,Female,1,0
685,33,1,0.0,3,70221.13,France,Female,0,1
735,43,9,98807.45,1,184570.04,Germany,Female,0,0
436,45,3,104339.11,2,183540.22,Germany,Male,1,1
668,28,1,124511.01,1,114258.18,Germany,Female,0,0
667,38,6,144432.04,1,73963.17,France,Female,1,1
551,26,2,144258.52,1,49778.79,France,Female,1,0
554,66,8,0.0,2,116747.62,Spain,Male,1,1
708,37,8,153366.13,1,26912.34,Germany,Male,1,1
632,39,5,97854.37,2,93536.38,Spain,Female,1,0
433,49,10,0.0,1,87711.61,France,Female,1,1
615,33,3,137657.25,2,171657.57,Germany,Female,1,1
677,24,0,148298.59,2,182913.95,France,Female,0,0
558,41,2,124227.14,1,111184.67,Germany,Male,1,1
591,35,7,183027.25,1,56028.79,France,Male,1,1
850,47,10,134381.52,1,26812.89,Germany,Female,0,0
675,50,1,133204.91,1,8270.06,Spain,Female,0,1
579,31,6,0.0,2,26149.25,France,Male,1,0
740,43,9,0.0,1,199290.68,Spain,Male,1,0
620,36,8,0.0,2,145937.99,France,Male,1,1
616,31,3,94263.91,2,168895.06,France,Male,1,0
422,33,2,0.0,2,102655.31,France,Female,1,0
600,58,8,118723.11,1,6209.51,Germany,Female,0,0
651,34,9,0.0,2,138113.71,France,Female,1,0
539,36,6,0.0,3,118959.64,Spain,Male,1,1
613,27,5,125167.74,1,199104.52,France,Female,1,0
681,23,7,157761.56,1,147759.84,France,Male,0,0
670,57,3,175575.95,2,99061.75,Spain,Female,1,0
717,35,4,0.0,1,167573.06,France,Male,1,1
617,30,8,0.0,1,92621.9,France,Female,1,1
631,46,10,0.0,2,129508.96,Spain,Female,1,1
536,35,4,121520.36,1,77178.42,Germany,Female,0,0
743,23,3,110203.77,1,95583.45,France,Male,1,0
837,26,4,89900.24,2,175477.03,France,Male,1,0
577,35,4,108155.49,1,105407.79,France,Female,1,0
618,46,6,150213.71,1,120668.46,France,Female,1,0
731,47,1,115414.19,3,191734.67,France,Female,0,0
720,59,6,0.0,2,160849.43,Spain,Female,1,1
593,41,6,0.0,1,65170.66,France,Female,1,0
708,54,8,145151.4,1,125311.17,Germany,Female,0,1
850,41,5,0.0,2,34827.43,France,Female,1,1
489,38,8,0.0,2,196990.79,France,Male,0,1
499,36,5,131142.53,2,174918.46,Germany,Male,1,0
659,27,4,0.0,2,99341.87,Spain,Male,1,0
797,59,4,129321.44,1,93624.55,Spain,Male,1,1
623,40,4,0.0,3,31669.18,Spain,Female,1,0
705,55,8,0.0,2,14392.68,France,Female,1,1
473,33,5,125827.43,1,145698.73,France,Female,0,1
693,39,0,0.0,2,81901.6,Spain,Female,0,0
726,51,8,107494.86,2,140937.91,Germany,Female,1,0
703,28,9,0.0,2,2151.17,France,Male,0,1
675,36,9,106190.55,1,22994.32,Spain,Male,0,1
631,34,4,124379.14,1,106892.91,France,Female,1,0
798,28,3,0.0,2,2305.27,France,Male,1,0
546,25,7,127728.24,2,105279.74,Spain,Male,1,1
747,41,9,0.0,1,32430.94,Spain,Male,1,0
790,46,2,131365.37,2,180290.68,Spain,Male,1,1
534,35,2,81951.74,2,115668.53,France,Male,1,0
706,38,1,0.0,2,122379.54,France,Male,1,0
710,75,5,0.0,2,9376.89,Spain,Female,1,1
654,40,5,105683.63,1,173617.09,Spain,Male,1,0
850,30,3,104911.35,2,42933.26,Germany,Female,1,1
697,48,1,0.0,2,87400.53,France,Female,1,1
751,37,3,99773.85,2,54865.92,Spain,Female,1,0
598,60,4,0.0,1,197727.14,France,Male,1,0
738,26,9,0.0,2,48644.94,France,Male,1,1
715,41,4,94267.9,1,152821.12,France,Male,0,1
458,36,5,0.0,2,79723.78,Spain,Male,1,0
754,32,7,0.0,2,89520.75,Spain,Female,1,0
850,46,9,117640.39,1,88920.68,France,Male,1,0
589,41,7,92618.62,1,101178.85,Germany,Female,1,1
645,49,2,0.0,2,10023.15,Spain,Male,0,0
569,44,4,0.0,2,134394.78,France,Female,0,0
742,27,0,0.0,2,131534.96,France,Male,0,1
616,32,6,0.0,2,43001.46,Spain,Female,1,1
806,30,8,168078.83,1,85028.36,Germany,Male,1,0
722,50,4,132088.59,1,128262.14,Spain,Female,1,1
797,32,10,114084.6,1,125782.29,France,Male,0,1
850,44,7,89118.26,1,104240.77,Spain,Male,1,0
418,35,7,0.0,2,88878.15,France,Male,1,1
612,33,9,0.0,1,142797.5,France,Female,0,0
703,37,8,105961.68,2,74158.8,France,Male,0,1
646,46,8,0.0,2,133059.15,France,Female,1,0
603,46,2,0.0,2,174478.54,Spain,Male,1,0
531,31,7,117052.82,1,118508.09,Germany,Female,1,0
694,22,4,0.0,2,11525.72,France,Female,1,1
680,37,10,123806.28,1,81776.84,France,Female,1,0
807,28,7,165969.26,3,156122.13,Spain,Female,1,0
850,31,6,67996.23,2,50129.87,France,Male,0,0
632,37,1,138207.08,1,60778.11,Spain,Male,1,0
850,38,7,115378.94,1,162087.82,Spain,Male,0,1
663,34,10,0.0,1,114083.73,France,Male,1,1
642,41,4,157777.58,1,67484.6,Germany,Male,1,0
731,42,9,101043.63,1,192175.52,Spain,Male,1,1
636,60,7,124447.73,1,141364.62,Spain,Male,1,1
644,31,5,86006.3,1,73922.95,Spain,Female,1,1
781,20,0,125023.1,2,108301.45,France,Male,1,1
550,40,7,114354.95,1,54018.93,France,Female,1,0
576,36,8,166287.85,1,23305.85,Germany,Female,1,1
518,42,7,151027.05,2,119377.36,France,Male,1,0
576,29,7,130575.26,1,173629.78,Germany,Male,0,1
713,53,6,115029.4,1,191521.32,France,Male,0,0
812,49,8,66079.45,2,91556.57,Spain,Female,0,0
664,44,8,142989.69,1,115452.51,France,Female,1,1
678,41,9,0.0,1,13160.03,France,Female,0,0
646,50,0,104129.24,2,181794.86,France,Male,1,0
699,31,10,125837.86,2,189392.66,Germany,Female,1,0
794,55,6,115796.7,1,160526.36,Germany,Female,1,0
787,42,10,145988.65,2,79510.37,France,Female,1,1
667,39,9,0.0,2,68873.8,Spain,Male,1,0
666,31,2,79589.43,1,4050.57,France,Female,0,0
597,35,8,131101.04,1,192852.67,Germany,Female,1,1
719,49,5,105918.1,1,16246.59,France,Male,1,1
571,23,10,151097.28,1,17163.75,France,Female,0,1
452,32,5,0.0,2,75279.39,France,Female,0,1
520,23,3,116022.53,2,37577.66,Germany,Female,1,1
584,50,1,0.0,1,152567.75,Spain,Female,0,1
594,18,1,132694.73,1,167689.56,Germany,Male,1,0
722,40,6,0.0,2,111893.09,France,Male,1,1
537,84,8,92242.34,1,186235.98,Germany,Male,1,1
756,41,6,149049.92,1,50422.36,Germany,Male,0,1
643,43,1,0.0,2,145764.4,Spain,Male,1,1
700,30,4,116377.48,1,134417.31,Germany,Female,1,1
563,41,2,100520.92,1,19412.8,Germany,Male,1,1
589,38,4,0.0,1,95483.48,France,Male,1,0
768,30,6,0.0,2,199454.37,France,Male,1,1
501,25,6,104013.79,1,114774.35,Germany,Male,1,0
654,29,4,96974.97,1,141404.07,France,Female,0,1
785,38,9,107199.75,1,146398.51,Germany,Female,0,0
725,39,5,116803.8,1,124052.97,Germany,Female,1,0
504,44,4,113522.64,1,12405.2,Spain,Male,1,1
716,66,5,121411.9,1,10070.4,Germany,Male,0,0
658,31,5,100082.14,1,49809.88,France,Male,0,1
743,71,0,0.0,2,29837.65,France,Male,0,1
705,39,6,133261.13,1,78065.9,Spain,Male,1,1
767,35,9,0.0,2,39511.61,France,Female,1,0
637,40,9,154309.67,1,125334.16,Germany,Male,1,1
803,28,3,0.0,2,159654.0,France,Male,1,0
725,36,4,118520.26,1,131173.9,Spain,Female,0,0
699,39,1,0.0,2,93826.63,France,Female,0,0
789,27,8,66201.96,1,79458.12,France,Female,1,1
639,38,5,0.0,2,93716.38,France,Female,0,0
587,48,1,0.0,2,8908.0,Spain,Male,1,1
501,27,4,95331.83,2,132104.76,Germany,Male,1,0
592,42,1,147249.29,2,63023.02,France,Male,1,1
659,32,9,95377.13,1,187551.24,France,Male,0,1
694,32,0,91956.49,1,59961.81,France,Male,1,1
802,51,7,0.0,1,40855.79,Spain,Male,0,1
597,41,4,145809.53,2,52319.26,France,Female,1,1
537,38,1,96939.06,1,102606.92,Spain,Female,1,1
591,31,7,0.0,2,48778.46,France,Female,0,1
677,36,7,0.0,1,47318.75,France,Female,1,0
691,40,1,0.0,2,145613.17,Spain,Male,1,1
770,30,8,0.0,2,100557.03,France,Female,1,0
593,33,0,95927.04,1,199478.05,France,Female,1,0
630,28,1,0.0,2,133267.78,France,Female,1,1
586,32,1,0.0,2,31635.99,France,Male,0,0
630,26,7,0.0,2,6656.64,Spain,Male,1,1
581,41,2,127913.71,2,44205.95,Germany,Male,1,1
571,37,9,139592.98,3,104152.65,Germany,Male,1,0
654,37,5,0.0,1,71492.28,France,Female,0,1
619,49,9,145359.99,1,38186.85,France,Female,1,0
552,39,2,132906.88,1,149384.43,Germany,Male,0,1
590,30,3,0.0,2,83090.35,Spain,Male,1,0
705,48,1,156848.13,2,99475.95,Germany,Female,1,1
476,40,4,0.0,2,182547.04,France,Female,0,0
723,30,3,124119.54,1,162198.32,France,Male,1,0
594,50,7,81310.34,1,183868.01,France,Male,1,1
714,53,1,99141.86,1,72496.05,Germany,Male,1,1
578,40,6,63609.92,1,74965.61,Spain,Male,0,0
790,20,8,0.0,2,168152.76,Spain,Male,1,0
613,34,3,0.0,1,41724.72,Spain,Male,1,1
624,35,0,180303.24,2,163587.9,Germany,Female,1,0
458,44,7,84386.57,1,178642.73,Germany,Male,1,0
731,49,4,88826.07,1,33759.41,Germany,Female,1,1
850,46,2,157866.77,1,18986.12,France,Female,1,1
631,41,0,0.0,1,87959.83,Spain,Female,0,0
540,28,6,84121.04,1,80698.54,Spain,Female,0,1
645,40,3,129596.77,1,103232.6,France,Female,1,1
776,39,8,125211.55,2,144496.07,France,Male,1,0
713,46,5,0.0,1,55701.62,France,Male,1,1
741,32,8,0.0,2,143598.7,France,Male,1,0
667,45,3,0.0,2,163655.01,Spain,Male,0,0
590,29,10,0.0,1,51907.72,Spain,Male,1,1
662,42,6,105021.28,1,48242.38,Spain,Female,1,0
549,52,1,0.0,1,8636.05,France,Female,0,1
717,64,10,98362.35,2,21630.21,Germany,Female,1,1
551,30,2,143340.44,1,145796.49,Germany,Female,1,0
850,24,1,0.0,2,69052.87,Spain,Female,0,1
529,63,4,96134.11,3,108732.96,Spain,Male,1,0
726,38,4,0.0,2,6787.48,France,Female,0,0
797,32,1,151922.94,1,8877.06,Germany,Male,1,0
850,32,9,0.0,2,18924.92,Spain,Female,1,1
515,37,0,196853.62,1,132770.11,France,Female,1,1
719,44,4,0.0,1,84972.9,Spain,Male,0,0
707,47,3,0.0,2,174303.29,France,Male,1,0
698,27,6,125427.37,2,27654.44,Spain,Male,0,0
469,31,6,0.0,1,146213.75,Spain,Female,1,0
569,28,3,100032.52,1,5159.21,Germany,Female,1,0
690,42,3,92578.14,2,70810.6,France,Female,0,0
727,28,2,110997.76,1,101433.76,France,Female,1,0
731,40,7,118991.79,1,156048.64,France,Female,1,1
736,43,4,202443.47,1,72375.03,France,Male,1,0
744,47,9,0.0,2,113163.17,France,Male,1,0
850,45,4,114347.85,2,109089.04,Spain,Female,1,1
668,46,7,161806.09,1,173052.19,Germany,Female,1,1
699,43,2,136487.86,2,82815.93,Spain,Male,1,0
661,41,5,28082.95,1,69586.27,Spain,Female,1,0
798,36,1,0.0,2,159044.1,France,Male,1,1
685,35,9,0.0,1,167033.83,France,Male,1,0
675,34,1,124619.33,2,163667.56,France,Male,0,1
679,38,7,110555.37,2,46522.68,Germany,Male,1,0
655,34,4,109783.69,2,134034.32,Spain,Female,1,0
633,63,4,114552.6,1,73856.28,Spain,Male,1,0
782,39,8,0.0,2,33949.67,France,Male,1,1
653,46,5,0.0,2,49707.85,France,Female,1,0
755,30,4,123217.66,2,144183.1,France,Male,0,1
557,27,3,87739.08,1,123096.56,France,Female,1,1
660,31,1,84560.04,1,137784.25,Spain,Male,1,1
658,40,5,143566.12,1,189607.71,France,Female,1,1
647,42,9,0.0,2,51362.82,France,Female,1,1
580,45,2,179334.83,2,169303.65,Germany,Male,1,1
701,51,9,0.0,2,61961.57,France,Male,0,0
850,58,8,156652.13,1,25899.21,France,Male,0,0
563,32,0,148326.09,1,191604.27,France,Female,1,0
594,27,0,197041.8,1,151912.49,France,Male,0,0
590,44,3,139432.37,1,62222.81,Spain,Female,1,0
488,32,3,114540.38,1,92568.07,Germany,Male,1,0
720,34,3,0.0,2,77047.78,Spain,Male,1,1
665,41,8,0.0,2,132152.32,Spain,Male,1,0
683,73,9,124730.26,1,51999.5,Germany,Male,1,1
625,34,6,0.0,2,197283.2,France,Male,0,0
542,37,8,0.0,1,807.06,Spain,Male,1,1
506,34,7,0.0,2,115842.1,France,Male,0,0
516,50,7,139675.07,2,45591.23,Germany,Male,1,0
691,30,7,116927.89,1,21198.39,Germany,Male,1,0
472,29,8,102490.27,1,181224.56,France,Male,0,1
458,35,5,166492.48,1,135287.74,Spain,Female,1,0
819,38,9,122334.26,2,181507.44,France,Male,1,1
641,77,9,0.0,3,81514.06,France,Male,1,1
697,51,1,147910.3,1,53581.14,Germany,Male,1,1
850,32,4,0.0,1,180622.02,France,Male,1,1
535,58,1,0.0,2,11779.98,Spain,Male,1,1
774,26,5,0.0,2,64716.08,France,Female,1,1
777,29,9,131240.61,1,163746.09,France,Female,1,1
850,29,10,0.0,2,94815.04,Spain,Female,1,1
611,64,9,0.0,2,53277.15,France,Male,1,1
687,63,1,137715.66,1,37938.74,Spain,Female,1,1
639,42,4,0.0,2,167682.37,France,Female,0,0
508,64,2,0.0,1,6076.62,France,Female,1,1
637,40,8,125470.81,1,174536.17,France,Male,1,1
701,37,3,0.0,2,164268.28,France,Female,1,1
674,44,4,131593.85,1,171345.02,Germany,Female,0,1
751,34,9,108513.25,2,27097.82,Germany,Male,1,1
706,32,5,88348.43,2,104181.78,Germany,Male,1,1
638,29,9,103417.74,1,15336.4,France,Female,1,1
425,39,5,0.0,2,140941.47,Spain,Female,1,0
574,54,1,99774.5,1,4896.11,Germany,Male,0,0
631,33,8,0.0,2,117374.22,France,Female,0,0
695,36,6,114007.5,2,118120.88,France,Male,1,0
520,35,4,115680.81,1,90280.7,Spain,Female,1,1
596,27,2,151027.56,1,170320.58,Germany,Female,1,0
752,38,10,101648.5,2,172001.44,Germany,Female,1,0
762,35,9,0.0,2,43075.7,France,Male,1,1
511,33,7,0.0,2,158313.87,France,Male,0,1
655,35,1,82231.51,2,88798.02,Spain,Female,1,0
435,54,3,0.0,1,156910.46,France,Male,1,0
850,36,2,155180.56,2,169415.54,Spain,Female,0,0
589,48,5,126111.61,1,133961.19,Germany,Male,0,1
629,30,2,34013.63,1,19570.63,Spain,Female,1,0
709,38,5,0.0,2,81452.29,France,Male,1,1
504,32,8,170291.22,2,15658.99,Germany,Male,0,1
660,34,1,0.0,2,9692.58,France,Male,1,0
565,38,5,126645.13,1,168303.55,France,Female,1,1
685,30,4,84958.6,2,194343.72,Germany,Female,0,1
692,30,7,0.0,2,18826.34,France,Female,1,1
548,33,6,0.0,1,31728.35,Spain,Male,1,1
678,36,0,107379.68,1,84460.18,France,Male,1,1
762,19,6,0.0,2,55500.17,Spain,Female,1,0
609,48,1,108019.27,3,184524.65,France,Male,1,1
729,26,4,97268.1,2,39356.38,Germany,Male,1,0
745,54,8,0.0,1,173912.29,Spain,Female,1,0
