tenure,MonthlyCharges,TotalCharges,gender,SeniorCitizen,Partner,Dependents,PhoneService,MultipleLines,InternetService,OnlineSecurity,OnlineBackup,DeviceProtection,TechSupport,StreamingTV,StreamingMovies,Contract,PaperlessBilling,PaymentMethod
18,20.1,401.85,Male,0,No,No,Yes,No,No,No internet service,No internet service,No internet service,No internet service,No internet service,No internet service,One year,No,Mailed check
7,96.2,639.7,Male,0,No,No,Yes,Yes,Fiber optic,No,No,No,No,Yes,Yes,Month-to-month,No,Electronic check
52,109.3,5731.4,Male,0,No,No,Yes,Yes,Fiber optic,Yes,No,Yes,Yes,Yes,Yes,Two year,Yes,Electronic check
46,19.95,927.1,Female,0,Yes,Yes,Yes,No,No,No internet service,No internet service,No internet service,No internet service,No internet service,No internet service,Two year,Yes,Mailed check
40,101.85,4086.3,Male,1,Yes,No,Yes,Yes,Fiber optic,Yes,No,No,No,Yes,Yes,Month-to-month,No,Electronic check
10,98.5,1037.75,Male,0,Yes,No,Yes,Yes,Fiber optic,No,No,Yes,No,Yes,Yes,Month-to-month,Yes,Electronic check
30,106.4,3211.9,Female,0,No,No,Yes,Yes,Fiber optic,Yes,No,No,Yes,Yes,Yes,Month-to-month,No,Bank transfer (automatic)
19,55.0,1046.5,Male,0,No,No,Yes,No,DSL,No,No,Yes,Yes,No,No,Month-to-month,Yes,Credit card (automatic)
22,78.85,1600.25,Male,0,No,No,Yes,Yes,Fiber optic,No,Yes,No,No,No,No,Month-to-month,Yes,Mailed check
8,19.2,161.95,Female,0,No,No,Yes,No,No,No internet service,No internet service,No internet service,No internet service,No internet service,No internet service,One year,Yes,Mailed check
72,89.55,6448.85,Female,1,Yes,Yes,Yes,Yes,DSL,Yes,Yes,Yes,Yes,Yes,Yes,Two year,Yes,Credit card (automatic)
62,70.75,4263.45,Female,0,Yes,Yes,Yes,No,DSL,Yes,No,Yes,Yes,Yes,No,One year,Yes,Bank transfer (automatic)
35,99.05,3554.6,Female,1,No,No,Yes,Yes,Fiber optic,Yes,No,No,No,Yes,Yes,Month-to-month,Yes,Electronic check
14,71.0,914.0,Female,0,No,No,Yes,No,Fiber optic,No,No,No,No,No,No,Month-to-month,Yes,Credit card (automatic)
15,20.1,302.45,Female,0,No,No,Yes,No,No,No internet service,No internet service,No internet service,No internet service,No internet service,No internet service,One year,No,Credit card (automatic)
9,79.9,741.7,Male,0,Yes,No,Yes,No,Fiber optic,No,Yes,Yes,No,No,No,Month-to-month,Yes,Electronic check
56,106.6,5893.95,Female,0,No,No,Yes,Yes,Fiber optic,Yes,Yes,No,No,Yes,Yes,Month-to-month,Yes,Credit card (automatic)
10,20.05,218.5,Male,0,Yes,Yes,Yes,No,No,No internet service,No internet service,No internet service,No internet service,No internet service,No internet service,Month-to-month,Yes,Credit card (automatic)
50,70.35,3533.6,Female,0,No,Yes,Yes,No,Fiber optic,No,No,No,No,No,No,Two year,No,Credit card (automatic)
22,101.35,2317.1,Male,0,No,No,Yes,Yes,Fiber optic,Yes,No,No,No,Yes,Yes,Month-to-month,Yes,Bank transfer (automatic)
9,75.2,633.85,Female,0,No,No,Yes,Yes,Fiber optic,No,No,No,No,No,No,Month-to-month,Yes,Credit card (automatic)
28,85.45,2289.9,Male,0,Yes,Yes,Yes,No,Fiber optic,No,No,Yes,No,Yes,No,Month-to-month,No,Electronic check
10,20.35,176.3,Male,0,No,No,Yes,No,No,No internet service,No internet service,No internet service,No internet service,No internet service,No internet service,One year,No,Mailed check
1,69.1,69.1,Female,0,Yes,Yes,Yes,No,Fiber optic,No,No,No,No,No,No,Month-to-month,Yes,Mailed check
58,70.1,4048.95,Male,0,No,No,Yes,No,DSL,No,Yes,Yes,Yes,Yes,No,Two year,No,Bank transfer (automatic)
62,104.3,6613.65,Female,0,Yes,No,Yes,No,Fiber optic,Yes,No,Yes,Yes,Yes,Yes,One year,Yes,Electronic check
5,91.4,449.75,Male,1,No,No,Yes,No,Fiber optic,No,No,No,No,Yes,Yes,Month-to-month,Yes,Electronic check
15,93.35,1444.65,Male,0,No,No,Yes,Yes,Fiber optic,No,No,No,No,Yes,Yes,Month-to-month,Yes,Electronic check
72,78.95,5730.15,Female,0,Yes,Yes,Yes,Yes,DSL,No,Yes,No,Yes,Yes,Yes,Two year,Yes,Electronic check
12,29.35,381.2,Male,1,No,No,No,No phone service,DSL,No,Yes,No,No,No,No,Month-to-month,Yes,Credit card (automatic)
2,69.8,134.7,Male,0,No,No,Yes,No,Fiber optic,No,No,No,No,No,No,Month-to-month,Yes,Credit card (automatic)
4,80.85,302.75,Female,0,Yes,Yes,Yes,No,Fiber optic,No,No,No,No,No,Yes,Month-to-month,No,Electronic check
36,20.25,717.95,Female,0,Yes,Yes,Yes,No,No,No internet service,No internet service,No internet service,No internet service,No internet service,No internet service,Two year,No,Bank transfer (automatic)
61,25.0,1501.75,Male,1,Yes,No,Yes,Yes,No,No internet service,No internet service,No internet service,No internet service,No internet service,No internet service,Two year,No,Bank transfer (automatic)
24,80.25,1861.5,Male,0,No,No,Yes,Yes,Fiber optic,No,Yes,No,No,No,No,Month-to-month,Yes,Electronic check
55,25.7,1443.65,Male,0,Yes,No,Yes,Yes,No,No internet service,No internet service,No internet service,No internet service,No internet service,No internet service,Two year,No,Bank transfer (automatic)
72,106.3,7565.35,Male,0,Yes,No,Yes,Yes,Fiber optic,No,Yes,Yes,No,Yes,Yes,Two year,Yes,Bank transfer (automatic)
1,55.45,55.45,Female,0,No,No,Yes,No,DSL,No,No,No,No,No,Yes,Month-to-month,Yes,Electronic check
21,94.25,1973.75,Female,1,No,No,Yes,Yes,Fiber optic,No,No,No,No,Yes,Yes,Month-to-month,Yes,Electronic check
18,94.7,1687.95,Male,0,Yes,No,Yes,Yes,Fiber optic,No,No,No,No,Yes,Yes,Month-to-month,Yes,Electronic check
45,50.25,2221.55,Female,0,Yes,No,Yes,No,DSL,No,No,Yes,No,No,No,Month-to-month,Yes,Credit card (automatic)
72,64.95,4546.0,Male,1,Yes,No,No,No phone service,DSL,Yes,Yes,Yes,Yes,Yes,Yes,Two year,Yes,Credit card (automatic)
7,43.9,278.4,Male,0,No,No,Yes,No,DSL,No,No,No,No,No,No,Month-to-month,No,Mailed check
19,39.65,733.35,Male,0,No,No,No,No phone service,DSL,No,No,Yes,No,Yes,No,Month-to-month,Yes,Electronic check
7,19.45,136.75,Male,0,No,Yes,Yes,No,No,No internet service,No internet service,No internet service,No internet service,No internet service,No internet service,One year,No,Mailed check
59,72.1,4194.85,Female,0,Yes,Yes,Yes,Yes,DSL,No,No,Yes,Yes,Yes,No,Two year,Yes,Bank transfer (automatic)
39,41.15,1700.9,Female,0,No,No,No,No phone service,DSL,Yes,Yes,No,Yes,No,No,One year,No,Bank transfer (automatic)
42,97.1,4016.75,Male,0,Yes,Yes,Yes,Yes,Fiber optic,Yes,No,No,No,Yes,Yes,One year,No,Electronic check
4,56.4,234.85,Male,0,No,No,Yes,No,DSL,No,No,No,No,Yes,No,Month-to-month,Yes,Electronic check
6,69.8,377.85,Male,0,Yes,Yes,Yes,No,Fiber optic,No,No,No,No,No,No,Month-to-month,Yes,Electronic check
63,19.15,1177.05,Male,0,Yes,Yes,Yes,No,No,No internet service,No internet service,No internet service,No internet service,No internet service,No internet service,Two year,Yes,Mailed check
38,57.15,2250.65,Female,1,No,No,Yes,No,DSL,Yes,Yes,No,No,No,No,Month-to-month,Yes,Credit card (automatic)
38,69.95,2657.55,Male,0,No,No,Yes,Yes,DSL,Yes,Yes,Yes,Yes,No,No,Month-to-month,No,Electronic check
35,94.55,3365.4,Male,1,Yes,No,Yes,Yes,Fiber optic,Yes,Yes,No,No,No,Yes,Month-to-month,Yes,Electronic check
31,20.4,609.1,Male,0,No,No,Yes,No,No,No internet service,No internet service,No internet service,No internet service,No internet service,No internet service,Two year,No,Bank transfer (automatic)
3,75.8,246.3,Female,0,No,No,Yes,Yes,Fiber optic,No,No,No,No,No,No,Month-to-month,Yes,Electronic check
1,33.6,33.6,Male,0,No,Yes,No,No phone service,DSL,No,Yes,No,Yes,No,No,Month-to-month,No,Mailed check
31,81.15,2545.75,Female,0,Yes,Yes,Yes,No,DSL,Yes,No,Yes,Yes,Yes,Yes,One year,Yes,Mailed check
54,20.0,1149.65,Male,0,No,No,Yes,No,No,No internet service,No internet service,No internet service,No internet service,No internet service,No internet service,Two year,No,Mailed check
2,46.05,80.35,Male,0,No,No,Yes,No,DSL,No,No,No,No,No,No,Month-to-month,No,Bank transfer (automatic)
7,19.4,168.65,Male,0,No,No,Yes,No,No,No internet service,No internet service,No internet service,No internet service,No internet service,No internet service,Month-to-month,Yes,Mailed check
4,94.3,424.45,Female,1,No,No,Yes,Yes,Fiber optic,No,No,No,No,Yes,Yes,Month-to-month,Yes,Electronic check
21,44.95,926.25,Female,0,Yes,Yes,Yes,No,DSL,No,No,No,No,No,No,Month-to-month,Yes,Electronic check
46,100.25,4753.85,Female,1,Yes,No,Yes,Yes,Fiber optic,No,No,No,Yes,Yes,Yes,One year,No,Electronic check
31,50.4,1580.1,Female,1,Yes,No,No,No phone service,DSL,Yes,Yes,Yes,No,No,Yes,One year,Yes,Credit card (automatic)
59,82.95,4903.15,Male,1,Yes,No,Yes,No,Fiber optic,Yes,Yes,Yes,No,No,No,One year,Yes,Credit card (automatic)
8,58.2,469.25,Female,0,No,No,Yes,No,DSL,Yes,Yes,No,Yes,No,No,One year,No,Bank transfer (automatic)
33,80.6,2651.1,Male,0,No,No,Yes,No,Fiber optic,No,Yes,No,Yes,No,No,Two year,No,Bank transfer (automatic)
65,109.4,7227.45,Female,1,Yes,No,Yes,Yes,Fiber optic,Yes,Yes,Yes,No,Yes,Yes,Month-to-month,Yes,Credit card (automatic)
38,19.6,763.1,Female,0,Yes,Yes,Yes,No,No,No internet service,No internet service,No internet service,No internet service,No internet service,No internet service,One year,No,Credit card (automatic)
67,19.25,1372.9,Female,0,Yes,Yes,Yes,No,No,No internet service,No internet service,No internet service,No internet service,No internet service,No internet service,Two year,Yes,Bank transfer (automatic)
9,74.25,639.65,Female,0,No,No,Yes,No,Fiber optic,Yes,No,No,No,No,No,Month-to-month,Yes,Credit card (automatic)
45,113.3,5032.25,Female,0,Yes,No,Yes,Yes,Fiber optic,Yes,Yes,Yes,Yes,Yes,Yes,One year,No,Mailed check
39,25.2,987.95,Male,0,Yes,Yes,Yes,Yes,No,No internet service,No internet service,No internet service,No internet service,No internet service,No internet service,Two year,No,Mailed check
49,39.2,1838.15,Male,0,Yes,Yes,No,No phone service,DSL,Yes,No,No,No,No,Yes,Month-to-month,Yes,Electronic check
50,82.5,4179.1,Female,0,No,No,Yes,Yes,DSL,Yes,No,Yes,Yes,Yes,Yes,One year,Yes,Credit card (automatic)
60,103.75,5969.95,Male,0,Yes,Yes,Yes,Yes,Fiber optic,No,Yes,No,Yes,Yes,Yes,Month-to-month,Yes,Bank transfer (automatic)
16,39.0,679.85,Male,1,No,No,No,No phone service,DSL,No,Yes,No,No,Yes,No,Month-to-month,Yes,Mailed check
15,84.45,1287.85,Female,0,No,No,Yes,No,DSL,Yes,Yes,Yes,Yes,Yes,Yes,Month-to-month,No,Mailed check
64,24.4,1548.65,Male,1,Yes,Yes,Yes,Yes,No,No internet service,No internet service,No internet service,No internet service,No internet service,No internet service,Two year,Yes,Bank transfer (automatic)
13,19.95,257.0,Male,0,No,No,Yes,No,No,No internet service,No internet service,No internet service,No internet service,No internet service,No internet service,One year,Yes,Mailed check
26,51.55,1295.4,Male,0,No,No,Yes,Yes,DSL,No,No,No,No,No,No,One year,Yes,Credit card (automatic)
45,20.35,929.2,Male,0,Yes,Yes,Yes,No,No,No internet service,No internet service,No internet service,No internet service,No internet service,No internet service,Two year,No,Mailed check
3,19.85,57.2,Female,0,No,No,Yes,No,No,No internet service,No internet service,No internet service,No internet service,No internet service,No internet service,Month-to-month,No,Mailed check
53,53.6,2879.2,Female,0,No,No,No,No phone service,DSL,Yes,Yes,Yes,Yes,Yes,No,One year,Yes,Electronic check
37,19.8,813.3,Female,0,No,No,Yes,No,No,No internet service,No internet service,No internet service,No internet service,No internet service,No internet service,Two year,No,Mailed check
72,110.1,7746.7,Female,1,No,No,Yes,Yes,Fiber optic,Yes,Yes,No,Yes,Yes,Yes,Two year,Yes,Bank transfer (automatic)
50,103.05,5153.5,Female,0,Yes,Yes,Yes,No,Fiber optic,No,No,Yes,Yes,Yes,Yes,One year,No,Mailed check
8,100.85,819.55,Male,0,No,No,Yes,Yes,Fiber optic,No,Yes,No,No,Yes,Yes,Month-to-month,No,Electronic check
1,48.45,48.45,Female,0,No,No,Yes,No,DSL,Yes,No,No,No,No,No,Month-to-month,Yes,Bank transfer (automatic)
68,92.2,6392.85,Male,0,Yes,Yes,Yes,Yes,DSL,Yes,Yes,Yes,Yes,Yes,Yes,Two year,Yes,Credit card (automatic)
26,83.75,2070.6,Male,0,Yes,Yes,Yes,Yes,Fiber optic,No,No,No,No,Yes,No,Month-to-month,Yes,Electronic check
60,53.6,3237.05,Female,0,No,No,No,No phone service,DSL,Yes,No,Yes,No,Yes,Yes,Two year,No,Electronic check
37,19.6,727.8,Female,1,Yes,No,Yes,No,No,No internet service,No internet service,No internet service,No internet service,No internet service,No internet service,One year,No,Mailed check
9,76.85,663.55,Female,0,No,No,Yes,Yes,Fiber optic,No,No,No,No,No,No,Month-to-month,Yes,Electronic check
15,64.65,994.55,Female,0,No,No,Yes,Yes,DSL,Yes,No,No,No,No,Yes,Month-to-month,Yes,Bank transfer (automatic)
18,74.15,1345.75,Female,0,No,No,Yes,Yes,Fiber optic,No,No,No,No,No,No,Month-to-month,Yes,Electronic check
23,23.85,625.65,Female,0,Yes,Yes,Yes,Yes,No,No internet service,No internet service,No internet service,No internet service,No internet service,No internet service,Two year,No,Mailed check
40,19.65,830.25,Female,0,No,No,Yes,No,No,No internet service,No internet service,No internet service,No internet service,No internet service,No internet service,Two year,No,Credit card (automatic)
41,74.55,3023.55,Male,0,Yes,Yes,Yes,Yes,DSL,Yes,Yes,Yes,No,Yes,No,Month-to-month,Yes,Credit card (automatic)
72,89.7,6588.95,Male,0,Yes,Yes,Yes,Yes,Fiber optic,No,Yes,No,No,Yes,No,One year,Yes,Electronic check
71,92.0,6585.2,Male,1,Yes,No,Yes,Yes,Fiber optic,Yes,Yes,Yes,Yes,No,No,One year,Yes,Electronic check
68,54.1,3794.5,Male,0,Yes,No,No,No phone service,DSL,Yes,No,Yes,No,Yes,Yes,Two year,Yes,Bank transfer (automatic)
1,19.3,19.3,Male,0,No,No,Yes,No,No,No internet service,No internet service,No internet service,No internet service,No internet service,No internet service,Month-to-month,No,Credit card (automatic)
24,93.55,2264.05,Female,1,Yes,No,Yes,Yes,Fiber optic,No,No,No,No,Yes,Yes,Month-to-month,Yes,Electronic check
28,19.9,543.0,Female,0,Yes,Yes,Yes,No,No,No internet service,No internet service,No internet service,No internet service,No internet service,No internet service,One year,No,Mailed check
17,95.65,1640.0,Male,0,No,No,Yes,Yes,Fiber optic,No,No,Yes,Yes,No,Yes,Month-to-month,Yes,Bank transfer (automatic)
1,35.25,35.25,Male,0,No,No,No,No phone service,DSL,No,No,No,No,No,Yes,Month-to-month,Yes,Bank transfer (automatic)
1,19.55,19.55,Female,0,No,No,Yes,No,No,No internet service,No internet service,No internet service,No internet service,No internet service,No internet service,Month-to-month,No,Mailed check
68,111.75,7511.3,Female,0,Yes,Yes,Yes,Yes,Fiber optic,Yes,No,Yes,Yes,Yes,Yes,Two year,No,Credit card (automatic)
58,20.3,1131.5,Male,0,No,No,Yes,No,No,No internet service,No internet service,No internet service,No internet service,No internet service,No internet service,Two year,No,Credit card (automatic)
63,25.25,1573.05,Male,0,Yes,Yes,Yes,Yes,No,No internet service,No internet service,No internet service,No internet service,No internet service,No internet service,Two year,No,Mailed check
12,81.45,912.0,Male,0,No,No,Yes,No,Fiber optic,No,No,No,No,Yes,No,Month-to-month,Yes,Electronic check
56,98.25,5508.35,Female,0,Yes,No,Yes,Yes,Fiber optic,No,Yes,No,No,Yes,Yes,One year,Yes,Electronic check
67,50.55,3260.1,Male,0,No,No,Yes,No,DSL,No,No,No,Yes,No,No,Two year,No,Bank transfer (automatic)
43,94.35,3921.3,Male,0,No,No,Yes,Yes,Fiber optic,No,No,No,No,Yes,Yes,One year,No,Mailed check
5,54.2,308.25,Female,0,No,No,Yes,No,DSL,Yes,No,No,Yes,No,No,Month-to-month,No,Electronic check
8,80.1,679.3,Female,0,No,No,Yes,No,Fiber optic,No,No,No,No,Yes,No,Month-to-month,Yes,Bank transfer (automatic)
66,25.3,1673.8,Male,0,No,Yes,Yes,Yes,No,No internet service,No internet service,No internet service,No internet service,No internet service,No internet service,Two year,Yes,Credit card (automatic)
41,65.0,2531.8,Male,0,No,No,Yes,Yes,DSL,No,No,Yes,No,No,Yes,One year,No,Mailed check
6,20.6,116.6,Male,0,No,No,Yes,No,No,No internet service,No internet service,No internet service,No internet service,No internet service,No internet service,One year,No,Mailed check
25,61.05,1540.2,Female,0,No,No,No,No phone service,DSL,Yes,Yes,Yes,No,Yes,Yes,One year,No,Electronic check
15,19.6,299.4,Female,0,No,No,Yes,No,No,No internet service,No internet service,No internet service,No internet service,No internet service,No internet service,Month-to-month,No,Mailed check
59,101.1,6039.9,Female,0,Yes,No,Yes,Yes,Fiber optic,No,Yes,No,No,Yes,Yes,Month-to-month,No,Electronic check
7,44.25,313.45,Female,0,Yes,No,Yes,No,DSL,No,No,No,No,No,No,Month-to-month,Yes,Mailed check
11,54.55,601.25,Male,1,No,Yes,Yes,No,DSL,No,Yes,No,Yes,No,No,Month-to-month,Yes,Electronic check
56,104.75,5510.65,Female,1,No,No,Yes,Yes,Fiber optic,No,Yes,Yes,No,Yes,Yes,One year,Yes,Bank transfer (automatic)
68,58.25,3975.7,Female,0,Yes,No,Yes,Yes,DSL,Yes,No,No,Yes,No,No,One year,No,Bank transfer (automatic)
1,29.9,29.9,Female,0,No,No,No,No phone service,DSL,Yes,No,No,No,No,No,Month-to-month,No,Mailed check
16,94.45,1511.2,Female,1,No,No,Yes,No,Fiber optic,No,No,No,Yes,Yes,Yes,Month-to-month,Yes,Electronic check
43,64.85,2908.2,Female,0,Yes,No,Yes,Yes,DSL,No,No,No,Yes,Yes,No,One year,Yes,Bank transfer (automatic)
2,93.85,196.75,Male,1,No,No,Yes,Yes,Fiber optic,No,No,No,No,Yes,Yes,Month-to-month,Yes,Electronic check
1,69.35,69.35,Male,0,No,No,Yes,No,Fiber optic,No,No,No,No,No,No,Month-to-month,Yes,Electronic check
23,83.75,1849.95,Female,0,Yes,Yes,Yes,Yes,Fiber optic,No,No,No,No,Yes,No,Month-to-month,Yes,Electronic check
56,94.45,5124.6,Male,0,No,No,Yes,Yes,Fiber optic,No,Yes,No,Yes,No,Yes,Month-to-month,Yes,Electronic check
6,49.15,295.65,Male,0,Yes,Yes,Yes,No,DSL,Yes,No,No,No,No,No,Month-to-month,Yes,Electronic check
22,87.0,1850.65,Male,0,Yes,No,Yes,No,Fiber optic,No,No,Yes,No,Yes,No,Month-to-month,Yes,Bank transfer (automatic)
50,20.15,970.85,Female,0,No,Yes,Yes,No,No,No internet service,No internet service,No internet service,No internet service,No internet service,No internet service,Two year,No,Credit card (automatic)
57,20.55,1252.85,Male,0,No,No,Yes,No,No,No internet service,No internet service,No internet service,No internet service,No internet service,No internet service,Two year,No,Credit card (automatic)
27,49.0,1291.35,Male,0,No,No,Yes,Yes,DSL,No,No,No,No,No,No,Month-to-month,No,Mailed check
64,69.25,4447.75,Male,0,Yes,Yes,Yes,No,DSL,Yes,No,Yes,Yes,Yes,No,Two year,No,Mailed check
5,85.75,470.95,Female,0,Yes,Yes,Yes,No,Fiber optic,No,No,No,Yes,Yes,No,Month-to-month,Yes,Electronic check
23,55.3,1284.2,Male,0,No,Yes,Yes,No,DSL,No,Yes,No,Yes,No,No,Month-to-month,Yes,Bank transfer (automatic)
1,19.75,19.75,Female,0,No,No,Yes,No,No,No internet service,No internet service,No internet service,No internet service,No internet service,No internet service,Month-to-month,No,Electronic check
48,78.9,3771.5,Male,0,No,No,Yes,No,DSL,No,Yes,Yes,Yes,Yes,Yes,Two year,No,Credit card (automatic)
23,20.9,454.0,Male,0,Yes,Yes,Yes,No,No,No internet service,No internet service,No internet service,No internet service,No internet service,No internet service,Two year,No,Mailed check
10,19.3,185.2,Female,0,No,No,Yes,No,No,No internet service,No internet service,No internet service,No internet service,No internet service,No internet service,One year,Yes,Mailed check
41,19.75,806.95,Female,0,No,No,Yes,No,No,No internet service,No internet service,No internet service,No internet service,No internet service,No internet service,One year,Yes,Mailed check
30,94.4,2838.7,Male,0,Yes,Yes,Yes,Yes,Fiber optic,Yes,Yes,No,No,Yes,No,Month-to-month,Yes,Electronic check
52,24.55,1331.05,Male,0,Yes,Yes,Yes,Yes,No,No internet service,No internet service,No internet service,No internet service,No internet service,No internet service,Two year,No,Mailed check
20,89.0,1820.45,Male,0,Yes,No,Yes,No,Fiber optic,No,No,No,No,Yes,Yes,Month-to-month,Yes,Mailed check
64,86.4,5442.05,Female,0,No,No,Yes,Yes,DSL,Yes,Yes,Yes,Yes,Yes,Yes,Two year,Yes,Credit card (automatic)
21,45.65,985.05,Male,0,No,Yes,Yes,No,DSL,No,No,No,No,No,No,Month-to-month,No,Mailed check
2,50.2,109.25,Male,0,No,No,Yes,No,DSL,No,No,No,Yes,No,No,Month-to-month,Yes,Credit card (automatic)
66,85.9,5595.3,Male,0,Yes,No,Yes,No,DSL,Yes,Yes,Yes,Yes,Yes,Yes,Two year,Yes,Bank transfer (automatic)
72,87.55,6463.15,Male,0,Yes,Yes,Yes,Yes,DSL,Yes,Yes,Yes,Yes,Yes,Yes,Two year,Yes,Bank transfer (automatic)
68,89.6,6127.6,Female,1,Yes,No,Yes,Yes,Fiber optic,No,Yes,No,No,No,Yes,Month-to-month,Yes,Bank transfer (automatic)
66,25.15,1683.6,Female,0,No,No,Yes,Yes,No,No internet service,No internet service,No internet service,No internet service,No internet service,No internet service,Two year,Yes,Credit card (automatic)
41,83.75,3273.55,Male,1,Yes,No,Yes,Yes,Fiber optic,Yes,No,Yes,No,No,No,Month-to-month,Yes,Bank transfer (automatic)
71,107.5,7713.55,Male,1,Yes,No,Yes,Yes,Fiber optic,Yes,Yes,Yes,No,Yes,Yes,Month-to-month,Yes,Electronic check
5,96.5,492.55,Male,0,No,No,Yes,No,Fiber optic,No,No,Yes,No,Yes,Yes,Month-to-month,No,Bank transfer (automatic)
31,72.45,2156.25,Male,0,No,No,Yes,No,DSL,Yes,Yes,Yes,Yes,Yes,No,Month-to-month,Yes,Bank transfer (automatic)
29,75.35,2243.9,Male,0,No,No,Yes,No,DSL,No,No,Yes,Yes,Yes,Yes,One year,Yes,Bank transfer (automatic)
11,94.2,999.9,Female,0,No,No,Yes,No,Fiber optic,No,Yes,Yes,Yes,No,Yes,Month-to-month,Yes,Electronic check
1,55.2,55.2,Female,0,Yes,No,Yes,No,DSL,No,No,No,No,Yes,No,Month-to-month,No,Mailed check
3,74.45,221.1,Male,0,No,No,Yes,No,Fiber optic,No,Yes,No,No,No,No,Month-to-month,No,Credit card (automatic)
52,80.85,4079.55,Male,1,Yes,Yes,Yes,Yes,DSL,No,Yes,Yes,No,Yes,Yes,One year,Yes,Electronic check
60,100.5,6029.0,Female,1,Yes,No,Yes,Yes,Fiber optic,No,No,Yes,No,Yes,Yes,One year,Yes,Credit card (automatic)
5,51.35,262.3,Male,0,No,No,Yes,No,DSL,No,Yes,No,No,No,No,Month-to-month,Yes,Electronic check
18,99.4,1742.95,Male,0,Yes,No,Yes,Yes,Fiber optic,Yes,No,No,No,Yes,Yes,Month-to-month,Yes,Electronic check
1,19.9,19.9,Female,0,No,No,Yes,No,No,No internet service,No internet service,No internet service,No internet service,No internet service,No internet service,Month-to-month,No,Mailed check
63,19.25,1237.65,Male,0,Yes,No,Yes,No,No,No internet service,No internet service,No internet service,No internet service,No internet service,No internet service,Two year,No,Mailed check
8,20.0,141.6,Female,0,No,No,Yes,No,No,No internet service,No internet service,No internet service,No internet service,No internet service,No internet service,Two year,No,Mailed check
1,69.65,69.65,Male,0,No,No,Yes,No,Fiber optic,No,No,No,No,No,No,Month-to-month,Yes,Electronic check
2,19.9,57.4,Female,0,No,No,Yes,No,No,No internet service,No internet service,No internet service,No internet service,No internet service,No internet service,Month-to-month,No,Electronic check
14,44.6,641.25,Male,0,Yes,No,Yes,No,DSL,No,No,No,No,No,No,One year,No,Electronic check
72,103.95,7556.9,Female,0,Yes,No,Yes,Yes,Fiber optic,Yes,Yes,Yes,Yes,Yes,No,Two year,Yes,Bank transfer (automatic)
71,99.0,7061.65,Female,0,Yes,Yes,Yes,Yes,Fiber optic,Yes,Yes,Yes,No,Yes,No,Two year,Yes,Credit card (automatic)
24,57.6,1367.75,Female,0,Yes,Yes,No,No phone service,DSL,Yes,Yes,Yes,No,Yes,Yes,One year,No,Electronic check
71,86.1,6045.9,Male,0,Yes,No,Yes,No,DSL,Yes,Yes,Yes,Yes,Yes,Yes,Two year,Yes,Bank transfer (automatic)
1,100.25,100.25,Female,0,No,No,Yes,Yes,Fiber optic,No,Yes,No,No,Yes,Yes,Month-to-month,Yes,Credit card (automatic)
72,117.8,8684.8,Male,0,Yes,No,Yes,Yes,Fiber optic,Yes,Yes,Yes,Yes,Yes,Yes,One year,Yes,Bank transfer (automatic)
53,60.45,3184.25,Male,0,Yes,No,No,No phone service,DSL,No,Yes,Yes,Yes,Yes,Yes,One year,Yes,Electronic check
39,50.65,1905.4,Female,0,No,No,No,No phone service,DSL,No,No,Yes,No,Yes,Yes,Month-to-month,Yes,Credit card (automatic)
1,20.15,20.15,Male,0,No,No,Yes,No,No,No internet service,No internet service,No internet service,No internet service,No internet service,No internet service,Month-to-month,No,Mailed check
6,19.55,124.45,Female,0,No,No,Yes,No,No,No internet service,No internet service,No internet service,No internet service,No internet service,No internet service,Two year,No,Mailed check
25,38.1,970.4,Male,0,Yes,No,No,No phone service,DSL,No,No,Yes,No,Yes,No,One year,Yes,Credit card (automatic)
45,78.75,3600.65,Male,0,Yes,Yes,Yes,Yes,DSL,No,Yes,Yes,No,Yes,Yes,One year,No,Credit card (automatic)
39,75.25,3017.65,Male,0,No,No,Yes,Yes,Fiber optic,No,No,No,No,No,No,Month-to-month,No,Electronic check
60,90.95,5453.4,Male,0,Yes,Yes,Yes,No,Fiber optic,No,Yes,Yes,No,Yes,No,One year,No,Electronic check
72,106.1,7657.4,Female,0,Yes,Yes,Yes,Yes,Fiber optic,Yes,Yes,Yes,Yes,Yes,No,Two year,No,Credit card (automatic)
12,79.2,943.85,Female,1,Yes,No,Yes,No,DSL,Yes,No,Yes,Yes,Yes,Yes,One year,Yes,Electronic check
34,105.1,3634.8,Female,0,No,No,Yes,No,Fiber optic,No,Yes,Yes,Yes,Yes,Yes,Month-to-month,Yes,Electronic check
47,20.25,1029.8,Female,0,No,No,Yes,No,No,No internet service,No internet service,No internet service,No internet service,No internet service,No internet service,Two year,No,Credit card (automatic)
5,64.4,316.9,Male,0,Yes,Yes,Yes,Yes,DSL,Yes,Yes,No,Yes,No,No,Month-to-month,No,Credit card (automatic)
51,90.35,4614.55,Male,0,Yes,No,Yes,Yes,Fiber optic,No,Yes,No,No,No,Yes,One year,Yes,Credit card (automatic)
44,70.95,3250.45,Male,0,Yes,No,Yes,No,DSL,No,Yes,Yes,Yes,Yes,No,One year,Yes,Electronic check
23,77.15,1759.4,Female,0,Yes,Yes,Yes,Yes,DSL,Yes,No,Yes,Yes,Yes,No,Two year,Yes,Bank transfer (automatic)
1,79.55,79.55,Female,0,No,No,Yes,Yes,Fiber optic,No,No,Yes,No,No,No,Month-to-month,Yes,Mailed check
2,45.25,74.2,Female,0,No,No,Yes,No,DSL,No,No,No,No,No,No,Month-to-month,Yes,Mailed check
62,19.95,1244.8,Male,0,Yes,Yes,Yes,No,No,No internet service,No internet service,No internet service,No internet service,No internet service,No internet service,One year,No,Bank transfer (automatic)
48,70.95,3629.2,Male,0,No,No,Yes,Yes,DSL,Yes,No,No,Yes,No,Yes,One year,Yes,Bank transfer (automatic)
7,75.15,525.0,Female,0,No,No,Yes,No,Fiber optic,No,No,Yes,No,No,No,Month-to-month,Yes,Electronic check
70,64.95,4551.5,Male,0,No,Yes,Yes,Yes,DSL,Yes,Yes,No,Yes,No,No,One year,No,Bank transfer (automatic)
48,39.4,1978.65,Female,0,Yes,Yes,No,No phone service,DSL,Yes,Yes,No,Yes,No,No,Two year,No,Mailed check
55,113.6,6292.7,Male,1,Yes,No,Yes,Yes,Fiber optic,No,Yes,Yes,Yes,Yes,Yes,Two year,Yes,Electronic check
66,105.2,6936.85,Female,0,Yes,No,Yes,Yes,Fiber optic,No,Yes,Yes,No,Yes,Yes,Month-to-month,Yes,Electronic check
50,105.95,5341.8,Male,0,Yes,Yes,Yes,Yes,Fiber optic,Yes,No,Yes,No,Yes,Yes,Month-to-month,No,Credit card (automatic)
42,85.9,3729.75,Female,0,Yes,No,Yes,Yes,Fiber optic,No,No,Yes,Yes,No,No,Month-to-month,Yes,Credit card (automatic)
1,45.65,45.65,Female,0,No,No,Yes,No,DSL,No,No,No,No,No,No,Month-to-month,Yes,Electronic check
46,19.25,864.2,Female,0,Yes,Yes,Yes,No,No,No internet service,No internet service,No internet service,No internet service,No internet service,No internet service,Two year,Yes,Mailed check
5,85.3,424.15,Male,0,No,No,Yes,Yes,Fiber optic,No,Yes,Yes,No,No,No,Month-to-month,Yes,Electronic check
1,88.8,88.8,Male,1,No,No,Yes,Yes,Fiber optic,No,No,Yes,No,Yes,No,Month-to-month,Yes,Electronic check
1,19.4,19.4,Female,0,No,No,Yes,No,No,No internet service,No internet service,No internet service,No internet service,No internet service,No internet service,Month-to-month,No,Credit card (automatic)
49,89.85,4287.2,Female,1,No,No,Yes,No,Fiber optic,No,Yes,Yes,No,No,Yes,One year,Yes,Bank transfer (automatic)
12,86.55,1066.9,Female,0,No,No,Yes,Yes,Fiber optic,No,No,No,No,No,Yes,Month-to-month,Yes,Electronic check
52,104.2,5568.35,Male,1,Yes,No,Yes,Yes,Fiber optic,Yes,No,Yes,No,Yes,Yes,Month-to-month,Yes,Electronic check
7,73.85,511.25,Female,0,No,No,Yes,Yes,Fiber optic,No,No,No,No,No,No,Month-to-month,Yes,Electronic check
11,20.0,196.35,Female,0,Yes,Yes,Yes,No,No,No internet service,No internet service,No internet service,No internet service,No internet service,No internet service,One year,Yes,Mailed check
72,111.95,8033.1,Male,0,Yes,Yes,Yes,No,Fiber optic,Yes,Yes,Yes,Yes,Yes,Yes,Two year,No,Bank transfer (automatic)
72,110.15,7998.8,Female,0,Yes,No,Yes,Yes,Fiber optic,No,Yes,Yes,Yes,Yes,Yes,Two year,Yes,Electronic check
41,20.45,775.6,Female,0,No,No,Yes,No,No,No internet service,No internet service,No internet service,No internet service,No internet service,No internet service,Month-to-month,No,Electronic check
20,50.0,1003.05,Male,0,No,No,Yes,No,DSL,No,No,No,Yes,No,No,Month-to-month,No,Mailed check
27,19.7,509.3,Male,0,No,Yes,Yes,No,No,No internet service,No internet service,No internet service,No internet service,No internet service,No internet service,Two year,No,Credit card (automatic)
62,113.95,6891.4,Female,0,Yes,No,Yes,Yes,Fiber optic,Yes,Yes,Yes,Yes,Yes,Yes,Two year,No,Mailed check
7,74.65,521.1,Female,0,No,No,Yes,Yes,DSL,No,No,No,Yes,Yes,Yes,Month-to-month,Yes,Electronic check
50,104.4,5232.9,Female,0,Yes,No,Yes,Yes,Fiber optic,Yes,No,Yes,No,Yes,Yes,One year,Yes,Mailed check
15,85.3,1219.85,Male,0,No,No,Yes,No,Fiber optic,No,No,Yes,No,Yes,No,Month-to-month,No,Electronic check
46,108.9,4854.3,Female,0,Yes,No,Yes,Yes,Fiber optic,No,Yes,Yes,Yes,Yes,Yes,Two year,Yes,Credit card (automatic)
39,49.8,1971.15,Male,0,No,No,Yes,No,DSL,No,No,No,Yes,No,No,Two year,Yes,Bank transfer (automatic)
5,49.2,216.9,Male,0,No,No,Yes,No,DSL,No,No,No,Yes,No,No,Month-to-month,Yes,Electronic check
48,104.5,5068.05,Female,1,Yes,Yes,Yes,No,Fiber optic,Yes,No,Yes,Yes,Yes,Yes,Month-to-month,Yes,Electronic check
52,39.9,2020.9,Male,0,Yes,No,No,No phone service,DSL,Yes,No,No,No,No,Yes,Month-to-month,Yes,Electronic check
72,118.75,8672.45,Female,0,Yes,Yes,Yes,Yes,Fiber optic,Yes,Yes,Yes,Yes,Yes,Yes,Two year,Yes,Bank transfer (automatic)
59,86.75,5186.0,Male,0,Yes,Yes,Yes,No,DSL,Yes,Yes,Yes,Yes,Yes,Yes,Two year,Yes,Electronic check
6,80.8,457.1,Male,1,Yes,No,Yes,Yes,Fiber optic,No,No,Yes,No,No,No,Month-to-month,Yes,Electronic check
37,28.6,973.55,Female,0,No,No,No,No phone service,DSL,No,No,No,Yes,No,No,Month-to-month,No,Credit card (automatic)
1,75.3,75.3,Female,1,No,No,Yes,No,Fiber optic,No,No,Yes,No,No,No,Month-to-month,Yes,Bank transfer (automatic)
4,20.35,76.35,Female,0,Yes,Yes,Yes,No,No,No internet service,No internet service,No internet service,No internet service,No internet service,No internet service,Month-to-month,No,Mailed check
64,80.3,5017.7,Male,1,Yes,No,Yes,No,Fiber optic,Yes,No,Yes,No,No,No,One year,No,Credit card (automatic)
33,54.65,1665.2,Male,0,No,No,Yes,Yes,DSL,No,Yes,No,No,No,No,Month-to-month,Yes,Bank transfer (automatic)
50,75.15,3822.45,Male,1,Yes,Yes,Yes,Yes,DSL,Yes,Yes,Yes,No,No,Yes,Two year,Yes,Bank transfer (automatic)
52,24.8,1229.1,Male,0,Yes,Yes,Yes,Yes,No,No internet service,No internet service,No internet service,No internet service,No internet service,No internet service,Two year,No,Mailed check
67,24.65,1620.45,Male,0,Yes,Yes,Yes,Yes,No,No internet service,No internet service,No internet service,No internet service,No internet service,No internet service,Two year,No,Bank transfer (automatic)
23,60.0,1347.15,Female,0,Yes,No,Yes,No,DSL,No,No,No,Yes,Yes,No,One year,No,Bank transfer (automatic)
1,20.9,20.9,Female,0,No,No,Yes,No,No,No internet service,No internet service,No internet service,No internet service,No internet service,No internet service,Month-to-month,No,Mailed check
23,24.35,538.5,Male,0,Yes,Yes,Yes,Yes,No,No internet service,No internet service,No internet service,No internet service,No internet service,No internet service,One year,No,Mailed check
68,107.7,7320.9,Male,0,Yes,No,Yes,Yes,Fiber optic,Yes,Yes,No,Yes,Yes,Yes,Month-to-month,Yes,Electronic check
30,19.7,599.25,Female,0,Yes,Yes,Yes,No,No,No internet service,No internet service,No internet service,No internet service,No internet service,No internet service,Two year,No,Mailed check
65,74.8,4820.15,Male,0,Yes,Yes,Yes,No,DSL,Yes,No,No,Yes,Yes,Yes,Two year,Yes,Bank transfer (automatic)
62,96.1,6001.45,Male,0,Yes,No,Yes,Yes,Fiber optic,Yes,Yes,No,No,No,Yes,One year,No,Electronic check
12,54.2,690.5,Female,0,Yes,No,Yes,No,DSL,Yes,No,No,Yes,No,No,Month-to-month,No,Bank transfer (automatic)
70,80.6,5460.2,Female,0,Yes,Yes,Yes,Yes,DSL,Yes,No,No,Yes,Yes,Yes,Two year,Yes,Bank transfer (automatic)
29,24.85,788.05,Male,0,No,No,No,No phone service,DSL,No,No,No,No,No,No,One year,Yes,Mailed check
46,19.4,958.15,Female,0,Yes,Yes,Yes,No,No,No internet service,No internet service,No internet service,No internet service,No internet service,No internet service,Two year,No,Credit card (automatic)
40,94.55,3640.45,Female,1,Yes,Yes,Yes,Yes,Fiber optic,No,No,No,No,Yes,Yes,Month-to-month,Yes,Credit card (automatic)
69,95.2,6671.7,Male,0,Yes,Yes,Yes,No,Fiber optic,No,No,No,Yes,Yes,Yes,Two year,Yes,Credit card (automatic)
15,85.6,1345.55,Male,1,Yes,No,Yes,Yes,Fiber optic,No,No,No,No,No,Yes,Month-to-month,Yes,Bank transfer (automatic)
9,44.4,348.15,Male,0,No,No,Yes,No,DSL,No,No,No,No,No,No,Month-to-month,Yes,Mailed check
43,80.2,3581.6,Male,0,Yes,No,Yes,Yes,DSL,Yes,No,Yes,No,Yes,Yes,One year,Yes,Electronic check
45,25.9,1216.6,Female,0,Yes,Yes,Yes,Yes,No,No internet service,No internet service,No internet service,No internet service,No internet service,No internet service,One year,Yes,Credit card (automatic)
2,76.4,151.8,Male,0,Yes,No,Yes,No,Fiber optic,No,No,Yes,No,No,No,Month-to-month,No,Electronic check
41,101.1,4016.2,Female,1,No,No,Yes,No,Fiber optic,No,No,Yes,Yes,Yes,Yes,One year,Yes,Bank transfer (automatic)
24,94.1,2322.85,Male,0,No,No,Yes,Yes,Fiber optic,No,No,No,No,Yes,Yes,Month-to-month,Yes,Electronic check
72,80.45,5737.6,Female,0,Yes,No,Yes,Yes,Fiber optic,Yes,No,No,No,No,No,Two year,No,Bank transfer (automatic)
57,100.6,5746.15,Male,1,Yes,No,Yes,Yes,Fiber optic,No,No,Yes,No,Yes,Yes,Month-to-month,No,Electronic check
19,24.7,465.85,Female,0,No,No,Yes,Yes,No,No internet service,No internet service,No internet service,No internet service,No internet service,No internet service,Month-to-month,No,Bank transfer (automatic)
8,64.1,504.05,Female,0,No,No,Yes,No,DSL,No,No,Yes,Yes,No,Yes,Month-to-month,No,Mailed check
1,74.2,74.2,Female,1,No,No,Yes,Yes,Fiber optic,No,No,No,No,No,No,Month-to-month,Yes,Electronic check
61,93.7,5860.7,Female,0,Yes,No,Yes,No,Fiber optic,Yes,Yes,No,Yes,No,Yes,One year,No,Bank transfer (automatic)
67,89.55,6373.1,Male,0,Yes,Yes,Yes,Yes,Fiber optic,No,Yes,No,No,No,Yes,Month-to-month,Yes,Bank transfer (automatic)
35,85.3,2917.5,Female,0,No,No,Yes,Yes,Fiber optic,No,Yes,No,Yes,No,No,Month-to-month,No,Credit card (automatic)
66,63.85,4264.6,Male,0,Yes,No,Yes,Yes,DSL,No,No,No,Yes,No,Yes,Month-to-month,No,Electronic check
54,19.65,1008.7,Male,0,No,No,Yes,No,No,No internet service,No internet service,No internet service,No internet service,No internet service,No internet service,Two year,No,Credit card (automatic)
70,25.15,1940.85,Male,0,Yes,No,Yes,Yes,No,No internet service,No internet service,No internet service,No internet service,No internet service,No internet service,Two year,No,Bank transfer (automatic)
35,20.1,644.5,Female,0,No,Yes,Yes,No,No,No internet service,No internet service,No internet service,No internet service,No internet service,No internet service,One year,Yes,Credit card (automatic)
5,44.05,202.15,Female,0,No,No,Yes,No,DSL,No,No,No,No,No,No,Month-to-month,Yes,Credit card (automatic)
56,104.55,5794.65,Male,1,Yes,Yes,Yes,Yes,Fiber optic,Yes,No,Yes,No,Yes,Yes,One year,Yes,Bank transfer (automatic)
11,97.85,1105.4,Female,0,No,No,Yes,Yes,Fiber optic,No,No,Yes,No,Yes,Yes,Month-to-month,Yes,Bank transfer (automatic)
45,24.45,1088.25,Male,0,Yes,Yes,Yes,Yes,No,No internet service,No internet service,No internet service,No internet service,No internet service,No internet service,Two year,No,Mailed check
15,50.75,688.2,Male,0,No,No,No,No phone service,DSL,No,No,Yes,No,Yes,Yes,One year,No,Electronic check
18,103.6,1806.35,Female,1,No,No,Yes,Yes,Fiber optic,No,Yes,No,Yes,Yes,Yes,Month-to-month,Yes,Credit card (automatic)
11,53.8,651.55,Female,0,No,No,Yes,No,DSL,No,No,Yes,Yes,No,No,One year,No,Bank transfer (automatic)
8,81.25,585.95,Male,1,No,No,Yes,Yes,Fiber optic,No,No,Yes,No,No,No,Month-to-month,Yes,Electronic check
72,98.35,6929.4,Male,1,Yes,No,Yes,Yes,Fiber optic,No,Yes,No,No,Yes,Yes,Two year,No,Bank transfer (automatic)
33,39.1,1309.0,Male,0,No,No,No,No phone service,DSL,No,Yes,No,No,Yes,No,One year,Yes,Electronic check
52,74.0,3877.65,Female,0,No,No,Yes,Yes,DSL,Yes,No,Yes,Yes,Yes,No,One year,No,Credit card (automatic)
50,90.1,4549.45,Male,0,No,No,Yes,No,Fiber optic,Yes,Yes,Yes,Yes,No,No,One year,Yes,Credit card (automatic)
1,45.3,45.3,Male,0,No,No,Yes,No,DSL,No,No,No,No,No,No,Month-to-month,No,Electronic check
16,19.35,275.9,Female,0,Yes,Yes,Yes,No,No,No internet service,No internet service,No internet service,No internet service,No internet service,No internet service,Month-to-month,No,Mailed check
42,20.35,869.9,Female,0,Yes,No,Yes,No,No,No internet service,No internet service,No internet service,No internet service,No internet service,No internet service,Month-to-month,No,Credit card (automatic)
4,18.85,84.2,Male,0,Yes,Yes,Yes,No,No,No internet service,No internet service,No internet service,No internet service,No internet service,No internet service,Month-to-month,No,Mailed check
11,76.5,837.95,Female,0,No,No,Yes,Yes,Fiber optic,No,No,No,No,No,No,Month-to-month,Yes,Electronic check
48,29.5,1423.05,Female,0,Yes,Yes,No,No phone service,DSL,No,No,No,Yes,No,No,Month-to-month,Yes,Credit card (automatic)
72,19.9,1529.65,Male,0,No,Yes,Yes,No,No,No internet service,No internet service,No internet service,No internet service,No internet service,No internet service,Two year,No,Credit card (automatic)
6,25.1,171.0,Male,0,Yes,No,Yes,Yes,No,No internet service,No internet service,No internet service,No internet service,No internet service,No internet service,One year,No,Mailed check
54,100.1,5440.9,Female,0,No,No,Yes,Yes,Fiber optic,No,No,No,Yes,Yes,Yes,Month-to-month,Yes,Electronic check
7,81.1,576.65,Female,0,Yes,No,Yes,No,Fiber optic,No,No,No,No,Yes,No,Month-to-month,Yes,Electronic check
3,81.35,233.7,Male,1,No,No,Yes,Yes,Fiber optic,No,Yes,No,No,No,No,Month-to-month,Yes,Electronic check
67,75.5,5229.45,Female,0,Yes,Yes,Yes,Yes,DSL,Yes,No,No,No,Yes,Yes,Two year,Yes,Electronic check
1,93.85,93.85,Female,0,No,No,Yes,Yes,Fiber optic,No,No,No,No,Yes,Yes,Month-to-month,Yes,Electronic check
32,91.05,2871.5,Male,0,No,No,Yes,No,Fiber optic,No,No,No,No,Yes,Yes,Month-to-month,No,Electronic check
49,101.55,5070.4,Female,1,No,No,Yes,Yes,Fiber optic,Yes,No,No,No,Yes,Yes,Month-to-month,No,Credit card (automatic)
44,54.9,2549.1,Male,0,Yes,Yes,Yes,No,DSL,No,Yes,No,Yes,No,No,Month-to-month,Yes,Bank transfer (automatic)
8,38.5,330.8,Female,0,No,Yes,No,No phone service,DSL,Yes,No,No,No,No,Yes,Month-to-month,Yes,Electronic check
4,50.7,214.55,Female,0,No,No,Yes,Yes,DSL,No,No,No,No,No,No,Month-to-month,No,Electronic check
6,59.15,336.7,Male,0,No,No,Yes,No,DSL,Yes,No,No,No,No,Yes,Month-to-month,Yes,Bank transfer (automatic)
35,86.45,3029.1,Female,0,No,No,Yes,Yes,Fiber optic,No,No,No,No,Yes,No,Month-to-month,Yes,Electronic check
48,70.65,3545.05,Female,1,Yes,No,Yes,No,Fiber optic,No,No,No,No,No,No,Month-to-month,Yes,Bank transfer (automatic)
2,80.15,194.55,Female,0,Yes,No,Yes,No,Fiber optic,Yes,No,No,Yes,No,No,Month-to-month,Yes,Electronic check
46,69.1,3168.0,Female,0,Yes,No,Yes,No,DSL,No,Yes,No,No,Yes,Yes,Month-to-month,Yes,Credit card (automatic)
28,54.3,1546.3,Female,0,No,No,Yes,No,DSL,Yes,No,No,Yes,No,No,One year,No,Mailed check
66,80.45,5224.35,Female,1,No,No,Yes,Yes,Fiber optic,No,Yes,No,No,No,No,Month-to-month,Yes,Credit card (automatic)
1,35.45,35.45,Male,0,No,No,No,No phone service,DSL,No,No,No,No,No,Yes,Month-to-month,Yes,Electronic check
57,19.6,1170.55,Male,0,No,Yes,Yes,No,No,No internet service,No internet service,No internet service,No internet service,No internet service,No internet service,Two year,Yes,Mailed check
7,73.75,545.15,Male,1,No,No,Yes,Yes,Fiber optic,No,No,No,No,No,No,Month-to-month,No,Mailed check
63,98.0,6218.45,Female,0,No,No,Yes,Yes,Fiber optic,Yes,Yes,Yes,No,Yes,No,Two year,No,Credit card (automatic)
3,29.6,79.45,Male,0,No,No,No,No phone service,DSL,No,Yes,No,No,No,No,Month-to-month,Yes,Electronic check
31,89.45,2807.65,Male,1,Yes,No,Yes,Yes,Fiber optic,Yes,No,No,No,Yes,No,Month-to-month,No,Electronic check
15,24.8,324.15,Male,0,No,Yes,Yes,Yes,No,No internet service,No internet service,No internet service,No internet service,No internet service,No internet service,Month-to-month,Yes,Electronic check
30,25.1,789.55,Female,0,Yes,Yes,Yes,Yes,No,No internet service,No internet service,No internet service,No internet service,No internet service,No internet service,Two year,Yes,Mailed check
8,74.6,548.9,Female,0,No,No,Yes,Yes,Fiber optic,No,No,No,No,No,No,Month-to-month,Yes,Credit card (automatic)
65,99.35,6347.55,Male,0,Yes,No,Yes,Yes,Fiber optic,Yes,Yes,Yes,No,Yes,No,Two year,Yes,Electronic check
62,101.15,6638.35,Female,0,Yes,Yes,Yes,Yes,Fiber optic,Yes,No,No,No,Yes,Yes,Two year,Yes,Bank transfer (automatic)
30,80.8,2369.3,Female,0,Yes,Yes,Yes,No,DSL,No,Yes,Yes,Yes,Yes,Yes,Two year,No,Bank transfer (automatic)
3,82.3,214.4,Male,0,No,No,Yes,No,Fiber optic,Yes,No,No,Yes,No,No,Month-to-month,Yes,Mailed check
1,19.3,19.3,Female,0,No,No,Yes,No,No,No internet service,No internet service,No internet service,No internet service,No internet service,No internet service,Month-to-month,No,Electronic check
38,99.25,3777.15,Male,0,No,Yes,Yes,Yes,Fiber optic,No,No,Yes,No,Yes,Yes,Month-to-month,Yes,Bank transfer (automatic)
56,103.2,5873.75,Male,0,Yes,Yes,Yes,Yes,Fiber optic,No,No,Yes,Yes,Yes,Yes,Two year,Yes,Electronic check
72,90.15,6716.45,Female,1,Yes,Yes,Yes,Yes,DSL,Yes,Yes,Yes,Yes,Yes,Yes,Two year,Yes,Bank transfer (automatic)
33,24.15,800.3,Female,0,Yes,Yes,Yes,Yes,No,No internet service,No internet service,No internet service,No internet service,No internet service,No internet service,One year,No,Credit card (automatic)
15,79.75,1111.85,Female,0,No,No,Yes,Yes,Fiber optic,No,Yes,No,No,No,No,Month-to-month,Yes,Electronic check
2,30.25,63.75,Female,0,Yes,Yes,No,No phone service,DSL,No,Yes,No,No,No,No,Month-to-month,Yes,Mailed check
1,86.6,86.6,Male,0,No,No,Yes,Yes,Fiber optic,No,No,No,No,No,Yes,Month-to-month,Yes,Electronic check
55,60.0,3316.1,Male,1,Yes,No,Yes,Yes,DSL,Yes,Yes,No,No,No,No,One year,No,Credit card (automatic)
22,59.05,1253.5,Female,0,No,No,Yes,Yes,DSL,Yes,No,No,Yes,No,No,Month-to-month,Yes,Mailed check
34,20.65,716.4,Female,0,Yes,Yes,Yes,No,No,No internet service,No internet service,No internet service,No internet service,No internet service,No internet service,Month-to-month,No,Mailed check
68,95.9,6503.2,Male,1,No,No,Yes,Yes,Fiber optic,No,Yes,Yes,No,No,Yes,Month-to-month,Yes,Electronic check
1,30.5,30.5,Female,0,Yes,Yes,No,No phone service,DSL,Yes,No,No,No,No,No,Month-to-month,No,Bank transfer (automatic)
63,59.0,3707.6,Male,0,Yes,Yes,No,No phone service,DSL,Yes,Yes,Yes,No,Yes,Yes,Two year,No,Electronic check
1,54.5,54.5,Female,0,No,Yes,Yes,No,DSL,Yes,No,No,Yes,No,No,Month-to-month,No,Electronic check
14,76.45,1117.55,Male,0,No,No,Yes,No,Fiber optic,No,No,Yes,No,No,No,Month-to-month,No,Electronic check
29,30.6,856.35,Female,0,No,No,No,No phone service,DSL,No,Yes,No,No,No,No,Month-to-month,Yes,Electronic check
19,34.95,610.2,Male,0,Yes,Yes,No,No phone service,DSL,Yes,Yes,No,No,No,No,Month-to-month,Yes,Mailed check
33,110.45,3655.45,Female,1,No,No,Yes,Yes,Fiber optic,No,Yes,Yes,Yes,Yes,Yes,Month-to-month,Yes,Electronic check
68,44.8,2983.65,Male,0,Yes,Yes,No,No phone service,DSL,Yes,Yes,No,No,Yes,No,One year,No,Mailed check
53,108.95,5718.2,Female,0,Yes,No,Yes,Yes,Fiber optic,No,Yes,Yes,Yes,Yes,Yes,One year,Yes,Bank transfer (automatic)
24,78.4,1832.4,Female,0,Yes,Yes,Yes,Yes,DSL,Yes,Yes,No,No,Yes,Yes,One year,No,Electronic check
1,20.05,20.05,Male,0,No,No,Yes,No,No,No internet service,No internet service,No internet service,No internet service,No internet service,No internet service,Month-to-month,No,Bank transfer (automatic)
33,58.45,1955.4,Female,0,Yes,Yes,Yes,No,DSL,Yes,Yes,Yes,No,No,No,One year,Yes,Mailed check
11,53.75,608.0,Male,0,No,No,Yes,Yes,DSL,No,No,Yes,No,No,No,Month-to-month,No,Electronic check
5,104.1,541.9,Male,0,No,No,Yes,Yes,Fiber optic,No,Yes,Yes,No,Yes,Yes,Month-to-month,No,Mailed check
1,75.55,75.55,Female,0,No,No,Yes,No,Fiber optic,No,No,Yes,No,No,No,Month-to-month,No,Electronic check
10,19.85,193.05,Male,0,No,No,Yes,No,No,No internet service,No internet service,No internet service,No internet service,No internet service,No internet service,Month-to-month,Yes,Mailed check
20,20.0,417.65,Female,0,Yes,Yes,Yes,No,No,No internet service,No internet service,No internet service,No internet service,No internet service,No internet service,Month-to-month,No,Electronic check
6,20.4,107.6,Male,0,Yes,Yes,Yes,No,No,No internet service,No internet service,No internet service,No internet service,No internet service,No internet service,Two year,Yes,Credit card (automatic)
42,84.65,3541.35,Female,1,No,No,Yes,Yes,Fiber optic,No,No,No,No,Yes,No,Month-to-month,Yes,Electronic check
12,21.05,235.8,Male,0,No,Yes,Yes,No,No,No internet service,No internet service,No internet service,No internet service,No internet service,No internet service,Month-to-month,No,Credit card (automatic)
22,93.2,2157.3,Male,0,No,No,Yes,No,Fiber optic,No,Yes,No,No,Yes,Yes,Month-to-month,Yes,Mailed check
17,80.5,1336.9,Male,0,Yes,No,Yes,Yes,Fiber optic,No,Yes,No,No,No,No,Month-to-month,Yes,Bank transfer (automatic)
3,23.6,89.05,Male,0,Yes,No,Yes,Yes,No,No internet service,No internet service,No internet service,No internet service,No internet service,No internet service,Month-to-month,Yes,Mailed check
19,20.5,398.55,Female,0,No,Yes,Yes,No,No,No internet service,No internet service,No internet service,No internet service,No internet service,No internet service,Two year,No,Mailed check
72,23.3,1623.15,Female,0,Yes,Yes,Yes,Yes,No,No internet service,No internet service,No internet service,No internet service,No internet service,No internet service,One year,Yes,Bank transfer (automatic)
1,59.55,59.55,Male,0,No,Yes,Yes,No,DSL,No,No,No,Yes,No,Yes,Month-to-month,Yes,Mailed check
1,20.15,20.15,Female,0,Yes,Yes,Yes,No,No,No internet service,No internet service,No internet service,No internet service,No internet service,No internet service,Month-to-month,Yes,Credit card (automatic)
31,35.4,1077.5,Male,0,Yes,Yes,No,No phone service,DSL,Yes,No,No,Yes,No,No,Month-to-month,No,Bank transfer (automatic)
71,81.85,5924.4,Female,0,Yes,No,Yes,No,DSL,Yes,No,Yes,Yes,Yes,Yes,Two year,No,Bank transfer (automatic)
58,104.65,6219.6,Male,0,No,No,Yes,Yes,Fiber optic,No,No,Yes,Yes,Yes,Yes,One year,Yes,Electronic check
65,84.2,5324.5,Male,0,Yes,Yes,Yes,Yes,DSL,No,Yes,Yes,Yes,Yes,Yes,Two year,Yes,Bank transfer (automatic)
6,55.9,365.35,Female,0,Yes,Yes,Yes,No,DSL,Yes,Yes,No,No,No,No,Month-to-month,No,Credit card (automatic)
43,60.0,2548.55,Male,0,No,No,Yes,No,DSL,No,Yes,No,No,No,Yes,Two year,Yes,Electronic check
14,86.0,1164.05,Female,0,No,Yes,Yes,Yes,Fiber optic,Yes,No,No,Yes,No,No,Month-to-month,Yes,Mailed check
40,89.6,3488.15,Male,0,No,No,Yes,No,Fiber optic,No,Yes,No,Yes,No,Yes,One year,Yes,Credit card (automatic)
42,60.15,2421.6,Female,0,No,No,Yes,Yes,DSL,Yes,Yes,No,No,No,No,One year,Yes,Bank transfer (automatic)
47,84.95,4018.05,Male,1,Yes,Yes,Yes,No,Fiber optic,No,Yes,No,No,Yes,No,One year,Yes,Bank transfer (automatic)
4,20.15,68.45,Female,0,No,No,Yes,No,No,No internet service,No internet service,No internet service,No internet service,No internet service,No internet service,Month-to-month,Yes,Credit card (automatic)
4,72.2,305.55,Male,0,No,No,Yes,Yes,Fiber optic,No,No,No,No,No,No,Month-to-month,Yes,Bank transfer (automatic)
56,19.95,1126.75,Male,0,Yes,No,Yes,No,No,No internet service,No internet service,No internet service,No internet service,No internet service,No internet service,One year,No,Credit card (automatic)
71,95.15,6770.85,Female,0,Yes,Yes,Yes,Yes,Fiber optic,Yes,Yes,Yes,Yes,No,No,One year,Yes,Credit card (automatic)
8,94.45,742.95,Female,1,No,No,Yes,No,Fiber optic,No,No,Yes,No,Yes,Yes,Month-to-month,Yes,Credit card (automatic)
2,70.7,141.45,Female,0,Yes,No,Yes,No,Fiber optic,No,No,No,No,No,No,Month-to-month,Yes,Electronic check
57,74.6,4368.95,Female,0,Yes,No,Yes,Yes,DSL,No,Yes,Yes,Yes,Yes,No,One year,No,Bank transfer (automatic)
3,19.1,53.05,Male,0,No,No,Yes,No,No,No internet service,No internet service,No internet service,No internet service,No internet service,No internet service,Month-to-month,Yes,Mailed check
42,20.25,854.9,Male,0,Yes,Yes,Yes,No,No,No internet service,No internet service,No internet service,No internet service,No internet service,No internet service,One year,No,Mailed check
1,55.8,55.8,Female,1,No,No,Yes,No,DSL,Yes,No,Yes,No,No,No,Month-to-month,Yes,Electronic check
24,20.75,487.05,Male,0,No,No,Yes,No,No,No internet service,No internet service,No internet service,No internet service,No internet service,No internet service,Two year,No,Mailed check
16,20.4,321.4,Female,0,Yes,Yes,Yes,No,No,No internet service,No internet service,No internet service,No internet service,No internet service,No internet service,Month-to-month,No,Electronic check
4,69.55,284.9,Male,0,Yes,Yes,Yes,No,Fiber optic,No,No,No,No,No,No,Month-to-month,Yes,Mailed check
4,48.25,202.25,Female,0,No,No,No,No phone service,DSL,Yes,No,Yes,Yes,No,Yes,Month-to-month,No,Mailed check
2,19.2,37.2,Male,1,No,No,Yes,No,No,No internet service,No internet service,No internet service,No internet service,No internet service,No internet service,Month-to-month,No,Electronic check
2,90.35,190.5,Female,0,Yes,No,Yes,No,Fiber optic,Yes,Yes,No,No,Yes,No,Month-to-month,No,Electronic check
15,59.65,867.1,Male,0,Yes,Yes,Yes,Yes,DSL,No,No,Yes,Yes,No,No,Month-to-month,Yes,Bank transfer (automatic)
45,75.15,3480.35,Male,1,Yes,No,Yes,Yes,DSL,Yes,No,Yes,Yes,No,Yes,Two year,No,Credit card (automatic)
17,24.1,409.9,Female,0,Yes,Yes,Yes,Yes,No,No internet service,No internet service,No internet service,No internet service,No internet service,No internet service,Month-to-month,No,Mailed check
18,80.65,1451.9,Male,0,No,No,Yes,Yes,Fiber optic,No,Yes,No,No,No,No,Month-to-month,Yes,Electronic check
66,19.7,1253.8,Male,0,No,No,Yes,No,No,No internet service,No internet service,No internet service,No internet service,No internet service,No internet service,Two year,No,Bank transfer (automatic)
15,20.35,335.95,Female,0,Yes,Yes,Yes,No,No,No internet service,No internet service,No internet service,No internet service,No internet service,No internet service,One year,No,Credit card (automatic)
26,60.7,1597.4,Female,1,Yes,No,Yes,No,DSL,No,No,Yes,No,No,Yes,One year,No,Mailed check
4,50.4,206.6,Male,0,No,No,Yes,Yes,DSL,No,No,No,No,No,No,Month-to-month,No,Mailed check
72,20.1,1460.85,Female,0,Yes,Yes,Yes,No,No,No internet service,No internet service,No internet service,No internet service,No internet service,No internet service,Two year,No,Bank transfer (automatic)
44,90.4,4063.0,Male,0,No,No,Yes,Yes,Fiber optic,No,No,Yes,No,No,Yes,Month-to-month,Yes,Mailed check
1,55.7,55.7,Male,0,No,No,Yes,No,DSL,No,No,No,No,No,Yes,Month-to-month,Yes,Mailed check
62,110.75,7053.35,Male,1,No,No,Yes,Yes,Fiber optic,No,Yes,Yes,Yes,Yes,Yes,One year,Yes,Bank transfer (automatic)
32,20.55,654.55,Female,0,No,No,Yes,No,No,No internet service,No internet service,No internet service,No internet service,No internet service,No internet service,One year,No,Bank transfer (automatic)
60,59.8,3561.15,Male,0,Yes,No,Yes,No,DSL,Yes,No,No,No,Yes,No,One year,Yes,Mailed check
1,25.7,25.7,Female,0,No,No,Yes,Yes,No,No internet service,No internet service,No internet service,No internet service,No internet service,No internet service,Month-to-month,Yes,Electronic check
39,19.75,757.95,Female,0,Yes,Yes,Yes,No,No,No internet service,No internet service,No internet service,No internet service,No internet service,No internet service,Two year,No,Mailed check
1,86.05,86.05,Male,1,Yes,No,Yes,Yes,Fiber optic,No,No,No,No,Yes,No,Month-to-month,Yes,Electronic check
1,20.35,20.35,Female,0,Yes,Yes,Yes,No,No,No internet service,No internet service,No internet service,No internet service,No internet service,No internet service,Two year,No,Mailed check
46,24.95,1165.9,Female,0,Yes,Yes,Yes,Yes,No,No internet service,No internet service,No internet service,No internet service,No internet service,No internet service,One year,No,Mailed check
15,38.8,603.0,Female,0,No,No,No,No phone service,DSL,No,Yes,No,No,No,Yes,Two year,Yes,Mailed check
4,70.5,294.2,Male,0,Yes,No,Yes,No,Fiber optic,No,No,No,No,No,No,Month-to-month,No,Electronic check
4,84.05,333.55,Female,0,No,Yes,Yes,Yes,Fiber optic,No,Yes,Yes,No,No,No,Month-to-month,No,Bank transfer (automatic)
4,24.1,73.1,Male,0,Yes,Yes,Yes,Yes,No,No internet service,No internet service,No internet service,No internet service,No internet service,No internet service,One year,No,Credit card (automatic)
14,19.65,228.65,Male,1,Yes,No,Yes,No,No,No internet service,No internet service,No internet service,No internet service,No internet service,No internet service,One year,No,Mailed check
27,36.5,1032.0,Male,1,Yes,No,No,No phone service,DSL,No,No,No,No,No,Yes,Month-to-month,No,Bank transfer (automatic)
3,98.7,293.65,Male,0,No,No,Yes,No,Fiber optic,No,No,Yes,Yes,Yes,Yes,Month-to-month,Yes,Electronic check
36,19.2,702.9,Female,0,Yes,Yes,Yes,No,No,No internet service,No internet service,No internet service,No internet service,No internet service,No internet service,Month-to-month,No,Bank transfer (automatic)
70,116.55,8152.3,Male,0,Yes,Yes,Yes,Yes,Fiber optic,Yes,Yes,Yes,Yes,Yes,Yes,Two year,Yes,Credit card (automatic)
39,103.45,3994.45,Female,0,No,No,Yes,Yes,Fiber optic,No,Yes,Yes,No,Yes,Yes,Month-to-month,Yes,Electronic check
21,20.75,452.2,Female,0,No,Yes,Yes,No,No,No internet service,No internet service,No internet service,No internet service,No internet service,No internet service,Month-to-month,No,Mailed check
29,89.2,2698.35,Male,0,Yes,Yes,Yes,Yes,Fiber optic,No,No,Yes,No,No,Yes,Month-to-month,Yes,Electronic check
60,49.45,2907.55,Female,1,Yes,No,No,No phone service,DSL,No,Yes,No,No,Yes,Yes,Two year,Yes,Credit card (automatic)
32,75.5,2324.7,Female,0,Yes,No,Yes,No,Fiber optic,Yes,No,No,No,No,No,Month-to-month,Yes,Bank transfer (automatic)
1,71.55,71.55,Male,0,No,No,Yes,No,Fiber optic,No,No,No,No,No,No,Month-to-month,Yes,Mailed check
10,70.15,735.5,Male,0,No,No,Yes,No,Fiber optic,No,No,No,No,No,No,Month-to-month,No,Mailed check
44,94.4,4295.35,Female,0,Yes,Yes,Yes,Yes,Fiber optic,No,Yes,Yes,No,No,Yes,One year,No,Electronic check
9,40.65,328.95,Male,0,Yes,No,No,No phone service,DSL,No,No,No,Yes,Yes,No,Month-to-month,No,Mailed check
32,19.8,607.7,Male,0,No,No,Yes,No,No,No internet service,No internet service,No internet service,No internet service,No internet service,No internet service,One year,No,Mailed check
13,45.55,597.0,Male,0,No,No,No,No phone service,DSL,Yes,No,No,Yes,Yes,No,Month-to-month,Yes,Credit card (automatic)
1,24.8,24.8,Female,1,Yes,No,No,No phone service,DSL,No,No,No,No,No,No,Month-to-month,Yes,Electronic check
2,50.95,123.05,Female,0,No,No,Yes,No,DSL,Yes,No,No,No,No,No,Month-to-month,No,Mailed check
10,86.05,834.1,Male,0,No,No,Yes,Yes,Fiber optic,No,No,No,No,Yes,No,Month-to-month,Yes,Bank transfer (automatic)
72,110.65,8065.65,Female,0,Yes,No,Yes,Yes,Fiber optic,Yes,Yes,Yes,No,Yes,Yes,Two year,Yes,Credit card (automatic)
21,96.8,2030.3,Male,1,No,No,Yes,No,Fiber optic,No,No,Yes,No,Yes,Yes,Month-to-month,Yes,Bank transfer (automatic)
64,96.9,6314.35,Female,0,Yes,No,Yes,No,Fiber optic,Yes,No,No,Yes,Yes,Yes,One year,Yes,Mailed check
13,61.8,750.1,Male,0,Yes,Yes,Yes,No,DSL,No,Yes,Yes,Yes,No,No,Month-to-month,No,Bank transfer (automatic)
40,74.55,3015.75,Male,0,Yes,Yes,Yes,Yes,DSL,No,No,Yes,No,Yes,Yes,Month-to-month,Yes,Electronic check
55,64.2,3627.3,Male,0,No,No,Yes,No,DSL,No,Yes,No,Yes,No,Yes,One year,Yes,Electronic check
17,80.85,1445.95,Male,0,No,Yes,Yes,No,DSL,No,Yes,Yes,Yes,Yes,Yes,One year,No,Electronic check
65,104.25,6812.95,Male,0,Yes,No,Yes,Yes,Fiber optic,Yes,No,Yes,No,Yes,Yes,Month-to-month,Yes,Electronic check
38,24.25,914.4,Female,0,No,No,Yes,Yes,No,No internet service,No internet service,No internet service,No internet service,No internet service,No internet service,One year,Yes,Electronic check
32,54.2,1739.6,Female,0,No,No,Yes,Yes,DSL,No,Yes,No,No,No,No,Month-to-month,Yes,Electronic check
63,19.95,1234.8,Male,0,Yes,No,Yes,No,No,No internet service,No internet service,No internet service,No internet service,No internet service,No internet service,Two year,Yes,Bank transfer (automatic)
1,20.5,20.5,Female,0,No,No,Yes,No,No,No internet service,No internet service,No internet service,No internet service,No internet service,No internet service,Month-to-month,No,Mailed check
41,106.3,4443.45,Female,0,No,No,Yes,Yes,Fiber optic,No,Yes,Yes,No,Yes,Yes,Month-to-month,Yes,Electronic check
26,82.0,2083.1,Male,0,Yes,Yes,Yes,Yes,DSL,No,No,Yes,Yes,Yes,Yes,One year,Yes,Credit card (automatic)
12,21.05,262.05,Male,0,Yes,Yes,Yes,No,No,No internet service,No internet service,No internet service,No internet service,No internet service,No internet service,Two year,No,Bank transfer (automatic)
37,40.55,1390.85,Male,0,No,No,No,No phone service,DSL,Yes,Yes,No,Yes,No,No,Two year,Yes,Mailed check
52,53.75,2790.65,Male,0,No,No,Yes,No,DSL,Yes,No,Yes,No,No,No,One year,No,Electronic check
3,41.35,107.25,Male,0,No,No,No,No phone service,DSL,Yes,No,Yes,Yes,No,No,Month-to-month,No,Mailed check
28,110.85,3204.4,Female,1,Yes,No,Yes,Yes,Fiber optic,No,Yes,Yes,Yes,Yes,Yes,Month-to-month,Yes,Electronic check
35,20.75,739.9,Male,0,No,No,Yes,No,No,No internet service,No internet service,No internet service,No internet service,No internet service,No internet service,Month-to-month,No,Bank transfer (automatic)
70,24.7,1685.9,Female,0,Yes,Yes,Yes,Yes,No,No internet service,No internet service,No internet service,No internet service,No internet service,No internet service,Two year,No,Bank transfer (automatic)
16,86.6,1281.0,Male,1,No,No,Yes,Yes,Fiber optic,No,No,No,No,Yes,No,Month-to-month,Yes,Electronic check
72,104.15,7689.95,Male,1,Yes,No,Yes,Yes,Fiber optic,No,Yes,Yes,No,Yes,Yes,Two year,Yes,Bank transfer (automatic)
36,97.35,3457.9,Female,0,Yes,Yes,Yes,Yes,Fiber optic,No,Yes,Yes,No,Yes,No,Month-to-month,Yes,Bank transfer (automatic)
60,89.9,5450.7,Male,0,No,No,Yes,Yes,Fiber optic,No,Yes,No,No,Yes,No,Month-to-month,Yes,Bank transfer (automatic)
56,105.35,5794.45,Male,0,No,No,Yes,Yes,Fiber optic,Yes,No,No,Yes,Yes,Yes,Month-to-month,Yes,Mailed check
1,44.3,44.3,Male,0,No,No,Yes,No,DSL,No,No,No,No,No,No,Month-to-month,Yes,Mailed check
70,101.75,7069.3,Female,0,Yes,No,Yes,Yes,Fiber optic,No,No,Yes,No,Yes,Yes,One year,Yes,Electronic check
72,85.45,6227.5,Male,0,Yes,No,Yes,Yes,DSL,No,Yes,Yes,Yes,Yes,Yes,Two year,Yes,Credit card (automatic)
60,20.5,1198.8,Male,0,Yes,No,Yes,No,No,No internet service,No internet service,No internet service,No internet service,No internet service,No internet service,Two year,Yes,Bank transfer (automatic)
35,59.45,2136.9,Female,0,Yes,Yes,Yes,Yes,DSL,Yes,Yes,No,No,No,No,Month-to-month,Yes,Credit card (automatic)
35,19.9,666.0,Male,0,Yes,Yes,Yes,No,No,No internet service,No internet service,No internet service,No internet service,No internet service,No internet service,One year,No,Electronic check
3,85.7,256.75,Male,0,No,No,Yes,No,Fiber optic,No,No,Yes,No,No,Yes,Month-to-month,No,Credit card (automatic)
66,80.55,5265.1,Female,1,Yes,No,Yes,Yes,DSL,No,Yes,Yes,No,Yes,Yes,Two year,Yes,Bank transfer (automatic)
17,92.7,1556.85,Female,0,No,Yes,Yes,Yes,Fiber optic,No,Yes,Yes,Yes,No,No,Month-to-month,Yes,Credit card (automatic)
49,84.5,3906.7,Female,0,No,No,Yes,Yes,Fiber optic,No,No,No,No,No,Yes,Month-to-month,Yes,Electronic check
27,48.7,1421.75,Male,0,Yes,No,Yes,No,DSL,Yes,No,No,No,No,No,One year,No,Credit card (automatic)
4,55.5,227.35,Female,0,No,No,Yes,No,DSL,No,No,No,No,Yes,No,Month-to-month,No,Credit card (automatic)
7,35.5,249.55,Male,0,No,No,No,No phone service,DSL,No,No,Yes,Yes,No,No,One year,Yes,Credit card (automatic)
8,56.3,401.5,Female,0,Yes,Yes,Yes,No,DSL,No,Yes,No,Yes,No,No,Month-to-month,No,Bank transfer (automatic)
1,45.7,45.7,Male,0,No,No,Yes,No,DSL,No,No,No,No,No,No,Month-to-month,Yes,Mailed check
55,85.1,4600.95,Female,0,Yes,Yes,Yes,Yes,Fiber optic,Yes,Yes,No,No,No,No,Month-to-month,Yes,Electronic check
72,79.35,5753.25,Male,0,Yes,No,Yes,No,DSL,Yes,Yes,No,Yes,Yes,Yes,Two year,Yes,Bank transfer (automatic)
34,116.25,3899.05,Male,0,No,No,Yes,Yes,Fiber optic,Yes,Yes,Yes,Yes,Yes,Yes,One year,No,Credit card (automatic)
65,19.9,1292.6,Male,0,Yes,Yes,Yes,No,No,No internet service,No internet service,No internet service,No internet service,No internet service,No internet service,Two year,No,Mailed check
69,105.0,7297.75,Male,0,Yes,Yes,Yes,Yes,Fiber optic,No,Yes,Yes,No,Yes,Yes,Two year,Yes,Electronic check
13,71.95,923.85,Female,0,No,No,Yes,No,DSL,Yes,No,No,No,Yes,Yes,Month-to-month,Yes,Electronic check
59,18.4,1057.85,Female,0,Yes,No,Yes,No,No,No internet service,No internet service,No internet service,No internet service,No internet service,No internet service,Two year,No,Bank transfer (automatic)
72,25.2,1798.9,Male,0,Yes,Yes,Yes,Yes,No,No internet service,No internet service,No internet service,No internet service,No internet service,No internet service,Two year,Yes,Bank transfer (automatic)
0,73.35,0.0,Female,0,Yes,Yes,Yes,Yes,DSL,No,Yes,Yes,Yes,Yes,No,Two year,No,Mailed check
69,19.4,1346.2,Female,0,Yes,Yes,Yes,No,No,No internet service,No internet service,No internet service,No internet service,No internet service,No internet service,Two year,No,Mailed check
30,84.3,2438.6,Male,0,No,No,Yes,No,Fiber optic,Yes,Yes,Yes,No,No,No,Month-to-month,Yes,Credit card (automatic)
61,99.0,5969.3,Male,1,Yes,Yes,Yes,Yes,Fiber optic,No,Yes,No,No,Yes,Yes,One year,No,Electronic check
69,92.45,6460.55,Male,0,Yes,No,Yes,Yes,Fiber optic,No,Yes,No,Yes,Yes,No,Two year,Yes,Mailed check
2,79.55,151.75,Female,0,No,No,Yes,Yes,Fiber optic,No,Yes,No,No,No,No,Month-to-month,No,Electronic check
11,69.35,712.25,Male,0,No,No,Yes,No,DSL,No,No,Yes,No,Yes,Yes,Month-to-month,Yes,Electronic check
61,81.05,4747.65,Male,0,Yes,No,Yes,No,DSL,Yes,Yes,No,Yes,Yes,Yes,Two year,Yes,Mailed check
57,53.45,3053.0,Female,0,Yes,Yes,Yes,No,DSL,Yes,Yes,No,No,No,No,One year,No,Electronic check
3,29.65,90.05,Female,0,No,Yes,No,No phone service,DSL,No,Yes,No,No,No,No,Month-to-month,No,Mailed check
72,92.65,6733.0,Female,0,Yes,Yes,Yes,Yes,DSL,Yes,Yes,Yes,Yes,Yes,Yes,Two year,No,Bank transfer (automatic)
63,104.8,6597.25,Male,0,Yes,Yes,Yes,Yes,Fiber optic,No,Yes,Yes,No,Yes,Yes,Two year,Yes,Bank transfer (automatic)
7,90.45,593.45,Male,0,No,No,Yes,Yes,Fiber optic,No,No,Yes,No,Yes,No,Month-to-month,Yes,Electronic check
71,85.45,6028.95,Male,0,No,Yes,Yes,Yes,Fiber optic,Yes,Yes,No,No,No,No,One year,Yes,Credit card (automatic)
32,84.05,2781.85,Female,0,No,No,Yes,Yes,Fiber optic,No,No,No,No,Yes,No,One year,No,Electronic check
1,85.8,85.8,Female,0,No,No,Yes,Yes,Fiber optic,No,No,No,No,No,Yes,Month-to-month,No,Mailed check
42,95.55,3930.6,Female,1,Yes,No,Yes,Yes,Fiber optic,No,Yes,Yes,No,Yes,No,Month-to-month,Yes,Electronic check
52,96.25,4990.25,Male,0,Yes,Yes,Yes,Yes,Fiber optic,No,No,Yes,Yes,No,Yes,Two year,Yes,Bank transfer (automatic)
47,70.55,3309.25,Female,1,Yes,Yes,Yes,No,Fiber optic,No,No,No,No,No,No,Month-to-month,No,Bank transfer (automatic)
64,100.05,6254.2,Female,0,No,No,Yes,Yes,Fiber optic,No,No,Yes,No,Yes,Yes,One year,Yes,Credit card (automatic)
4,64.4,253.0,Female,0,No,No,Yes,Yes,DSL,No,No,No,Yes,Yes,No,Month-to-month,Yes,Mailed check
72,84.45,5899.85,Male,1,Yes,No,Yes,Yes,DSL,Yes,Yes,Yes,No,Yes,Yes,Two year,No,Credit card (automatic)
63,25.25,1559.3,Male,0,No,No,Yes,Yes,No,No internet service,No internet service,No internet service,No internet service,No internet service,No internet service,Two year,No,Mailed check
64,24.7,1642.75,Female,0,No,No,Yes,Yes,No,No internet service,No internet service,No internet service,No internet service,No internet service,No internet service,One year,No,Mailed check
72,53.65,3784.0,Female,0,Yes,Yes,No,No phone service,DSL,No,Yes,No,Yes,Yes,Yes,Two year,No,Credit card (automatic)
37,36.65,1315.0,Male,1,No,No,No,No phone service,DSL,No,Yes,Yes,No,No,No,Month-to-month,No,Electronic check
1,20.5,20.5,Female,0,No,No,Yes,No,No,No internet service,No internet service,No internet service,No internet service,No internet service,No internet service,Month-to-month,No,Mailed check
1,84.5,84.5,Male,0,No,No,Yes,Yes,Fiber optic,No,No,No,No,Yes,No,Month-to-month,No,Electronic check
6,89.5,573.3,Female,0,No,No,Yes,No,Fiber optic,No,No,No,No,Yes,Yes,Month-to-month,Yes,Electronic check
66,79.85,5234.95,Male,0,Yes,Yes,Yes,Yes,DSL,No,Yes,Yes,No,Yes,Yes,Two year,No,Bank transfer (automatic)
10,86.65,856.65,Male,1,Yes,No,Yes,Yes,Fiber optic,No,No,No,No,No,Yes,Month-to-month,Yes,Electronic check
71,97.65,6687.85,Male,0,No,No,Yes,Yes,Fiber optic,Yes,No,No,Yes,No,Yes,One year,No,Credit card (automatic)
71,77.55,5574.35,Female,0,Yes,Yes,Yes,No,DSL,Yes,No,Yes,No,Yes,Yes,Two year,No,Credit card (automatic)
1,20.05,20.05,Male,0,No,No,Yes,No,No,No internet service,No internet service,No internet service,No internet service,No internet service,No internet service,Month-to-month,Yes,Mailed check
1,20.05,20.05,Male,0,No,No,Yes,No,No,No internet service,No internet service,No internet service,No internet service,No internet service,No internet service,Month-to-month,No,Mailed check
70,65.2,4543.15,Female,0,Yes,Yes,Yes,Yes,DSL,Yes,No,No,No,No,Yes,One year,No,Bank transfer (automatic)
25,19.9,527.5,Female,0,No,No,Yes,No,No,No internet service,No internet service,No internet service,No internet service,No internet service,No internet service,One year,No,Credit card (automatic)
4,19.55,68.8,Male,0,Yes,Yes,Yes,No,No,No internet service,No internet service,No internet service,No internet service,No internet service,No internet service,Two year,No,Credit card (automatic)
70,19.85,1328.35,Female,0,Yes,No,Yes,No,No,No internet service,No internet service,No internet service,No internet service,No internet service,No internet service,Two year,No,Credit card (automatic)
70,77.3,5498.2,Male,0,Yes,No,Yes,Yes,DSL,Yes,No,Yes,Yes,No,Yes,Two year,No,Credit card (automatic)
72,67.2,4671.7,Male,0,No,Yes,No,No phone service,DSL,Yes,Yes,Yes,Yes,Yes,Yes,Two year,No,Credit card (automatic)
63,71.9,4479.2,Male,0,No,No,Yes,Yes,DSL,Yes,No,Yes,Yes,No,Yes,Two year,Yes,Bank transfer (automatic)
71,58.25,4145.9,Female,0,Yes,No,No,No phone service,DSL,No,Yes,Yes,Yes,Yes,Yes,Two year,No,Bank transfer (automatic)
12,96.05,1148.1,Male,0,No,No,Yes,Yes,Fiber optic,No,No,No,No,Yes,Yes,Month-to-month,Yes,Electronic check
63,19.7,1275.85,Male,0,Yes,Yes,Yes,No,No,No internet service,No internet service,No internet service,No internet service,No internet service,No internet service,Two year,No,Mailed check
28,35.75,961.4,Female,0,No,No,No,No phone service,DSL,No,No,Yes,Yes,No,No,Month-to-month,Yes,Mailed check
48,83.45,3887.85,Female,0,No,No,Yes,Yes,DSL,Yes,Yes,Yes,No,Yes,Yes,One year,Yes,Credit card (automatic)
72,60.0,4264.0,Female,0,Yes,Yes,No,No phone service,DSL,No,Yes,Yes,Yes,Yes,Yes,Two year,Yes,Electronic check
51,94.8,4837.6,Male,0,No,No,Yes,Yes,Fiber optic,Yes,Yes,No,No,Yes,No,One year,Yes,Electronic check
35,75.35,2636.05,Male,0,No,No,Yes,Yes,Fiber optic,No,No,No,No,No,No,Month-to-month,No,Credit card (automatic)
61,98.3,6066.55,Male,1,Yes,No,Yes,Yes,Fiber optic,No,Yes,Yes,Yes,Yes,No,One year,Yes,Mailed check
72,61.2,4390.25,Male,0,No,No,No,No phone service,DSL,Yes,No,Yes,Yes,Yes,Yes,Two year,Yes,Credit card (automatic)
8,66.7,579.0,Male,0,No,No,Yes,No,DSL,Yes,No,Yes,No,No,Yes,Month-to-month,Yes,Electronic check
10,29.5,255.25,Male,0,No,No,No,No phone service,DSL,No,No,Yes,No,No,No,Month-to-month,No,Mailed check
12,75.85,854.45,Female,0,No,No,Yes,Yes,DSL,No,No,No,Yes,Yes,Yes,One year,Yes,Mailed check
8,85.2,627.4,Female,0,Yes,No,Yes,Yes,Fiber optic,No,No,No,No,No,Yes,Month-to-month,Yes,Credit card (automatic)
5,69.75,324.6,Male,0,No,No,Yes,No,Fiber optic,No,No,No,No,No,No,Month-to-month,Yes,Electronic check
29,98.6,2933.2,Female,0,No,No,Yes,Yes,Fiber optic,No,No,Yes,No,Yes,Yes,Month-to-month,Yes,Credit card (automatic)
25,55.1,1466.1,Male,0,Yes,Yes,Yes,Yes,DSL,No,No,No,Yes,No,No,One year,Yes,Mailed check
27,71.6,1957.1,Male,0,Yes,Yes,Yes,Yes,DSL,No,No,No,Yes,Yes,Yes,Month-to-month,No,Bank transfer (automatic)
35,33.45,1175.85,Female,0,No,No,No,No phone service,DSL,No,No,Yes,Yes,No,No,Month-to-month,Yes,Mailed check
58,91.55,5511.65,Female,0,Yes,Yes,Yes,No,Fiber optic,No,Yes,Yes,No,Yes,No,Month-to-month,Yes,Electronic check
17,64.7,1093.1,Female,0,No,Yes,Yes,No,DSL,No,No,No,No,Yes,Yes,Month-to-month,Yes,Mailed check
32,85.3,2661.1,Male,1,Yes,No,Yes,Yes,Fiber optic,No,No,No,No,No,Yes,Month-to-month,No,Electronic check
25,54.1,1373.0,Female,0,Yes,No,Yes,Yes,DSL,No,Yes,No,No,No,No,Month-to-month,No,Electronic check
12,24.0,269.65,Male,0,Yes,Yes,Yes,Yes,No,No internet service,No internet service,No internet service,No internet service,No internet service,No internet service,Two year,Yes,Bank transfer (automatic)
51,34.2,1782.0,Female,0,Yes,Yes,No,No phone service,DSL,Yes,No,No,Yes,No,No,Two year,No,Bank transfer (automatic)
1,50.9,50.9,Male,0,No,No,Yes,No,DSL,No,No,Yes,No,No,No,Month-to-month,No,Mailed check
42,25.05,949.85,Male,0,No,No,Yes,Yes,No,No internet service,No internet service,No internet service,No internet service,No internet service,No internet service,One year,No,Electronic check
42,103.8,4327.5,Female,0,No,No,Yes,No,Fiber optic,No,Yes,Yes,Yes,Yes,Yes,Month-to-month,Yes,Bank transfer (automatic)
37,65.6,2313.8,Male,0,No,No,Yes,No,DSL,Yes,Yes,Yes,Yes,No,No,Two year,No,Bank transfer (automatic)
61,50.7,3088.75,Female,0,Yes,Yes,No,No phone service,DSL,Yes,Yes,No,Yes,No,Yes,One year,Yes,Bank transfer (automatic)
19,19.9,357.7,Male,0,Yes,Yes,Yes,No,No,No internet service,No internet service,No internet service,No internet service,No internet service,No internet service,One year,No,Mailed check
55,90.45,5044.8,Female,1,Yes,No,Yes,Yes,Fiber optic,No,Yes,Yes,Yes,No,No,Month-to-month,No,Electronic check
71,84.8,6046.1,Female,0,Yes,No,Yes,No,DSL,Yes,Yes,Yes,Yes,Yes,Yes,One year,Yes,Bank transfer (automatic)
40,25.25,1006.9,Male,0,Yes,Yes,Yes,Yes,No,No internet service,No internet service,No internet service,No internet service,No internet service,No internet service,Two year,No,Credit card (automatic)
50,93.5,4747.5,Male,0,No,No,Yes,No,Fiber optic,Yes,Yes,No,Yes,No,Yes,Month-to-month,Yes,Credit card (automatic)
6,29.45,161.45,Female,0,No,No,No,No phone service,DSL,Yes,No,No,No,No,No,Month-to-month,No,Bank transfer (automatic)
4,56.75,245.15,Male,0,No,No,Yes,No,DSL,Yes,No,Yes,No,No,No,Month-to-month,No,Electronic check
56,72.6,4084.35,Female,1,Yes,Yes,Yes,No,DSL,Yes,No,No,Yes,Yes,Yes,Two year,Yes,Credit card (automatic)
59,24.45,1493.1,Female,0,No,No,Yes,Yes,No,No internet service,No internet service,No internet service,No internet service,No internet service,No internet service,Two year,No,Electronic check
7,20.25,174.7,Male,0,Yes,Yes,Yes,No,No,No internet service,No internet service,No internet service,No internet service,No internet service,No internet service,Month-to-month,Yes,Bank transfer (automatic)
32,20.5,696.8,Male,0,No,Yes,Yes,No,No,No internet service,No internet service,No internet service,No internet service,No internet service,No internet service,Two year,No,Mailed check
12,85.15,979.05,Female,0,No,No,Yes,No,Fiber optic,Yes,No,No,No,Yes,No,One year,Yes,Credit card (automatic)
18,46.4,812.4,Male,0,Yes,Yes,No,No phone service,DSL,No,Yes,Yes,No,Yes,No,One year,No,Credit card (automatic)
56,68.75,3815.4,Female,0,Yes,Yes,Yes,Yes,DSL,Yes,Yes,No,No,No,Yes,One year,No,Bank transfer (automatic)
16,74.75,1129.35,Female,0,No,No,Yes,Yes,Fiber optic,No,No,No,No,No,No,Month-to-month,Yes,Credit card (automatic)
45,112.2,5031.85,Male,0,No,No,Yes,No,Fiber optic,Yes,Yes,Yes,Yes,Yes,Yes,One year,No,Credit card (automatic)
63,71.5,4576.3,Male,0,No,No,Yes,Yes,DSL,Yes,Yes,Yes,Yes,No,No,One year,No,Electronic check
3,76.05,231.8,Male,1,No,No,Yes,Yes,Fiber optic,No,No,No,No,No,No,Month-to-month,Yes,Electronic check
43,78.8,3460.3,Female,0,Yes,No,Yes,No,DSL,Yes,No,Yes,Yes,Yes,Yes,Two year,Yes,Electronic check
54,70.7,3770.0,Male,0,Yes,Yes,Yes,Yes,DSL,No,Yes,No,Yes,Yes,No,One year,Yes,Electronic check
15,26.35,378.6,Male,0,No,No,Yes,Yes,No,No internet service,No internet service,No internet service,No internet service,No internet service,No internet service,Month-to-month,Yes,Electronic check
72,72.1,5016.65,Male,0,Yes,Yes,Yes,Yes,DSL,Yes,Yes,Yes,Yes,No,No,Two year,No,Credit card (automatic)
70,44.05,3011.65,Male,1,No,No,No,No phone service,DSL,No,Yes,Yes,No,Yes,No,One year,Yes,Credit card (automatic)
47,19.9,942.95,Male,0,Yes,No,Yes,No,No,No internet service,No internet service,No internet service,No internet service,No internet service,No internet service,One year,No,Bank transfer (automatic)
3,74.4,229.55,Male,0,No,No,Yes,Yes,Fiber optic,No,No,No,No,No,No,Month-to-month,Yes,Electronic check
4,50.95,207.35,Male,1,No,No,No,No phone service,DSL,No,Yes,No,No,Yes,Yes,Month-to-month,Yes,Credit card (automatic)
72,19.8,1414.65,Male,0,Yes,Yes,Yes,No,No,No internet service,No internet service,No internet service,No internet service,No internet service,No internet service,Two year,Yes,Credit card (automatic)
1,25.7,25.7,Female,1,No,No,No,No phone service,DSL,No,No,No,No,No,No,Month-to-month,Yes,Mailed check
72,113.65,8182.75,Female,0,Yes,No,Yes,Yes,Fiber optic,Yes,Yes,Yes,Yes,Yes,Yes,Two year,Yes,Bank transfer (automatic)
17,92.55,1614.7,Female,1,Yes,No,Yes,Yes,Fiber optic,No,No,No,No,Yes,Yes,Month-to-month,Yes,Electronic check
70,84.6,5706.2,Male,0,Yes,No,Yes,No,Fiber optic,Yes,Yes,No,Yes,No,No,Two year,No,Bank transfer (automatic)
52,110.75,5832.0,Male,1,No,No,Yes,Yes,Fiber optic,No,Yes,Yes,Yes,Yes,Yes,Month-to-month,Yes,Electronic check
7,45.75,344.2,Male,1,No,Yes,Yes,No,DSL,No,No,No,No,No,No,Month-to-month,Yes,Mailed check
64,103.5,6548.65,Male,1,No,No,Yes,Yes,Fiber optic,Yes,Yes,No,No,Yes,Yes,Month-to-month,Yes,Bank transfer (automatic)
63,86.7,5309.5,Male,0,No,No,Yes,No,DSL,Yes,Yes,Yes,Yes,Yes,Yes,Two year,Yes,Bank transfer (automatic)
4,88.85,372.45,Female,1,No,No,Yes,Yes,Fiber optic,No,No,Yes,No,No,Yes,Month-to-month,Yes,Electronic check
7,20.0,137.6,Female,0,No,No,Yes,No,No,No internet service,No internet service,No internet service,No internet service,No internet service,No internet service,Month-to-month,No,Bank transfer (automatic)
68,90.8,6302.85,Male,0,Yes,No,Yes,Yes,DSL,Yes,Yes,Yes,Yes,Yes,Yes,Two year,Yes,Credit card (automatic)
41,94.55,3851.45,Male,1,Yes,No,Yes,No,Fiber optic,No,Yes,No,No,Yes,Yes,Month-to-month,Yes,Electronic check
38,81.0,3084.9,Male,0,Yes,Yes,Yes,No,DSL,Yes,No,Yes,Yes,Yes,Yes,Two year,No,Credit card (automatic)
41,20.65,875.55,Female,0,Yes,No,Yes,No,No,No internet service,No internet service,No internet service,No internet service,No internet service,No internet service,Two year,No,Credit card (automatic)
28,76.55,2065.4,Male,0,Yes,No,Yes,No,Fiber optic,No,No,No,Yes,No,No,Month-to-month,No,Bank transfer (automatic)
7,20.65,134.05,Female,0,Yes,Yes,Yes,No,No,No internet service,No internet service,No internet service,No internet service,No internet service,No internet service,One year,No,Mailed check
1,74.0,74.0,Male,0,No,No,Yes,No,Fiber optic,No,No,No,Yes,No,No,Month-to-month,No,Electronic check
61,94.35,5703.0,Female,0,Yes,No,Yes,Yes,Fiber optic,No,Yes,No,Yes,No,Yes,Two year,Yes,Bank transfer (automatic)
30,85.35,2530.4,Female,0,No,No,Yes,No,DSL,Yes,Yes,Yes,Yes,Yes,Yes,One year,No,Bank transfer (automatic)
9,50.8,463.6,Male,0,No,No,No,No phone service,DSL,Yes,No,Yes,Yes,No,Yes,One year,No,Mailed check
45,51.0,2264.5,Female,0,Yes,Yes,No,No phone service,DSL,No,Yes,Yes,Yes,No,Yes,One year,No,Bank transfer (automatic)
24,25.15,553.0,Female,0,No,No,Yes,Yes,No,No internet service,No internet service,No internet service,No internet service,No internet service,No internet service,Two year,No,Credit card (automatic)
36,93.6,3366.05,Male,0,Yes,No,Yes,No,Fiber optic,Yes,No,No,No,Yes,Yes,Month-to-month,Yes,Electronic check
70,26.05,1856.4,Female,0,No,No,Yes,Yes,No,No internet service,No internet service,No internet service,No internet service,No internet service,No internet service,One year,No,Credit card (automatic)
1,69.6,69.6,Female,1,No,No,Yes,No,Fiber optic,No,No,No,No,No,No,Month-to-month,Yes,Electronic check
10,95.1,865.1,Male,0,No,No,Yes,No,Fiber optic,No,No,No,Yes,Yes,Yes,Month-to-month,Yes,Credit card (automatic)
25,19.6,411.15,Male,0,Yes,Yes,Yes,No,No,No internet service,No internet service,No internet service,No internet service,No internet service,No internet service,One year,No,Electronic check
38,84.1,3187.65,Female,0,No,No,Yes,Yes,DSL,Yes,Yes,Yes,No,Yes,Yes,One year,No,Bank transfer (automatic)
56,99.9,5706.3,Female,1,No,No,Yes,Yes,Fiber optic,No,Yes,Yes,Yes,Yes,No,Two year,Yes,Bank transfer (automatic)
14,25.55,372.45,Female,0,Yes,Yes,Yes,Yes,No,No internet service,No internet service,No internet service,No internet service,No internet service,No internet service,Month-to-month,No,Mailed check
33,20.1,620.55,Male,0,Yes,Yes,Yes,No,No,No internet service,No internet service,No internet service,No internet service,No internet service,No internet service,One year,No,Credit card (automatic)
6,70.55,433.95,Female,0,No,No,Yes,No,Fiber optic,No,No,No,No,No,No,Month-to-month,No,Credit card (automatic)
47,74.45,3510.3,Female,0,No,No,Yes,No,DSL,No,No,Yes,Yes,Yes,Yes,Two year,No,Mailed check
2,19.65,38.8,Male,0,No,No,Yes,No,No,No internet service,No internet service,No internet service,No internet service,No internet service,No internet service,Month-to-month,Yes,Mailed check
9,65.6,593.3,Female,0,Yes,Yes,Yes,No,DSL,No,Yes,No,Yes,Yes,No,One year,Yes,Mailed check
4,80.3,324.2,Female,0,No,No,Yes,Yes,Fiber optic,No,Yes,No,No,No,No,Month-to-month,Yes,Mailed check
72,24.65,1830.05,Female,0,Yes,No,Yes,Yes,No,No internet service,No internet service,No internet service,No internet service,No internet service,No internet service,Two year,No,Bank transfer (automatic)
1,89.35,89.35,Female,0,No,Yes,Yes,No,Fiber optic,No,No,No,No,Yes,Yes,Month-to-month,Yes,Electronic check
1,44.75,44.75,Male,0,No,No,Yes,No,DSL,No,No,No,No,No,No,Month-to-month,Yes,Electronic check
4,80.15,319.85,Female,0,No,No,Yes,Yes,Fiber optic,Yes,No,No,No,No,No,Month-to-month,Yes,Electronic check
44,100.55,4398.15,Male,0,No,No,Yes,No,Fiber optic,No,Yes,No,Yes,Yes,Yes,Month-to-month,No,Electronic check
16,93.2,1573.7,Female,0,No,No,Yes,No,Fiber optic,No,Yes,Yes,No,No,Yes,Month-to-month,Yes,Credit card (automatic)
49,25.25,1211.65,Female,0,Yes,Yes,Yes,Yes,No,No internet service,No internet service,No internet service,No internet service,No internet service,No internet service,Two year,No,Mailed check
2,69.6,131.65,Female,1,No,No,Yes,No,Fiber optic,No,No,No,No,No,No,Month-to-month,Yes,Electronic check
14,80.05,1112.3,Female,0,No,No,Yes,No,Fiber optic,No,Yes,No,Yes,No,No,Month-to-month,Yes,Credit card (automatic)
10,80.25,846.0,Female,0,No,No,Yes,No,Fiber optic,No,No,No,No,No,Yes,Month-to-month,Yes,Bank transfer (automatic)
67,92.45,6140.85,Female,1,No,No,Yes,No,Fiber optic,Yes,Yes,No,Yes,Yes,No,Two year,Yes,Bank transfer (automatic)
20,107.05,2172.05,Male,1,Yes,No,Yes,Yes,Fiber optic,No,Yes,No,Yes,Yes,Yes,Month-to-month,No,Electronic check
7,25.05,189.95,Female,0,No,No,No,No phone service,DSL,No,No,No,No,No,No,Month-to-month,No,Bank transfer (automatic)
45,99.7,4634.35,Male,0,No,Yes,Yes,Yes,Fiber optic,No,No,Yes,No,Yes,Yes,Two year,No,Bank transfer (automatic)
14,70.2,1046.5,Female,0,Yes,Yes,Yes,No,Fiber optic,No,No,No,No,No,No,Month-to-month,No,Electronic check
60,80.6,4946.7,Female,0,Yes,Yes,Yes,No,DSL,No,Yes,Yes,Yes,Yes,Yes,Two year,Yes,Bank transfer (automatic)
54,69.9,3883.3,Male,0,No,No,Yes,No,DSL,Yes,Yes,No,Yes,Yes,No,Month-to-month,Yes,Mailed check
46,110.2,4972.1,Female,1,Yes,Yes,Yes,Yes,Fiber optic,Yes,Yes,No,Yes,Yes,Yes,Month-to-month,Yes,Electronic check
34,90.15,3128.8,Male,1,Yes,No,Yes,No,Fiber optic,Yes,No,No,Yes,Yes,No,One year,No,Mailed check
1,75.35,75.35,Male,0,Yes,No,Yes,No,Fiber optic,No,No,Yes,No,No,No,Month-to-month,No,Credit card (automatic)
41,24.85,962.25,Female,0,No,No,Yes,Yes,No,No internet service,No internet service,No internet service,No internet service,No internet service,No internet service,One year,Yes,Mailed check
1,20.9,20.9,Female,0,No,No,Yes,No,No,No internet service,No internet service,No internet service,No internet service,No internet service,No internet service,Month-to-month,No,Mailed check
33,109.9,3694.7,Male,1,Yes,No,Yes,Yes,Fiber optic,Yes,No,Yes,Yes,Yes,Yes,Month-to-month,Yes,Bank transfer (automatic)
58,105.05,6004.85,Male,0,Yes,Yes,Yes,Yes,Fiber optic,No,No,Yes,Yes,Yes,Yes,One year,Yes,Bank transfer (automatic)
35,25.6,901.25,Male,0,No,No,Yes,Yes,No,No internet service,No internet service,No internet service,No internet service,No internet service,No internet service,Month-to-month,Yes,Electronic check
14,80.45,1072.0,Female,0,No,No,Yes,Yes,Fiber optic,No,No,Yes,No,No,No,Month-to-month,Yes,Electronic check
5,78.95,378.4,Female,1,No,No,Yes,No,Fiber optic,No,No,No,No,No,Yes,Month-to-month,No,Electronic check
67,19.95,1311.75,Male,0,No,No,Yes,No,No,No internet service,No internet service,No internet service,No internet service,No internet service,No internet service,Two year,No,Bank transfer (automatic)
15,69.5,1071.4,Male,0,Yes,Yes,Yes,No,DSL,No,Yes,Yes,Yes,No,Yes,Month-to-month,Yes,Mailed check
16,20.6,330.25,Male,0,No,No,Yes,No,No,No internet service,No internet service,No internet service,No internet service,No internet service,No internet service,Month-to-month,Yes,Credit card (automatic)
19,103.3,2012.7,Male,0,Yes,Yes,Yes,Yes,Fiber optic,No,No,Yes,Yes,Yes,Yes,Month-to-month,No,Electronic check
72,60.95,4549.05,Male,0,Yes,Yes,No,No phone service,DSL,Yes,No,Yes,Yes,Yes,Yes,Two year,No,Bank transfer (automatic)
59,19.5,1147.85,Male,0,Yes,Yes,Yes,No,No,No internet service,No internet service,No internet service,No internet service,No internet service,No internet service,Two year,No,Mailed check
13,91.1,1135.7,Male,0,No,No,Yes,No,Fiber optic,No,No,No,No,Yes,Yes,Month-to-month,Yes,Electronic check
1,54.65,54.65,Female,0,No,No,Yes,No,DSL,No,No,No,No,Yes,No,Month-to-month,Yes,Electronic check
72,99.9,7251.7,Female,0,Yes,Yes,Yes,Yes,Fiber optic,Yes,Yes,No,Yes,Yes,No,Two year,No,Bank transfer (automatic)
20,94.55,1899.65,Male,1,Yes,No,Yes,Yes,Fiber optic,No,No,No,No,Yes,Yes,Month-to-month,Yes,Electronic check
58,80.65,4807.35,Male,0,No,No,Yes,Yes,Fiber optic,No,No,No,Yes,No,No,Month-to-month,No,Bank transfer (automatic)
4,20.15,91.4,Female,0,Yes,No,Yes,No,No,No internet service,No internet service,No internet service,No internet service,No internet service,No internet service,Month-to-month,No,Electronic check
66,116.25,7862.25,Male,1,Yes,Yes,Yes,Yes,Fiber optic,Yes,Yes,Yes,Yes,Yes,Yes,One year,Yes,Electronic check
14,65.45,937.6,Male,0,Yes,Yes,Yes,No,DSL,Yes,Yes,No,No,Yes,No,Month-to-month,Yes,Electronic check
72,114.55,8306.05,Male,0,Yes,Yes,Yes,Yes,Fiber optic,Yes,Yes,Yes,Yes,Yes,Yes,Two year,No,Bank transfer (automatic)
63,80.3,4995.35,Female,0,No,No,Yes,Yes,DSL,Yes,Yes,Yes,Yes,No,Yes,Two year,Yes,Credit card (automatic)
1,20.65,20.65,Male,0,No,No,Yes,No,No,No internet service,No internet service,No internet service,No internet service,No internet service,No internet service,Month-to-month,No,Electronic check
3,55.1,154.65,Female,0,No,Yes,Yes,No,DSL,Yes,No,No,Yes,No,No,Month-to-month,Yes,Mailed check
8,51.05,415.05,Male,0,Yes,Yes,Yes,No,DSL,No,No,Yes,No,No,No,Month-to-month,Yes,Electronic check
72,95.1,6843.15,Female,0,Yes,Yes,Yes,Yes,Fiber optic,Yes,Yes,No,No,Yes,No,Two year,Yes,Electronic check
35,55.6,2016.45,Female,0,No,Yes,Yes,No,DSL,Yes,Yes,No,No,No,No,One year,No,Credit card (automatic)
26,19.3,504.2,Male,1,No,No,Yes,No,No,No internet service,No internet service,No internet service,No internet service,No internet service,No internet service,One year,No,Credit card (automatic)
54,87.1,4735.2,Male,0,No,No,Yes,Yes,DSL,Yes,No,Yes,Yes,Yes,Yes,Two year,No,Bank transfer (automatic)
66,74.6,4798.4,Male,0,No,No,Yes,Yes,DSL,Yes,Yes,Yes,No,No,Yes,Two year,Yes,Credit card (automatic)
3,19.65,68.35,Male,0,No,No,Yes,No,No,No internet service,No internet service,No internet service,No internet service,No internet service,No internet service,Month-to-month,Yes,Mailed check
72,84.4,6096.45,Female,0,Yes,No,Yes,Yes,DSL,Yes,No,Yes,Yes,Yes,Yes,Two year,Yes,Credit card (automatic)
40,56.6,2379.1,Female,0,Yes,No,Yes,Yes,DSL,No,Yes,No,No,No,No,Month-to-month,No,Credit card (automatic)
61,103.95,6423.0,Female,0,No,No,Yes,Yes,Fiber optic,No,Yes,Yes,No,Yes,Yes,One year,Yes,Electronic check
49,74.45,3721.9,Female,0,No,No,Yes,No,DSL,No,No,Yes,Yes,Yes,Yes,Two year,Yes,Bank transfer (automatic)
0,25.35,0.0,Male,0,Yes,Yes,Yes,Yes,No,No internet service,No internet service,No internet service,No internet service,No internet service,No internet service,Two year,No,Mailed check
71,66.85,4748.7,Male,0,Yes,Yes,Yes,Yes,DSL,Yes,Yes,No,Yes,No,No,One year,Yes,Credit card (automatic)
33,88.6,2888.7,Female,0,Yes,Yes,Yes,Yes,Fiber optic,No,Yes,Yes,Yes,No,No,Month-to-month,No,Credit card (automatic)
23,79.35,1835.3,Female,1,No,No,Yes,Yes,Fiber optic,No,No,Yes,No,No,No,Month-to-month,Yes,Mailed check
26,81.95,2070.05,Female,0,Yes,Yes,Yes,No,Fiber optic,Yes,Yes,No,No,No,No,Month-to-month,No,Electronic check
2,44.6,97.1,Female,0,Yes,No,No,No phone service,DSL,No,No,No,No,Yes,Yes,Month-to-month,No,Electronic check
27,70.55,1943.9,Male,1,Yes,No,Yes,No,Fiber optic,No,No,No,No,No,No,Month-to-month,Yes,Electronic check
1,49.8,49.8,Male,0,No,No,Yes,Yes,DSL,No,No,No,No,No,No,Month-to-month,Yes,Credit card (automatic)
26,60.05,1616.15,Female,0,Yes,Yes,Yes,Yes,DSL,No,Yes,No,Yes,No,No,Month-to-month,Yes,Electronic check
72,105.6,7581.5,Male,0,Yes,No,Yes,Yes,Fiber optic,Yes,Yes,Yes,Yes,No,Yes,Two year,No,Bank transfer (automatic)
1,46.3,46.3,Male,0,No,No,Yes,No,DSL,No,No,No,No,No,No,Month-to-month,No,Mailed check
14,80.45,1137.05,Female,0,Yes,Yes,Yes,Yes,DSL,No,Yes,No,Yes,Yes,Yes,Month-to-month,No,Credit card (automatic)
58,99.25,5846.65,Female,0,Yes,Yes,Yes,No,Fiber optic,Yes,Yes,No,No,Yes,Yes,One year,No,Credit card (automatic)
16,90.7,1374.9,Female,0,Yes,No,Yes,Yes,Fiber optic,Yes,Yes,Yes,No,No,No,Month-to-month,No,Electronic check
62,94.0,5757.2,Female,0,No,No,Yes,Yes,Fiber optic,No,No,No,No,Yes,Yes,One year,Yes,Bank transfer (automatic)
69,81.5,5553.25,Male,0,No,No,Yes,Yes,DSL,Yes,Yes,Yes,Yes,No,Yes,Two year,Yes,Credit card (automatic)
28,105.7,2979.5,Male,0,No,No,Yes,Yes,Fiber optic,No,Yes,Yes,No,Yes,Yes,Month-to-month,Yes,Electronic check
30,70.25,2198.9,Female,0,Yes,No,Yes,No,DSL,No,Yes,Yes,Yes,No,Yes,One year,No,Bank transfer (automatic)
53,73.8,4003.85,Female,1,No,No,Yes,No,Fiber optic,No,Yes,No,No,No,No,Month-to-month,Yes,Credit card (automatic)
12,19.8,202.25,Male,0,Yes,No,Yes,No,No,No internet service,No internet service,No internet service,No internet service,No internet service,No internet service,One year,No,Bank transfer (automatic)
70,80.15,5600.15,Male,0,Yes,Yes,Yes,No,DSL,Yes,Yes,Yes,No,Yes,Yes,Two year,Yes,Credit card (automatic)
29,71.0,2080.1,Female,0,No,No,Yes,Yes,DSL,No,No,No,No,Yes,Yes,One year,Yes,Credit card (automatic)
67,65.65,4322.85,Female,0,Yes,No,Yes,Yes,DSL,Yes,Yes,Yes,No,No,No,Two year,No,Mailed check
72,108.05,7806.6,Female,0,No,No,Yes,Yes,Fiber optic,No,Yes,Yes,Yes,Yes,Yes,Two year,Yes,Credit card (automatic)
59,76.75,4541.9,Male,0,Yes,Yes,Yes,No,DSL,No,Yes,Yes,Yes,Yes,Yes,One year,No,Credit card (automatic)
22,20.05,417.0,Female,1,No,No,Yes,No,No,No internet service,No internet service,No internet service,No internet service,No internet service,No internet service,One year,Yes,Mailed check
53,24.6,1279.0,Male,0,No,No,Yes,Yes,No,No internet service,No internet service,No internet service,No internet service,No internet service,No internet service,Two year,No,Mailed check
2,20.55,33.6,Female,0,No,No,Yes,No,No,No internet service,No internet service,No internet service,No internet service,No internet service,No internet service,Month-to-month,Yes,Mailed check
35,69.15,2490.15,Male,0,Yes,Yes,Yes,Yes,DSL,Yes,Yes,Yes,Yes,No,No,Two year,Yes,Credit card (automatic)
42,54.5,2301.15,Male,0,Yes,Yes,Yes,No,DSL,Yes,Yes,No,No,No,No,Month-to-month,No,Mailed check
21,103.9,2254.2,Female,0,Yes,No,Yes,Yes,Fiber optic,Yes,No,Yes,No,Yes,Yes,Month-to-month,Yes,Electronic check
3,70.3,208.85,Male,0,Yes,No,Yes,No,Fiber optic,No,No,No,No,No,No,Month-to-month,Yes,Electronic check
1,19.5,19.5,Female,0,No,No,Yes,No,No,No internet service,No internet service,No internet service,No internet service,No internet service,No internet service,Month-to-month,No,Mailed check
9,66.25,620.55,Female,0,No,No,Yes,No,DSL,No,Yes,No,Yes,Yes,No,Month-to-month,No,Mailed check
8,29.4,221.9,Male,1,No,No,No,No phone service,DSL,No,No,Yes,No,No,No,Month-to-month,Yes,Electronic check
33,72.75,2447.45,Male,0,Yes,No,Yes,Yes,DSL,Yes,Yes,Yes,No,Yes,No,Month-to-month,Yes,Bank transfer (automatic)
51,86.35,4267.15,Male,0,No,No,Yes,No,Fiber optic,Yes,No,No,No,Yes,No,One year,No,Mailed check
31,54.35,1647.0,Male,0,Yes,Yes,Yes,No,DSL,No,No,Yes,Yes,No,No,Month-to-month,No,Mailed check
54,114.65,6049.5,Female,0,Yes,No,Yes,Yes,Fiber optic,Yes,Yes,Yes,Yes,Yes,Yes,One year,Yes,Mailed check
70,97.65,6982.5,Female,0,Yes,No,Yes,Yes,Fiber optic,No,No,Yes,No,Yes,Yes,One year,Yes,Electronic check
14,19.6,300.4,Male,0,No,No,Yes,No,No,No internet service,No internet service,No internet service,No internet service,No internet service,No internet service,Month-to-month,No,Credit card (automatic)
50,106.8,5347.95,Female,1,No,No,Yes,Yes,Fiber optic,No,Yes,No,Yes,Yes,Yes,One year,Yes,Electronic check
15,20.05,284.3,Female,0,Yes,Yes,Yes,No,No,No internet service,No internet service,No internet service,No internet service,No internet service,No internet service,Month-to-month,No,Mailed check
49,100.6,5069.65,Male,0,No,Yes,Yes,Yes,Fiber optic,No,No,No,Yes,Yes,Yes,One year,Yes,Bank transfer (automatic)
34,70.0,2416.1,Female,0,No,No,Yes,No,Fiber optic,No,No,No,No,No,No,Month-to-month,Yes,Credit card (automatic)
24,54.8,1291.3,Male,1,No,No,Yes,Yes,DSL,No,Yes,No,No,No,No,Month-to-month,No,Credit card (automatic)
13,70.15,931.75,Male,0,No,No,Yes,No,Fiber optic,No,No,No,No,No,No,Month-to-month,Yes,Electronic check
18,54.4,957.1,Female,0,Yes,Yes,Yes,No,DSL,No,No,Yes,Yes,No,No,One year,Yes,Credit card (automatic)
4,20.5,79.05,Female,0,Yes,No,Yes,No,No,No internet service,No internet service,No internet service,No internet service,No internet service,No internet service,One year,No,Bank transfer (automatic)
2,87.15,183.75,Female,0,No,No,Yes,No,Fiber optic,No,Yes,No,No,Yes,No,Month-to-month,Yes,Bank transfer (automatic)
63,19.55,1245.6,Male,0,Yes,Yes,Yes,No,No,No internet service,No internet service,No internet service,No internet service,No internet service,No internet service,Two year,No,Mailed check
21,79.2,1742.45,Female,0,Yes,No,Yes,No,Fiber optic,No,No,Yes,Yes,No,No,One year,No,Electronic check
65,92.7,5968.4,Male,1,Yes,No,Yes,Yes,Fiber optic,Yes,Yes,No,No,Yes,No,Two year,Yes,Credit card (automatic)
3,99.0,287.4,Female,0,No,No,Yes,No,Fiber optic,Yes,No,Yes,No,Yes,Yes,Month-to-month,Yes,Credit card (automatic)
72,109.55,7920.7,Male,1,Yes,No,Yes,Yes,Fiber optic,Yes,Yes,Yes,No,Yes,Yes,Two year,Yes,Bank transfer (automatic)
59,54.15,3116.15,Male,0,No,No,Yes,Yes,DSL,No,No,Yes,No,No,No,Two year,No,Credit card (automatic)
3,80.4,224.05,Female,1,Yes,No,Yes,No,Fiber optic,No,No,No,No,Yes,No,Month-to-month,Yes,Electronic check
1,49.3,49.3,Male,0,No,No,Yes,No,DSL,No,No,No,Yes,No,No,Month-to-month,Yes,Electronic check
3,29.8,94.4,Male,0,Yes,No,No,No phone service,DSL,No,Yes,No,No,No,No,Month-to-month,No,Credit card (automatic)
68,88.85,6132.7,Male,0,Yes,Yes,Yes,Yes,DSL,Yes,Yes,Yes,Yes,Yes,Yes,Two year,Yes,Credit card (automatic)
70,88.55,6306.5,Male,1,Yes,No,Yes,Yes,DSL,Yes,Yes,Yes,Yes,Yes,Yes,Two year,Yes,Credit card (automatic)
18,19.0,348.8,Male,0,No,No,Yes,No,No,No internet service,No internet service,No internet service,No internet service,No internet service,No internet service,Month-to-month,No,Electronic check
58,25.15,1509.9,Female,0,Yes,Yes,Yes,Yes,No,No internet service,No internet service,No internet service,No internet service,No internet service,No internet service,Two year,No,Credit card (automatic)
69,110.55,7610.1,Male,1,Yes,No,Yes,Yes,Fiber optic,Yes,No,Yes,Yes,Yes,Yes,One year,Yes,Mailed check
53,62.85,3419.5,Male,0,No,Yes,Yes,No,DSL,Yes,Yes,No,Yes,No,No,One year,No,Credit card (automatic)
7,20.75,141.1,Male,0,No,No,Yes,No,No,No internet service,No internet service,No internet service,No internet service,No internet service,No internet service,Month-to-month,No,Mailed check
55,90.15,4916.95,Female,0,Yes,No,Yes,Yes,DSL,Yes,Yes,Yes,Yes,Yes,Yes,One year,Yes,Electronic check
18,19.65,411.25,Male,0,No,No,Yes,No,No,No internet service,No internet service,No internet service,No internet service,No internet service,No internet service,One year,No,Mailed check
7,29.8,201.95,Female,0,No,Yes,No,No phone service,DSL,Yes,No,No,No,No,No,Month-to-month,No,Mailed check
24,24.6,592.65,Male,0,No,No,Yes,Yes,No,No internet service,No internet service,No internet service,No internet service,No internet service,No internet service,One year,No,Electronic check
14,19.35,324.8,Male,0,No,No,Yes,No,No,No internet service,No internet service,No internet service,No internet service,No internet service,No internet service,One year,No,Mailed check
42,84.35,3571.6,Female,0,Yes,No,Yes,Yes,DSL,Yes,No,Yes,Yes,Yes,Yes,Two year,No,Credit card (automatic)
14,51.45,727.85,Female,0,No,No,Yes,No,DSL,No,Yes,No,No,No,No,One year,No,Credit card (automatic)
25,20.05,471.7,Female,0,No,Yes,Yes,No,No,No internet service,No internet service,No internet service,No internet service,No internet service,No internet service,Month-to-month,No,Credit card (automatic)
1,25.25,25.25,Female,0,No,No,No,No phone service,DSL,No,No,No,No,No,No,Month-to-month,No,Electronic check
66,54.65,3632.0,Male,0,Yes,Yes,No,No phone service,DSL,No,No,Yes,Yes,Yes,Yes,Two year,No,Bank transfer (automatic)
4,78.85,292.8,Female,1,No,No,Yes,No,Fiber optic,No,No,No,No,Yes,No,Month-to-month,Yes,Electronic check
18,84.95,1443.65,Female,1,No,No,Yes,No,Fiber optic,No,No,Yes,No,No,Yes,Month-to-month,Yes,Electronic check
72,101.35,7323.15,Female,0,Yes,No,Yes,Yes,Fiber optic,No,Yes,Yes,No,Yes,Yes,One year,Yes,Electronic check
72,65.2,4784.45,Female,0,Yes,Yes,No,No phone service,DSL,Yes,Yes,Yes,Yes,Yes,Yes,Two year,Yes,Credit card (automatic)
26,79.3,2015.8,Female,0,Yes,No,Yes,Yes,Fiber optic,No,Yes,No,No,No,No,Month-to-month,No,Bank transfer (automatic)
10,34.7,329.8,Female,1,No,No,No,No phone service,DSL,No,No,No,No,No,Yes,Month-to-month,Yes,Electronic check
72,25.0,1802.55,Male,1,Yes,No,Yes,Yes,No,No internet service,No internet service,No internet service,No internet service,No internet service,No internet service,Two year,Yes,Bank transfer (automatic)
23,19.6,426.65,Male,0,Yes,Yes,Yes,No,No,No internet service,No internet service,No internet service,No internet service,No internet service,No internet service,Two year,No,Credit card (automatic)
30,25.35,723.3,Male,0,No,Yes,Yes,Yes,No,No internet service,No internet service,No internet service,No internet service,No internet service,No internet service,One year,No,Bank transfer (automatic)
9,83.3,803.3,Female,0,No,No,Yes,Yes,Fiber optic,No,No,No,No,No,Yes,Month-to-month,Yes,Electronic check
19,95.15,1789.25,Female,0,No,No,Yes,Yes,Fiber optic,Yes,Yes,No,No,No,Yes,Month-to-month,Yes,Electronic check
6,26.35,184.05,Male,0,No,Yes,Yes,Yes,No,No internet service,No internet service,No internet service,No internet service,No internet service,No internet service,Month-to-month,No,Mailed check
44,84.8,3862.55,Female,0,No,No,Yes,Yes,Fiber optic,No,Yes,Yes,No,No,No,Month-to-month,Yes,Bank transfer (automatic)
13,88.35,1222.8,Female,0,Yes,Yes,Yes,No,Fiber optic,No,No,No,No,Yes,Yes,Month-to-month,No,Electronic check
10,59.65,638.95,Male,0,No,No,Yes,No,DSL,No,Yes,No,No,Yes,No,Month-to-month,Yes,Mailed check
10,89.5,863.1,Male,0,No,No,Yes,No,Fiber optic,No,No,No,No,Yes,Yes,Month-to-month,Yes,Electronic check
57,89.55,5012.35,Male,0,No,Yes,Yes,Yes,DSL,Yes,Yes,Yes,Yes,Yes,Yes,Two year,No,Mailed check
12,21.15,306.05,Male,0,Yes,Yes,Yes,No,No,No internet service,No internet service,No internet service,No internet service,No internet service,No internet service,Month-to-month,Yes,Electronic check
42,20.0,833.55,Female,0,Yes,Yes,Yes,No,No,No internet service,No internet service,No internet service,No internet service,No internet service,No internet service,Two year,No,Mailed check
68,90.2,6297.65,Female,0,Yes,No,Yes,Yes,Fiber optic,No,Yes,Yes,Yes,No,No,Two year,No,Credit card (automatic)
65,110.8,7245.9,Female,0,Yes,Yes,Yes,Yes,Fiber optic,No,Yes,Yes,Yes,Yes,Yes,Two year,Yes,Credit card (automatic)
45,81.4,3775.85,Male,0,Yes,No,Yes,Yes,Fiber optic,No,Yes,No,No,No,No,Month-to-month,No,Bank transfer (automatic)
70,80.7,5617.95,Female,0,Yes,Yes,Yes,Yes,DSL,Yes,Yes,Yes,Yes,Yes,No,Two year,No,Electronic check
35,25.75,882.55,Female,0,Yes,Yes,Yes,Yes,No,No internet service,No internet service,No internet service,No internet service,No internet service,No internet service,Month-to-month,Yes,Electronic check
70,86.45,5950.2,Female,0,Yes,No,Yes,No,DSL,Yes,Yes,Yes,Yes,Yes,Yes,Two year,No,Credit card (automatic)
23,90.0,2024.1,Male,1,Yes,No,Yes,No,Fiber optic,Yes,Yes,No,No,No,Yes,Month-to-month,Yes,Electronic check
37,20.35,697.65,Male,0,Yes,No,Yes,No,No,No internet service,No internet service,No internet service,No internet service,No internet service,No internet service,Month-to-month,No,Bank transfer (automatic)
1,69.1,69.1,Male,1,No,No,Yes,No,Fiber optic,No,No,No,No,No,No,Month-to-month,No,Electronic check
39,81.5,3107.3,Female,0,Yes,Yes,Yes,No,Fiber optic,No,No,Yes,Yes,No,No,Month-to-month,Yes,Bank transfer (automatic)
10,34.55,362.6,Male,1,Yes,Yes,No,No phone service,DSL,No,No,No,No,No,Yes,Month-to-month,Yes,Bank transfer (automatic)
28,35.9,973.65,Female,1,Yes,Yes,No,No phone service,DSL,No,No,No,No,Yes,No,Month-to-month,Yes,Electronic check
62,106.05,6703.5,Female,0,Yes,Yes,Yes,Yes,Fiber optic,No,Yes,No,Yes,Yes,Yes,One year,Yes,Credit card (automatic)
2,95.5,181.65,Male,1,Yes,No,Yes,No,Fiber optic,No,No,Yes,No,Yes,Yes,Month-to-month,Yes,Credit card (automatic)
5,96.1,453.4,Male,0,No,No,Yes,No,Fiber optic,No,No,No,Yes,Yes,Yes,Month-to-month,Yes,Electronic check
23,19.5,470.2,Female,0,No,No,Yes,No,No,No internet service,No internet service,No internet service,No internet service,No internet service,No internet service,Month-to-month,Yes,Mailed check
15,101.1,1504.05,Male,0,Yes,No,Yes,Yes,Fiber optic,No,No,Yes,No,Yes,Yes,Month-to-month,Yes,Electronic check
0,19.85,0.0,Male,0,Yes,Yes,Yes,No,No,No internet service,No internet service,No internet service,No internet service,No internet service,No internet service,Two year,No,Mailed check
72,115.6,8220.4,Female,0,Yes,Yes,Yes,Yes,Fiber optic,Yes,Yes,Yes,Yes,Yes,Yes,Two year,Yes,Bank transfer (automatic)
69,79.45,5502.55,Male,0,No,Yes,Yes,Yes,DSL,Yes,Yes,Yes,Yes,Yes,No,Two year,Yes,Credit card (automatic)
70,97.55,6669.05,Male,0,Yes,Yes,Yes,Yes,Fiber optic,Yes,Yes,No,No,Yes,No,Month-to-month,Yes,Credit card (automatic)
1,19.7,19.7,Male,0,No,No,Yes,No,No,No internet service,No internet service,No internet service,No internet service,No internet service,No internet service,Month-to-month,No,Mailed check
17,19.15,343.45,Male,0,No,No,Yes,No,No,No internet service,No internet service,No internet service,No internet service,No internet service,No internet service,Two year,No,Mailed check
5,82.75,417.75,Female,0,No,No,Yes,Yes,Fiber optic,No,No,Yes,Yes,No,No,Month-to-month,Yes,Electronic check
9,89.45,853.1,Female,0,Yes,No,Yes,No,Fiber optic,No,No,No,No,Yes,Yes,Month-to-month,No,Electronic check
19,87.7,1725.95,Male,0,No,No,Yes,No,Fiber optic,No,No,No,Yes,No,Yes,One year,Yes,Credit card (automatic)
6,79.05,434.5,Female,0,No,No,Yes,Yes,Fiber optic,Yes,No,No,No,No,No,Month-to-month,Yes,Electronic check
41,80.55,3263.9,Female,0,No,No,Yes,Yes,DSL,No,Yes,Yes,No,Yes,Yes,One year,Yes,Electronic check
1,73.65,73.65,Male,1,No,No,Yes,Yes,Fiber optic,No,No,No,No,No,No,Month-to-month,Yes,Electronic check
68,86.5,5882.75,Male,0,No,Yes,Yes,Yes,DSL,Yes,Yes,No,Yes,Yes,Yes,Two year,Yes,Bank transfer (automatic)
5,20.5,104.3,Female,0,No,No,Yes,No,No,No internet service,No internet service,No internet service,No internet service,No internet service,No internet service,Month-to-month,Yes,Mailed check
52,111.25,5916.45,Female,0,No,No,Yes,Yes,Fiber optic,Yes,Yes,No,Yes,Yes,Yes,One year,Yes,Credit card (automatic)
72,109.55,7887.25,Female,0,Yes,Yes,Yes,Yes,Fiber optic,Yes,Yes,Yes,No,Yes,Yes,Two year,No,Credit card (automatic)
50,70.35,3454.6,Male,1,No,No,Yes,Yes,DSL,Yes,Yes,No,No,Yes,No,Month-to-month,Yes,Bank transfer (automatic)
16,63.05,1067.05,Female,0,No,No,Yes,Yes,DSL,No,No,No,No,No,Yes,Month-to-month,Yes,Bank transfer (automatic)
72,97.0,7104.2,Female,0,Yes,No,Yes,Yes,Fiber optic,Yes,Yes,Yes,Yes,No,No,Two year,Yes,Bank transfer (automatic)
2,73.55,145.4,Female,0,Yes,Yes,Yes,No,Fiber optic,No,Yes,No,No,No,No,Month-to-month,Yes,Bank transfer (automatic)
56,99.8,5515.45,Female,0,Yes,Yes,Yes,Yes,Fiber optic,No,No,Yes,No,Yes,Yes,One year,Yes,Credit card (automatic)
53,104.05,5566.4,Female,0,Yes,Yes,Yes,Yes,Fiber optic,Yes,Yes,Yes,Yes,No,Yes,Two year,Yes,Bank transfer (automatic)
1,76.0,76.0,Female,0,No,No,Yes,Yes,Fiber optic,No,No,No,No,No,No,Month-to-month,No,Electronic check
67,86.15,5883.85,Female,0,Yes,No,Yes,Yes,DSL,No,Yes,Yes,Yes,Yes,Yes,Two year,No,Bank transfer (automatic)
67,65.55,4361.55,Male,0,No,No,Yes,No,DSL,Yes,No,Yes,No,No,Yes,Two year,No,Bank transfer (automatic)
71,73.35,5154.5,Male,0,Yes,Yes,Yes,No,DSL,No,Yes,No,Yes,Yes,Yes,Two year,Yes,Credit card (automatic)
48,91.05,4370.75,Male,1,Yes,No,Yes,Yes,Fiber optic,No,No,Yes,No,No,Yes,Month-to-month,Yes,Credit card (automatic)
27,19.4,529.8,Male,0,No,No,Yes,No,No,No internet service,No internet service,No internet service,No internet service,No internet service,No internet service,Month-to-month,Yes,Electronic check
1,90.85,90.85,Male,0,No,Yes,Yes,No,Fiber optic,No,No,No,No,Yes,Yes,Month-to-month,Yes,Electronic check
61,82.15,4904.85,Male,1,Yes,No,Yes,Yes,Fiber optic,No,Yes,No,No,No,No,Month-to-month,Yes,Electronic check
35,73.0,2471.25,Male,1,No,No,Yes,No,DSL,No,No,Yes,Yes,Yes,Yes,One year,Yes,Electronic check
1,40.2,40.2,Male,1,Yes,No,No,No phone service,DSL,No,Yes,No,No,Yes,No,Month-to-month,No,Electronic check
52,66.25,3330.1,Female,0,Yes,No,No,No phone service,DSL,Yes,Yes,Yes,Yes,Yes,Yes,Two year,No,Credit card (automatic)
44,85.15,3670.5,Female,1,Yes,No,Yes,No,Fiber optic,Yes,Yes,No,Yes,No,No,Month-to-month,Yes,Electronic check
44,53.95,2375.4,Male,0,No,No,No,No phone service,DSL,No,Yes,Yes,No,Yes,Yes,One year,Yes,Mailed check
41,86.2,3339.05,Female,0,Yes,No,Yes,No,Fiber optic,No,Yes,Yes,Yes,No,No,One year,Yes,Bank transfer (automatic)
57,95.25,5464.65,Female,0,No,No,Yes,No,Fiber optic,No,No,Yes,No,Yes,Yes,Two year,Yes,Electronic check
18,99.75,1836.25,Female,1,Yes,No,Yes,Yes,Fiber optic,No,No,No,Yes,Yes,Yes,Month-to-month,No,Bank transfer (automatic)
9,59.9,542.4,Male,0,No,No,Yes,Yes,DSL,No,No,No,No,No,Yes,Month-to-month,No,Mailed check
35,53.15,1930.9,Male,0,Yes,No,No,No phone service,DSL,Yes,No,Yes,No,Yes,Yes,One year,No,Credit card (automatic)
1,79.6,79.6,Male,0,No,No,Yes,No,Fiber optic,No,No,No,No,No,Yes,Month-to-month,No,Electronic check
1,83.4,83.4,Female,0,No,No,Yes,No,Fiber optic,Yes,Yes,No,Yes,No,No,Month-to-month,Yes,Mailed check
58,105.2,6225.4,Female,0,Yes,Yes,Yes,Yes,Fiber optic,No,Yes,Yes,No,Yes,Yes,One year,Yes,Credit card (automatic)
26,80.5,2088.8,Male,0,No,No,Yes,Yes,Fiber optic,No,No,No,Yes,No,No,Month-to-month,Yes,Electronic check
17,91.85,1574.45,Female,0,Yes,Yes,Yes,No,Fiber optic,Yes,No,No,Yes,Yes,No,Month-to-month,No,Electronic check
9,48.75,442.2,Female,0,Yes,No,No,No phone service,DSL,No,No,Yes,No,Yes,Yes,Month-to-month,Yes,Electronic check
49,90.4,4494.65,Male,0,Yes,Yes,Yes,No,Fiber optic,No,Yes,Yes,No,Yes,No,Month-to-month,Yes,Credit card (automatic)
15,103.45,1539.8,Male,0,Yes,No,Yes,Yes,Fiber optic,No,No,Yes,Yes,Yes,Yes,Month-to-month,Yes,Electronic check
6,89.25,487.05,Female,0,No,No,Yes,No,Fiber optic,No,No,Yes,Yes,No,Yes,Month-to-month,Yes,Electronic check
13,70.45,849.1,Male,1,Yes,No,Yes,No,Fiber optic,No,No,No,No,No,No,Month-to-month,No,Bank transfer (automatic)
64,19.8,1336.65,Female,0,Yes,Yes,Yes,No,No,No internet service,No internet service,No internet service,No internet service,No internet service,No internet service,One year,No,Bank transfer (automatic)
72,85.3,6129.2,Female,0,Yes,Yes,Yes,No,DSL,Yes,Yes,Yes,Yes,Yes,Yes,Two year,No,Bank transfer (automatic)
63,99.7,6330.4,Male,0,Yes,No,Yes,No,Fiber optic,Yes,No,Yes,No,Yes,Yes,Two year,No,Credit card (automatic)
1,76.2,76.2,Male,0,Yes,No,Yes,No,Fiber optic,No,No,Yes,No,No,No,Month-to-month,No,Electronic check
70,111.15,7737.55,Female,0,No,No,Yes,Yes,Fiber optic,Yes,Yes,Yes,No,Yes,Yes,Two year,Yes,Mailed check
36,104.5,3684.95,Female,0,Yes,Yes,Yes,Yes,Fiber optic,Yes,No,Yes,No,Yes,Yes,Month-to-month,Yes,Credit card (automatic)
63,81.55,5029.05,Female,0,Yes,No,Yes,Yes,Fiber optic,No,Yes,No,No,No,No,Month-to-month,Yes,Bank transfer (automatic)
70,24.25,1724.15,Male,0,Yes,No,Yes,Yes,No,No internet service,No internet service,No internet service,No internet service,No internet service,No internet service,Two year,No,Bank transfer (automatic)
18,35.0,553.0,Female,0,No,Yes,No,No phone service,DSL,No,No,No,No,No,Yes,Month-to-month,Yes,Electronic check
29,39.5,1082.75,Female,0,No,No,No,No phone service,DSL,Yes,Yes,No,Yes,No,No,One year,No,Credit card (automatic)
36,95.0,3440.25,Male,0,Yes,No,Yes,Yes,Fiber optic,No,No,No,No,Yes,Yes,Month-to-month,Yes,Bank transfer (automatic)
30,85.15,2555.9,Female,0,No,No,Yes,No,Fiber optic,No,No,No,Yes,Yes,No,Month-to-month,No,Electronic check
61,69.9,4226.7,Male,0,Yes,No,Yes,Yes,DSL,Yes,No,Yes,No,No,Yes,Two year,Yes,Mailed check
12,19.35,212.3,Male,0,No,Yes,Yes,No,No,No internet service,No internet service,No internet service,No internet service,No internet service,No internet service,Two year,No,Bank transfer (automatic)
68,54.45,3674.95,Female,0,No,No,Yes,No,DSL,Yes,No,Yes,No,No,No,One year,Yes,Credit card (automatic)
1,45.3,45.3,Female,0,No,No,Yes,No,DSL,No,No,No,No,No,No,Month-to-month,Yes,Electronic check
34,105.35,3688.6,Female,0,No,Yes,Yes,No,Fiber optic,Yes,Yes,Yes,No,Yes,Yes,Month-to-month,Yes,Bank transfer (automatic)
50,103.85,5017.9,Male,0,Yes,Yes,Yes,Yes,Fiber optic,No,Yes,Yes,No,Yes,Yes,Month-to-month,Yes,Bank transfer (automatic)
20,82.4,1592.35,Female,0,Yes,No,Yes,Yes,Fiber optic,Yes,No,No,No,No,No,Month-to-month,No,Electronic check
63,100.55,6215.35,Female,0,Yes,Yes,Yes,Yes,Fiber optic,Yes,Yes,Yes,No,Yes,No,Month-to-month,Yes,Electronic check
72,90.35,6563.4,Female,0,Yes,Yes,Yes,Yes,Fiber optic,Yes,Yes,No,Yes,No,No,Two year,Yes,Bank transfer (automatic)
60,116.05,6925.9,Female,1,Yes,No,Yes,Yes,Fiber optic,Yes,Yes,Yes,Yes,Yes,Yes,Two year,Yes,Bank transfer (automatic)
40,84.9,3369.05,Male,0,No,No,Yes,Yes,Fiber optic,No,No,No,No,Yes,No,Month-to-month,Yes,Electronic check
22,56.75,1304.85,Male,0,No,No,No,No phone service,DSL,No,No,Yes,Yes,Yes,Yes,Two year,No,Bank transfer (automatic)
53,97.75,5043.2,Male,0,Yes,No,Yes,Yes,Fiber optic,No,Yes,No,Yes,No,Yes,One year,No,Bank transfer (automatic)
70,48.4,3442.8,Male,0,No,No,No,No phone service,DSL,Yes,No,Yes,Yes,No,Yes,Two year,No,Bank transfer (automatic)
46,19.75,856.5,Male,0,Yes,Yes,Yes,No,No,No internet service,No internet service,No internet service,No internet service,No internet service,No internet service,Two year,No,Credit card (automatic)
59,19.5,1222.65,Female,0,Yes,Yes,Yes,No,No,No internet service,No internet service,No internet service,No internet service,No internet service,No internet service,Two year,No,Credit card (automatic)
2,51.55,106.2,Female,0,No,Yes,Yes,No,DSL,No,Yes,No,No,No,No,Month-to-month,No,Mailed check
42,84.3,3588.4,Female,0,Yes,No,Yes,Yes,Fiber optic,No,No,Yes,Yes,No,No,Month-to-month,Yes,Electronic check
56,86.4,4922.4,Male,0,No,No,Yes,Yes,Fiber optic,Yes,Yes,No,No,No,No,Month-to-month,Yes,Electronic check
12,19.4,198.1,Female,0,Yes,Yes,Yes,No,No,No internet service,No internet service,No internet service,No internet service,No internet service,No internet service,Month-to-month,No,Bank transfer (automatic)
12,69.85,837.5,Male,0,No,Yes,Yes,No,DSL,Yes,No,No,No,Yes,Yes,Month-to-month,Yes,Mailed check
21,60.05,1236.15,Male,1,No,No,Yes,No,DSL,No,No,Yes,No,Yes,No,Month-to-month,Yes,Bank transfer (automatic)
72,89.75,6595.9,Female,0,Yes,Yes,Yes,Yes,DSL,Yes,Yes,Yes,Yes,Yes,Yes,Two year,No,Credit card (automatic)
61,115.1,6993.65,Female,0,No,No,Yes,Yes,Fiber optic,Yes,Yes,Yes,Yes,Yes,Yes,One year,Yes,Mailed check
42,20.7,828.85,Male,0,Yes,Yes,Yes,No,No,No internet service,No internet service,No internet service,No internet service,No internet service,No internet service,Two year,No,Mailed check
9,95.5,829.1,Male,0,No,No,Yes,Yes,Fiber optic,No,No,No,No,Yes,Yes,Month-to-month,Yes,Electronic check
49,43.8,2106.05,Female,1,No,No,Yes,No,DSL,No,No,No,No,No,No,Month-to-month,No,Mailed check
72,99.15,7422.1,Male,0,Yes,No,Yes,Yes,Fiber optic,Yes,Yes,Yes,No,No,Yes,Two year,Yes,Electronic check
54,109.75,6110.2,Male,0,Yes,No,Yes,No,Fiber optic,Yes,Yes,Yes,Yes,Yes,Yes,Two year,No,Bank transfer (automatic)
48,82.05,4029.95,Female,0,Yes,Yes,Yes,Yes,Fiber optic,No,No,No,No,No,Yes,One year,Yes,Mailed check
7,79.3,523.15,Female,0,No,No,Yes,No,Fiber optic,No,No,No,No,No,Yes,Month-to-month,Yes,Electronic check
68,70.8,4859.95,Male,0,Yes,Yes,Yes,Yes,DSL,No,Yes,No,Yes,No,Yes,Two year,No,Credit card (automatic)
1,70.15,70.15,Female,0,No,No,Yes,No,Fiber optic,No,No,No,No,No,No,Month-to-month,Yes,Mailed check
8,105.5,829.55,Female,1,No,No,Yes,Yes,Fiber optic,No,Yes,Yes,No,Yes,Yes,Month-to-month,Yes,Electronic check
65,111.05,7107.0,Female,0,No,No,Yes,Yes,Fiber optic,Yes,Yes,Yes,No,Yes,Yes,Month-to-month,Yes,Credit card (automatic)
2,54.85,104.2,Female,1,No,No,Yes,No,DSL,Yes,Yes,No,No,No,No,Month-to-month,No,Mailed check
54,60.0,3273.95,Female,0,Yes,Yes,Yes,Yes,DSL,Yes,No,No,Yes,No,No,Two year,No,Bank transfer (automatic)
55,19.1,1001.5,Male,0,No,Yes,Yes,No,No,No internet service,No internet service,No internet service,No internet service,No internet service,No internet service,One year,No,Bank transfer (automatic)
4,99.6,347.65,Female,1,Yes,No,Yes,Yes,Fiber optic,Yes,No,No,No,Yes,Yes,Month-to-month,Yes,Electronic check
17,70.4,1214.05,Male,0,Yes,No,Yes,No,Fiber optic,No,No,No,No,No,No,Month-to-month,Yes,Bank transfer (automatic)
1,55.0,55.0,Male,0,No,No,Yes,No,DSL,No,No,No,No,No,Yes,Month-to-month,Yes,Electronic check
12,89.4,1095.65,Female,0,No,No,Yes,No,Fiber optic,No,No,Yes,Yes,No,Yes,Month-to-month,Yes,Electronic check
10,54.95,568.85,Male,0,Yes,No,Yes,No,DSL,Yes,No,No,Yes,No,No,Month-to-month,Yes,Credit card (automatic)
16,20.25,327.45,Male,0,No,No,Yes,No,No,No internet service,No internet service,No internet service,No internet service,No internet service,No internet service,Month-to-month,No,Bank transfer (automatic)
13,66.4,831.75,Male,0,No,Yes,Yes,No,DSL,No,No,No,No,Yes,Yes,Month-to-month,No,Credit card (automatic)
4,101.7,364.55,Male,0,No,Yes,Yes,Yes,Fiber optic,No,Yes,No,No,Yes,Yes,Month-to-month,Yes,Electronic check
7,20.05,164.85,Female,0,No,No,Yes,No,No,No internet service,No internet service,No internet service,No internet service,No internet service,No internet service,Month-to-month,No,Mailed check
66,107.35,7051.95,Male,1,Yes,No,Yes,Yes,Fiber optic,No,Yes,Yes,Yes,Yes,Yes,One year,Yes,Bank transfer (automatic)
6,49.65,267.35,Female,0,No,No,Yes,No,DSL,No,No,No,Yes,No,No,Month-to-month,Yes,Bank transfer (automatic)
11,34.7,383.55,Male,0,No,No,No,No phone service,DSL,No,Yes,Yes,No,No,No,Month-to-month,No,Mailed check
26,35.75,1022.5,Male,0,No,No,No,No phone service,DSL,No,No,Yes,Yes,No,No,Month-to-month,No,Electronic check
65,26.5,1698.55,Female,0,No,No,Yes,Yes,No,No internet service,No internet service,No internet service,No internet service,No internet service,No internet service,Two year,No,Bank transfer (automatic)
1,43.8,43.8,Female,0,No,No,Yes,No,DSL,No,No,No,No,No,No,Month-to-month,No,Electronic check
6,89.75,552.65,Female,0,No,No,Yes,Yes,Fiber optic,No,Yes,No,No,Yes,No,Month-to-month,Yes,Electronic check
55,51.65,2838.55,Female,1,Yes,No,Yes,Yes,DSL,No,No,No,No,No,No,Month-to-month,No,Bank transfer (automatic)
1,36.45,36.45,Female,1,No,No,No,No phone service,DSL,No,No,No,No,Yes,No,Month-to-month,Yes,Electronic check
18,25.55,467.85,Male,0,Yes,Yes,No,No phone service,DSL,No,No,No,No,No,No,Month-to-month,No,Credit card (automatic)
70,25.15,1790.15,Male,0,Yes,Yes,Yes,Yes,No,No internet service,No internet service,No internet service,No internet service,No internet service,No internet service,Two year,No,Credit card (automatic)
72,109.15,7789.6,Female,0,Yes,No,Yes,Yes,Fiber optic,No,Yes,Yes,Yes,Yes,Yes,One year,No,Credit card (automatic)
71,80.7,5705.05,Female,0,Yes,No,Yes,No,DSL,No,Yes,Yes,Yes,Yes,Yes,Two year,Yes,Credit card (automatic)
18,80.55,1411.65,Male,1,No,No,Yes,Yes,Fiber optic,No,Yes,No,No,No,No,Month-to-month,Yes,Credit card (automatic)
56,24.45,1431.65,Male,0,Yes,Yes,Yes,Yes,No,No internet service,No internet service,No internet service,No internet service,No internet service,No internet service,One year,Yes,Mailed check
1,90.1,90.1,Male,0,Yes,Yes,Yes,No,Fiber optic,No,No,No,No,Yes,Yes,Month-to-month,Yes,Electronic check
69,23.95,1713.1,Male,0,No,No,Yes,Yes,No,No internet service,No internet service,No internet service,No internet service,No internet service,No internet service,Two year,No,Bank transfer (automatic)
16,73.25,1195.75,Female,0,Yes,Yes,Yes,No,Fiber optic,No,Yes,No,No,No,No,Month-to-month,No,Bank transfer (automatic)
35,59.6,2094.9,Male,0,No,No,Yes,Yes,DSL,Yes,No,Yes,No,No,No,Month-to-month,Yes,Electronic check
1,20.45,20.45,Male,0,No,No,Yes,No,No,No internet service,No internet service,No internet service,No internet service,No internet service,No internet service,Month-to-month,Yes,Mailed check
1,19.45,19.45,Male,0,No,Yes,Yes,No,No,No internet service,No internet service,No internet service,No internet service,No internet service,No internet service,Month-to-month,Yes,Mailed check
2,70.4,154.8,Female,0,Yes,No,Yes,No,Fiber optic,No,No,No,No,No,No,Month-to-month,Yes,Credit card (automatic)
60,60.8,3603.45,Female,0,Yes,No,No,No phone service,DSL,No,Yes,Yes,Yes,Yes,Yes,Two year,No,Credit card (automatic)
68,56.4,3948.45,Male,0,Yes,Yes,No,No phone service,DSL,Yes,Yes,Yes,Yes,No,Yes,Two year,Yes,Mailed check
27,19.15,537.35,Male,0,No,Yes,Yes,No,No,No internet service,No internet service,No internet service,No internet service,No internet service,No internet service,Month-to-month,No,Mailed check
44,61.5,2722.2,Female,0,Yes,No,Yes,No,DSL,Yes,Yes,Yes,No,No,No,One year,Yes,Mailed check
13,95.05,1290.0,Female,1,No,No,Yes,Yes,Fiber optic,No,No,No,No,Yes,Yes,Month-to-month,Yes,Electronic check
56,21.2,1238.65,Male,0,No,Yes,Yes,No,No,No internet service,No internet service,No internet service,No internet service,No internet service,No internet service,One year,Yes,Mailed check
27,95.6,2595.25,Female,0,No,No,Yes,Yes,Fiber optic,No,No,No,No,Yes,Yes,Month-to-month,Yes,Bank transfer (automatic)
42,67.7,2882.25,Female,0,No,No,Yes,No,DSL,Yes,Yes,No,Yes,No,Yes,One year,Yes,Mailed check
1,71.1,71.1,Female,0,No,No,Yes,No,Fiber optic,No,No,No,No,No,No,Month-to-month,No,Mailed check
15,49.1,679.55,Female,0,No,No,Yes,Yes,DSL,No,No,No,No,No,No,Month-to-month,Yes,Electronic check
19,84.75,1651.95,Male,0,No,No,Yes,Yes,Fiber optic,Yes,No,Yes,No,No,No,Month-to-month,Yes,Electronic check
10,62.25,612.95,Male,0,No,No,Yes,No,DSL,Yes,No,No,Yes,Yes,No,Month-to-month,No,Bank transfer (automatic)
1,69.9,69.9,Male,0,No,No,Yes,No,Fiber optic,No,No,No,No,No,No,Month-to-month,Yes,Electronic check
5,81.0,389.6,Female,0,No,No,Yes,No,Fiber optic,No,No,No,No,Yes,No,Month-to-month,Yes,Credit card (automatic)
21,54.6,1125.2,Male,0,Yes,No,Yes,No,DSL,No,No,No,No,Yes,No,Month-to-month,No,Bank transfer (automatic)
8,75.6,535.55,Female,0,No,No,Yes,No,Fiber optic,No,Yes,No,No,No,No,Month-to-month,No,Electronic check
72,106.1,7848.5,Male,0,Yes,Yes,Yes,Yes,Fiber optic,Yes,No,Yes,No,Yes,Yes,One year,Yes,Bank transfer (automatic)
17,70.5,1165.6,Female,0,No,No,Yes,No,Fiber optic,No,No,No,No,No,No,Month-to-month,No,Bank transfer (automatic)
27,20.25,538.2,Female,0,No,No,Yes,No,No,No internet service,No internet service,No internet service,No internet service,No internet service,No internet service,Two year,Yes,Bank transfer (automatic)
22,49.45,1031.4,Female,0,No,Yes,No,No phone service,DSL,No,No,Yes,No,Yes,Yes,One year,Yes,Credit card (automatic)
4,81.0,340.85,Male,0,No,No,Yes,No,Fiber optic,No,No,No,No,Yes,No,Month-to-month,Yes,Electronic check
9,24.1,259.8,Male,0,Yes,No,No,No phone service,DSL,No,No,No,No,No,No,One year,No,Bank transfer (automatic)
66,65.7,4378.9,Male,0,No,Yes,Yes,Yes,DSL,Yes,Yes,No,Yes,No,No,Two year,No,Bank transfer (automatic)
35,89.65,3161.6,Male,0,Yes,Yes,Yes,Yes,Fiber optic,No,Yes,No,No,Yes,No,Month-to-month,Yes,Bank transfer (automatic)
16,20.5,290.55,Male,0,Yes,Yes,Yes,No,No,No internet service,No internet service,No internet service,No internet service,No internet service,No internet service,Two year,No,Mailed check
19,56.1,1033.9,Female,0,No,No,Yes,Yes,DSL,No,No,Yes,No,No,No,Month-to-month,Yes,Mailed check
4,50.9,225.6,Male,0,Yes,Yes,Yes,Yes,DSL,No,No,No,No,No,No,Month-to-month,Yes,Electronic check
30,79.3,2427.1,Female,0,No,No,Yes,Yes,DSL,Yes,No,Yes,No,Yes,Yes,One year,Yes,Credit card (automatic)
9,55.35,449.75,Male,0,No,Yes,Yes,No,DSL,No,No,No,No,Yes,No,Month-to-month,No,Electronic check
35,96.75,3403.4,Male,0,No,No,Yes,Yes,Fiber optic,Yes,Yes,Yes,Yes,No,No,Month-to-month,Yes,Mailed check
1,40.1,40.1,Female,0,Yes,Yes,No,No phone service,DSL,No,No,No,Yes,Yes,No,Month-to-month,No,Electronic check
1,44.1,44.1,Female,0,No,No,Yes,No,DSL,No,No,No,No,No,No,Month-to-month,Yes,Electronic check
43,55.55,2342.2,Female,1,Yes,No,No,No phone service,DSL,No,Yes,Yes,No,Yes,Yes,Month-to-month,No,Credit card (automatic)
72,104.15,7303.05,Female,0,Yes,Yes,Yes,Yes,Fiber optic,Yes,Yes,No,No,Yes,Yes,One year,Yes,Electronic check
16,18.95,326.8,Male,0,No,No,Yes,No,No,No internet service,No internet service,No internet service,No internet service,No internet service,No internet service,Two year,No,Credit card (automatic)
7,69.85,515.45,Female,0,No,No,Yes,No,Fiber optic,No,No,No,No,No,No,Month-to-month,Yes,Bank transfer (automatic)
29,19.8,572.2,Male,0,No,No,Yes,No,No,No internet service,No internet service,No internet service,No internet service,No internet service,No internet service,One year,Yes,Mailed check
31,78.45,2435.15,Male,0,No,No,Yes,No,Fiber optic,No,Yes,No,Yes,No,No,Month-to-month,Yes,Electronic check
72,115.75,8443.7,Female,1,Yes,No,Yes,Yes,Fiber optic,Yes,Yes,Yes,Yes,Yes,Yes,Two year,Yes,Credit card (automatic)
18,95.05,1679.4,Female,0,No,No,Yes,Yes,Fiber optic,No,No,Yes,Yes,No,Yes,Month-to-month,Yes,Bank transfer (automatic)
62,89.1,5411.65,Male,0,Yes,Yes,Yes,Yes,Fiber optic,No,No,Yes,No,Yes,No,Two year,Yes,Credit card (automatic)
10,51.2,498.25,Female,0,No,No,Yes,No,DSL,No,Yes,No,No,No,No,Month-to-month,No,Electronic check
72,85.15,6316.2,Male,0,Yes,No,Yes,Yes,DSL,No,Yes,Yes,Yes,Yes,Yes,Two year,Yes,Bank transfer (automatic)
1,45.1,45.1,Female,1,No,No,Yes,No,DSL,No,No,No,No,No,No,Month-to-month,No,Mailed check
13,20.0,268.45,Male,0,No,No,Yes,No,No,No internet service,No internet service,No internet service,No internet service,No internet service,No internet service,Two year,No,Credit card (automatic)
1,70.05,70.05,Male,1,No,No,Yes,No,Fiber optic,No,No,No,No,No,No,Month-to-month,Yes,Electronic check
25,26.8,733.55,Female,0,Yes,No,Yes,Yes,No,No internet service,No internet service,No internet service,No internet service,No internet service,No internet service,One year,Yes,Mailed check
31,96.6,2877.95,Male,1,No,No,Yes,Yes,Fiber optic,No,No,Yes,Yes,Yes,No,Month-to-month,Yes,Bank transfer (automatic)
2,44.5,90.05,Male,0,Yes,Yes,Yes,No,DSL,No,No,No,No,No,No,Month-to-month,Yes,Electronic check
56,65.2,3512.15,Female,0,Yes,Yes,Yes,Yes,DSL,Yes,No,No,No,Yes,No,One year,No,Bank transfer (automatic)
29,58.75,1696.2,Male,0,No,No,Yes,No,DSL,Yes,Yes,No,Yes,No,No,One year,Yes,Electronic check
2,69.65,145.15,Female,0,No,No,Yes,No,Fiber optic,No,No,No,No,No,No,Month-to-month,No,Electronic check
2,79.85,152.45,Male,0,No,No,Yes,No,Fiber optic,No,No,Yes,Yes,No,No,Month-to-month,Yes,Electronic check
47,107.35,5118.95,Male,0,Yes,Yes,Yes,Yes,Fiber optic,No,No,Yes,Yes,Yes,Yes,Month-to-month,Yes,Bank transfer (automatic)
4,20.35,77.5,Female,0,No,No,Yes,No,No,No internet service,No internet service,No internet service,No internet service,No internet service,No internet service,Month-to-month,No,Mailed check
25,20.15,536.35,Male,0,No,No,Yes,No,No,No internet service,No internet service,No internet service,No internet service,No internet service,No internet service,Month-to-month,Yes,Mailed check
53,95.85,5016.25,Female,1,Yes,No,Yes,Yes,Fiber optic,No,No,No,No,Yes,Yes,One year,Yes,Credit card (automatic)
14,46.35,672.7,Female,1,No,No,No,No phone service,DSL,No,No,No,No,Yes,Yes,Month-to-month,Yes,Electronic check
72,66.85,4758.8,Female,0,Yes,Yes,Yes,Yes,DSL,Yes,No,Yes,Yes,No,No,Two year,No,Bank transfer (automatic)
6,18.95,110.15,Male,0,No,No,Yes,No,No,No internet service,No internet service,No internet service,No internet service,No internet service,No internet service,Month-to-month,No,Mailed check
17,90.95,1612.2,Male,0,No,No,Yes,No,Fiber optic,No,Yes,Yes,No,No,Yes,Month-to-month,Yes,Credit card (automatic)
63,67.25,4234.15,Male,0,Yes,No,Yes,Yes,DSL,No,Yes,No,Yes,No,Yes,Two year,No,Mailed check
72,117.15,8529.5,Female,0,Yes,No,Yes,Yes,Fiber optic,Yes,Yes,Yes,Yes,Yes,Yes,Two year,Yes,Credit card (automatic)
72,66.75,4760.3,Female,0,Yes,Yes,Yes,Yes,DSL,Yes,Yes,No,Yes,No,No,Two year,No,Credit card (automatic)
33,104.4,3409.6,Female,0,Yes,No,Yes,Yes,Fiber optic,No,Yes,Yes,No,Yes,Yes,Month-to-month,Yes,Electronic check
1,70.15,70.15,Female,1,No,No,Yes,No,Fiber optic,No,No,No,No,No,No,Month-to-month,Yes,Electronic check
60,84.95,4984.85,Male,0,No,Yes,Yes,Yes,DSL,Yes,No,Yes,Yes,Yes,Yes,Two year,Yes,Electronic check
6,59.45,357.6,Male,0,No,No,Yes,No,DSL,No,Yes,No,No,Yes,No,Month-to-month,No,Electronic check
32,19.75,624.15,Female,0,No,No,Yes,No,No,No internet service,No internet service,No internet service,No internet service,No internet service,No internet service,One year,No,Bank transfer (automatic)
58,71.1,4299.2,Female,0,No,No,Yes,Yes,DSL,Yes,Yes,Yes,Yes,No,No,One year,Yes,Credit card (automatic)
65,84.85,5459.2,Female,0,No,No,Yes,No,DSL,Yes,Yes,Yes,Yes,Yes,Yes,Two year,Yes,Bank transfer (automatic)
49,107.95,5293.2,Female,0,Yes,Yes,Yes,Yes,Fiber optic,No,Yes,Yes,Yes,Yes,Yes,Two year,Yes,Bank transfer (automatic)
3,34.8,113.95,Female,0,No,No,No,No phone service,DSL,No,No,No,No,Yes,No,Month-to-month,Yes,Credit card (automatic)
54,79.95,4362.05,Male,0,Yes,Yes,Yes,No,Fiber optic,No,Yes,No,Yes,No,No,Two year,Yes,Bank transfer (automatic)
39,81.4,3213.75,Male,0,No,No,Yes,Yes,Fiber optic,No,Yes,No,No,No,No,One year,No,Credit card (automatic)
27,69.35,1927.3,Male,0,No,No,Yes,No,DSL,Yes,No,Yes,Yes,Yes,No,One year,No,Credit card (automatic)
35,81.6,2815.25,Male,1,Yes,No,Yes,Yes,Fiber optic,No,No,Yes,No,No,No,One year,Yes,Bank transfer (automatic)
26,105.75,2710.25,Male,1,Yes,Yes,Yes,Yes,Fiber optic,No,Yes,Yes,No,Yes,Yes,Month-to-month,No,Electronic check
1,75.35,75.35,Male,1,No,No,Yes,Yes,Fiber optic,No,No,No,No,No,No,Month-to-month,Yes,Electronic check
1,49.85,49.85,Male,0,No,Yes,Yes,No,DSL,No,No,Yes,No,No,No,Month-to-month,Yes,Electronic check
30,19.65,655.85,Female,0,Yes,No,Yes,No,No,No internet service,No internet service,No internet service,No internet service,No internet service,No internet service,Month-to-month,No,Bank transfer (automatic)
29,19.4,554.25,Female,0,No,No,Yes,No,No,No internet service,No internet service,No internet service,No internet service,No internet service,No internet service,Two year,No,Mailed check
38,20.45,781.25,Female,0,Yes,Yes,Yes,No,No,No internet service,No internet service,No internet service,No internet service,No internet service,No internet service,Month-to-month,No,Mailed check
1,44.9,44.9,Female,0,No,No,Yes,No,DSL,No,No,No,No,No,No,Month-to-month,Yes,Bank transfer (automatic)
72,112.6,8126.65,Male,0,Yes,Yes,Yes,Yes,Fiber optic,Yes,Yes,Yes,Yes,Yes,Yes,Two year,Yes,Credit card (automatic)
11,75.25,888.65,Female,0,No,No,Yes,Yes,Fiber optic,No,No,No,No,No,No,Month-to-month,No,Electronic check
23,19.8,465.45,Male,0,No,Yes,Yes,No,No,No internet service,No internet service,No internet service,No internet service,No internet service,No internet service,One year,No,Mailed check
20,54.0,1055.9,Male,1,No,No,Yes,No,DSL,Yes,No,No,Yes,No,No,One year,No,Mailed check
67,102.95,6886.25,Female,0,No,No,Yes,Yes,Fiber optic,Yes,Yes,Yes,No,Yes,No,Month-to-month,Yes,Credit card (automatic)
60,104.95,6236.75,Female,0,No,No,Yes,No,Fiber optic,Yes,No,Yes,Yes,Yes,Yes,Month-to-month,Yes,Bank transfer (automatic)
36,53.65,1939.35,Male,0,Yes,Yes,Yes,No,DSL,Yes,Yes,No,No,No,No,One year,No,Mailed check
1,44.15,44.15,Female,0,No,No,Yes,No,DSL,No,No,No,No,No,No,Month-to-month,No,Bank transfer (automatic)
42,66.4,2727.8,Female,0,Yes,No,Yes,Yes,DSL,Yes,Yes,No,Yes,No,No,Month-to-month,Yes,Credit card (automatic)
68,82.85,5776.45,Male,0,Yes,Yes,Yes,No,DSL,Yes,Yes,No,Yes,Yes,Yes,Two year,No,Bank transfer (automatic)
33,95.3,3275.15,Male,0,No,Yes,Yes,Yes,Fiber optic,Yes,No,Yes,No,No,Yes,Month-to-month,Yes,Bank transfer (automatic)
50,44.45,2188.45,Male,0,Yes,No,No,No phone service,DSL,Yes,No,No,Yes,Yes,No,One year,Yes,Bank transfer (automatic)
36,95.4,3474.2,Male,0,Yes,No,Yes,Yes,Fiber optic,No,No,No,No,Yes,Yes,Month-to-month,Yes,Electronic check
45,102.15,4735.35,Female,1,No,No,Yes,Yes,Fiber optic,No,No,Yes,No,Yes,Yes,One year,Yes,Bank transfer (automatic)
30,49.9,1441.95,Male,0,Yes,No,Yes,Yes,DSL,No,No,No,No,No,No,Month-to-month,No,Electronic check
23,99.25,2186.4,Male,0,Yes,No,Yes,Yes,Fiber optic,Yes,Yes,Yes,No,Yes,No,Month-to-month,Yes,Electronic check
13,20.45,254.5,Female,0,Yes,Yes,Yes,No,No,No internet service,No internet service,No internet service,No internet service,No internet service,No internet service,Month-to-month,Yes,Mailed check
41,99.65,4220.35,Male,0,No,No,Yes,No,Fiber optic,No,Yes,No,Yes,Yes,Yes,Two year,Yes,Credit card (automatic)
13,19.85,252.0,Male,0,Yes,Yes,Yes,No,No,No internet service,No internet service,No internet service,No internet service,No internet service,No internet service,Month-to-month,Yes,Mailed check
1,25.1,25.1,Male,1,No,No,No,No phone service,DSL,No,No,No,No,No,No,Month-to-month,Yes,Electronic check
60,106.0,6441.4,Female,1,No,No,Yes,Yes,Fiber optic,No,No,Yes,Yes,Yes,Yes,One year,Yes,Electronic check
1,20.15,20.15,Female,0,No,No,Yes,No,No,No internet service,No internet service,No internet service,No internet service,No internet service,No internet service,Month-to-month,No,Mailed check
29,20.65,654.85,Male,0,Yes,Yes,Yes,No,No,No internet service,No internet service,No internet service,No internet service,No internet service,No internet service,Month-to-month,Yes,Mailed check
67,116.1,7839.85,Male,1,No,No,Yes,Yes,Fiber optic,Yes,Yes,Yes,Yes,Yes,Yes,Two year,Yes,Credit card (automatic)
15,96.5,1392.25,Male,1,Yes,No,Yes,Yes,Fiber optic,Yes,No,Yes,No,Yes,No,Month-to-month,Yes,Electronic check
71,84.8,6152.4,Male,0,Yes,Yes,Yes,Yes,Fiber optic,No,Yes,No,Yes,No,No,Two year,Yes,Electronic check
43,33.45,1500.25,Female,1,No,No,No,No phone service,DSL,Yes,Yes,No,No,No,No,Month-to-month,Yes,Credit card (automatic)
72,88.55,6362.35,Male,0,No,No,Yes,Yes,DSL,Yes,Yes,Yes,Yes,Yes,Yes,Two year,No,Credit card (automatic)
8,90.25,743.75,Female,0,Yes,No,Yes,Yes,Fiber optic,No,No,No,Yes,No,Yes,Month-to-month,Yes,Electronic check
72,65.25,4478.85,Male,0,Yes,Yes,No,No phone service,DSL,Yes,Yes,Yes,Yes,Yes,Yes,Two year,Yes,Credit card (automatic)
1,18.85,18.85,Male,0,No,No,Yes,No,No,No internet service,No internet service,No internet service,No internet service,No internet service,No internet service,Month-to-month,Yes,Mailed check
12,44.55,480.6,Female,0,No,Yes,Yes,No,DSL,No,No,No,No,No,No,Month-to-month,Yes,Electronic check
20,90.7,1781.35,Male,0,No,No,Yes,Yes,Fiber optic,No,No,Yes,No,Yes,No,Month-to-month,Yes,Credit card (automatic)
21,97.35,2119.5,Female,0,No,No,Yes,Yes,Fiber optic,No,No,No,No,Yes,Yes,Month-to-month,Yes,Electronic check
1,44.95,44.95,Male,0,No,No,Yes,No,DSL,No,No,No,No,No,No,Month-to-month,Yes,Mailed check
1,20.6,20.6,Male,0,No,No,Yes,No,No,No internet service,No internet service,No internet service,No internet service,No internet service,No internet service,Month-to-month,No,Mailed check
72,86.65,6094.25,Male,0,Yes,No,Yes,Yes,DSL,Yes,No,Yes,Yes,Yes,Yes,Two year,No,Credit card (automatic)
9,70.05,564.4,Male,0,Yes,No,Yes,No,DSL,No,No,Yes,No,Yes,Yes,Month-to-month,Yes,Mailed check
61,107.75,6521.9,Male,0,No,No,Yes,Yes,Fiber optic,Yes,Yes,Yes,No,Yes,Yes,One year,Yes,Electronic check
22,100.75,2095.0,Male,0,No,No,Yes,Yes,Fiber optic,Yes,No,No,No,Yes,Yes,Month-to-month,Yes,Electronic check
51,20.65,1020.75,Female,0,No,No,Yes,No,No,No internet service,No internet service,No internet service,No internet service,No internet service,No internet service,Two year,No,Bank transfer (automatic)
31,76.05,2227.8,Female,0,No,No,Yes,Yes,Fiber optic,No,No,No,No,No,No,Month-to-month,Yes,Electronic check
9,95.9,827.45,Male,0,No,No,Yes,No,Fiber optic,No,No,No,Yes,Yes,Yes,Month-to-month,Yes,Bank transfer (automatic)
2,47.8,92.45,Male,0,No,No,Yes,No,DSL,Yes,No,No,No,No,No,Month-to-month,Yes,Electronic check
67,26.1,1759.55,Female,0,No,No,Yes,Yes,No,No internet service,No internet service,No internet service,No internet service,No internet service,No internet service,Two year,Yes,Mailed check
43,19.2,776.25,Male,0,Yes,Yes,Yes,No,No,No internet service,No internet service,No internet service,No internet service,No internet service,No internet service,One year,Yes,Mailed check
24,84.85,2048.8,Male,0,No,No,Yes,Yes,Fiber optic,No,Yes,Yes,No,No,No,Month-to-month,Yes,Bank transfer (automatic)
27,74.4,1972.35,Female,0,Yes,Yes,Yes,No,Fiber optic,Yes,No,No,No,No,No,Month-to-month,No,Mailed check
57,59.75,3450.15,Male,0,Yes,No,Yes,No,DSL,Yes,Yes,No,Yes,No,No,Two year,Yes,Electronic check
40,55.8,2283.3,Male,1,Yes,No,Yes,No,DSL,No,No,No,No,No,Yes,One year,No,Electronic check
69,59.1,4134.7,Female,0,Yes,Yes,Yes,No,DSL,No,Yes,Yes,Yes,No,No,One year,No,Bank transfer (automatic)
8,80.45,583.45,Male,1,Yes,Yes,Yes,No,Fiber optic,No,No,No,No,Yes,No,Month-to-month,Yes,Credit card (automatic)
1,70.3,70.3,Female,0,No,No,Yes,No,Fiber optic,No,No,No,No,No,No,Month-to-month,Yes,Electronic check
2,78.55,149.55,Female,1,No,No,Yes,Yes,Fiber optic,No,No,Yes,No,No,No,Month-to-month,Yes,Electronic check
37,70.35,2552.9,Male,0,No,No,Yes,No,Fiber optic,No,No,No,No,No,No,Month-to-month,Yes,Mailed check
1,19.45,19.45,Female,1,No,No,Yes,No,No,No internet service,No internet service,No internet service,No internet service,No internet service,No internet service,Month-to-month,Yes,Electronic check
34,56.25,1765.95,Female,1,No,No,No,No phone service,DSL,No,Yes,Yes,No,Yes,Yes,Month-to-month,Yes,Electronic check
39,24.2,914.6,Female,0,Yes,Yes,Yes,Yes,No,No internet service,No internet service,No internet service,No internet service,No internet service,No internet service,One year,Yes,Mailed check
9,73.8,704.3,Male,0,No,No,Yes,No,Fiber optic,No,No,Yes,No,No,No,Month-to-month,Yes,Electronic check
51,111.55,5720.35,Male,0,Yes,No,Yes,Yes,Fiber optic,Yes,No,Yes,Yes,Yes,Yes,One year,Yes,Electronic check
27,83.85,2310.2,Female,1,Yes,No,Yes,Yes,DSL,No,Yes,Yes,Yes,Yes,Yes,Month-to-month,No,Electronic check
53,91.15,4862.5,Female,0,Yes,No,Yes,Yes,Fiber optic,No,No,No,Yes,No,Yes,One year,Yes,Electronic check
22,26.25,605.9,Female,0,No,No,Yes,Yes,No,No internet service,No internet service,No internet service,No internet service,No internet service,No internet service,Two year,No,Mailed check
6,19.7,111.65,Male,0,No,Yes,Yes,No,No,No internet service,No internet service,No internet service,No internet service,No internet service,No internet service,Month-to-month,No,Mailed check
7,19.3,144.95,Female,0,No,No,Yes,No,No,No internet service,No internet service,No internet service,No internet service,No internet service,No internet service,Month-to-month,No,Mailed check
55,76.25,4154.55,Female,1,Yes,Yes,Yes,Yes,DSL,Yes,No,Yes,Yes,Yes,No,One year,No,Electronic check
11,35.8,363.15,Female,0,No,No,No,No phone service,DSL,No,No,No,No,Yes,No,Month-to-month,Yes,Mailed check
43,75.2,3254.35,Female,0,Yes,Yes,Yes,No,DSL,Yes,No,Yes,No,Yes,Yes,Two year,No,Bank transfer (automatic)
16,73.85,1284.2,Male,0,Yes,No,Yes,Yes,Fiber optic,No,No,No,No,No,No,Month-to-month,Yes,Bank transfer (automatic)
72,54.2,3937.45,Female,0,Yes,No,No,No phone service,DSL,No,Yes,Yes,No,Yes,Yes,Two year,Yes,Electronic check
72,103.4,7372.65,Male,0,Yes,Yes,Yes,Yes,Fiber optic,No,Yes,Yes,No,Yes,Yes,Two year,Yes,Electronic check
63,90.45,5825.5,Male,0,No,No,Yes,Yes,Fiber optic,No,Yes,No,No,No,Yes,One year,No,Credit card (automatic)
1,69.75,69.75,Male,0,No,Yes,Yes,No,Fiber optic,No,No,No,No,No,No,Month-to-month,No,Bank transfer (automatic)
58,79.8,4526.85,Female,0,No,No,Yes,Yes,Fiber optic,Yes,No,No,No,No,No,Month-to-month,Yes,Bank transfer (automatic)
8,44.65,369.15,Male,0,Yes,Yes,Yes,No,DSL,No,No,No,No,No,No,Month-to-month,No,Bank transfer (automatic)
68,19.95,1377.7,Male,0,Yes,Yes,Yes,No,No,No internet service,No internet service,No internet service,No internet service,No internet service,No internet service,Two year,No,Bank transfer (automatic)
35,113.2,3914.05,Female,0,No,No,Yes,Yes,Fiber optic,Yes,Yes,Yes,Yes,Yes,Yes,Two year,Yes,Mailed check
56,52.0,2884.9,Male,0,Yes,Yes,No,No phone service,DSL,Yes,Yes,No,Yes,Yes,No,One year,Yes,Mailed check
1,70.9,70.9,Female,0,No,No,Yes,No,Fiber optic,No,No,No,No,No,No,Month-to-month,No,Mailed check
51,80.75,4116.9,Female,0,Yes,Yes,Yes,Yes,Fiber optic,No,No,No,Yes,No,No,Month-to-month,Yes,Electronic check
5,85.4,401.1,Male,0,Yes,No,Yes,Yes,Fiber optic,No,Yes,No,Yes,No,No,Month-to-month,Yes,Electronic check
5,70.25,331.9,Male,1,No,No,Yes,No,Fiber optic,No,No,No,No,No,No,Month-to-month,Yes,Mailed check
68,19.6,1441.65,Female,0,No,No,Yes,No,No,No internet service,No internet service,No internet service,No internet service,No internet service,No internet service,Two year,No,Credit card (automatic)
10,100.6,1060.2,Female,0,No,No,Yes,Yes,Fiber optic,No,No,Yes,No,Yes,Yes,Month-to-month,Yes,Electronic check
49,98.35,4889.2,Female,0,Yes,Yes,Yes,Yes,Fiber optic,No,Yes,No,No,Yes,Yes,Month-to-month,Yes,Electronic check
56,24.45,1385.85,Female,0,Yes,Yes,Yes,Yes,No,No internet service,No internet service,No internet service,No internet service,No internet service,No internet service,Two year,Yes,Mailed check
66,102.45,6615.15,Female,0,Yes,Yes,Yes,Yes,Fiber optic,No,Yes,Yes,No,Yes,Yes,One year,Yes,Credit card (automatic)
53,54.9,3045.75,Male,0,No,No,No,No phone service,DSL,No,No,Yes,Yes,Yes,Yes,One year,No,Credit card (automatic)
66,103.1,6595.0,Female,0,No,No,Yes,Yes,Fiber optic,Yes,Yes,Yes,Yes,No,Yes,Month-to-month,Yes,Bank transfer (automatic)
1,90.55,90.55,Male,0,No,No,Yes,No,Fiber optic,No,No,No,No,Yes,Yes,Month-to-month,Yes,Electronic check
66,56.75,3708.4,Male,0,Yes,Yes,No,No phone service,DSL,No,Yes,Yes,No,Yes,Yes,Two year,Yes,Credit card (automatic)
42,79.9,3313.4,Male,0,No,No,Yes,Yes,Fiber optic,No,No,Yes,No,No,No,Month-to-month,No,Electronic check
21,65.35,1424.4,Male,0,No,No,Yes,No,DSL,Yes,No,Yes,No,Yes,No,Month-to-month,No,Bank transfer (automatic)
68,70.9,4911.35,Female,0,Yes,No,Yes,Yes,DSL,Yes,Yes,Yes,Yes,No,No,Two year,No,Credit card (automatic)
25,25.5,630.6,Male,0,Yes,Yes,Yes,Yes,No,No internet service,No internet service,No internet service,No internet service,No internet service,No internet service,Two year,No,Credit card (automatic)
6,19.7,129.55,Female,0,No,No,Yes,No,No,No internet service,No internet service,No internet service,No internet service,No internet service,No internet service,Month-to-month,No,Credit card (automatic)
33,34.05,1113.95,Male,0,No,Yes,No,No phone service,DSL,Yes,No,No,Yes,No,No,One year,No,Credit card (automatic)
70,68.95,4858.7,Male,0,Yes,Yes,Yes,Yes,DSL,Yes,No,Yes,No,Yes,No,Two year,No,Credit card (automatic)
17,65.75,1111.2,Male,0,No,No,Yes,Yes,DSL,Yes,No,No,No,No,Yes,Month-to-month,No,Bank transfer (automatic)
1,19.85,19.85,Male,0,No,Yes,Yes,No,No,No internet service,No internet service,No internet service,No internet service,No internet service,No internet service,Month-to-month,No,Mailed check
48,105.25,4997.5,Female,0,Yes,Yes,Yes,Yes,Fiber optic,Yes,Yes,No,No,Yes,Yes,Month-to-month,Yes,Credit card (automatic)
55,59.45,3157.0,Male,0,Yes,Yes,Yes,No,DSL,Yes,No,No,No,No,Yes,One year,No,Credit card (automatic)
16,64.25,1024.0,Male,0,Yes,Yes,Yes,No,DSL,Yes,No,Yes,No,Yes,No,Two year,No,Mailed check
50,108.25,5431.4,Male,0,Yes,Yes,Yes,Yes,Fiber optic,Yes,Yes,Yes,No,Yes,Yes,One year,Yes,Electronic check
51,93.8,4750.95,Male,1,Yes,No,Yes,Yes,Fiber optic,Yes,No,Yes,No,Yes,No,Month-to-month,Yes,Bank transfer (automatic)
29,55.35,1636.95,Male,0,Yes,Yes,No,No phone service,DSL,Yes,Yes,Yes,Yes,No,Yes,One year,Yes,Credit card (automatic)
59,89.75,5496.9,Female,1,No,No,Yes,Yes,Fiber optic,Yes,Yes,Yes,No,No,No,Month-to-month,Yes,Electronic check
24,79.85,1857.75,Male,1,Yes,Yes,Yes,Yes,Fiber optic,Yes,No,No,No,No,No,Month-to-month,Yes,Electronic check
60,25.0,1505.05,Female,0,No,No,Yes,Yes,No,No internet service,No internet service,No internet service,No internet service,No internet service,No internet service,Two year,No,Mailed check
68,78.45,5333.35,Female,0,Yes,Yes,Yes,Yes,DSL,Yes,Yes,Yes,Yes,No,Yes,One year,Yes,Electronic check
26,45.8,1147.0,Female,0,No,Yes,No,No phone service,DSL,Yes,No,No,Yes,No,Yes,Month-to-month,No,Mailed check
70,109.5,7674.55,Female,0,Yes,No,Yes,Yes,Fiber optic,No,Yes,Yes,Yes,Yes,Yes,One year,Yes,Electronic check
4,45.9,199.75,Male,0,No,No,Yes,No,DSL,No,No,No,No,No,No,Month-to-month,Yes,Electronic check
27,75.75,1929.0,Male,0,Yes,Yes,Yes,Yes,Fiber optic,No,No,No,No,No,No,Month-to-month,Yes,Bank transfer (automatic)
10,81.0,818.05,Female,0,No,No,Yes,Yes,Fiber optic,No,Yes,No,No,No,No,Month-to-month,Yes,Credit card (automatic)
50,70.8,3478.15,Female,0,No,Yes,Yes,No,DSL,Yes,No,Yes,Yes,Yes,No,One year,Yes,Credit card (automatic)
19,95.9,1777.9,Male,1,No,No,Yes,No,Fiber optic,No,No,Yes,No,Yes,Yes,Month-to-month,Yes,Credit card (automatic)
36,74.9,2659.45,Female,1,No,No,Yes,Yes,Fiber optic,No,No,No,No,No,No,Month-to-month,Yes,Bank transfer (automatic)
72,115.15,8349.45,Male,0,Yes,No,Yes,Yes,Fiber optic,Yes,Yes,Yes,Yes,Yes,Yes,Two year,No,Bank transfer (automatic)
54,104.1,5645.8,Female,0,Yes,Yes,Yes,Yes,Fiber optic,Yes,Yes,No,No,Yes,Yes,Month-to-month,Yes,Bank transfer (automatic)
72,24.3,1643.25,Male,0,Yes,Yes,Yes,Yes,No,No internet service,No internet service,No internet service,No internet service,No internet service,No internet service,Two year,No,Bank transfer (automatic)
1,81.1,81.1,Female,0,No,No,Yes,No,Fiber optic,No,No,No,No,No,Yes,Month-to-month,Yes,Electronic check
46,101.0,4680.05,Male,1,Yes,No,Yes,Yes,Fiber optic,No,No,Yes,No,Yes,Yes,Month-to-month,Yes,Electronic check
37,20.3,755.4,Female,0,No,Yes,Yes,No,No,No internet service,No internet service,No internet service,No internet service,No internet service,No internet service,One year,No,Bank transfer (automatic)
56,73.25,4054.2,Female,1,No,No,Yes,Yes,DSL,Yes,No,Yes,Yes,No,Yes,Two year,No,Bank transfer (automatic)
22,25.6,548.8,Female,1,Yes,No,Yes,Yes,No,No internet service,No internet service,No internet service,No internet service,No internet service,No internet service,One year,No,Bank transfer (automatic)
28,30.1,810.85,Male,0,No,No,No,No phone service,DSL,No,No,No,Yes,No,No,Month-to-month,Yes,Credit card (automatic)
6,55.0,340.4,Female,0,No,No,Yes,No,DSL,No,No,No,No,No,Yes,Month-to-month,Yes,Electronic check
51,19.1,1007.8,Male,0,No,No,Yes,No,No,No internet service,No internet service,No internet service,No internet service,No internet service,No internet service,One year,No,Electronic check
34,105.35,3540.65,Male,0,No,No,Yes,Yes,Fiber optic,No,Yes,No,Yes,Yes,Yes,Month-to-month,Yes,Electronic check
71,95.65,6856.95,Female,0,Yes,No,Yes,Yes,Fiber optic,Yes,Yes,No,No,Yes,No,One year,No,Mailed check
17,21.1,385.55,Male,0,No,No,Yes,No,No,No internet service,No internet service,No internet service,No internet service,No internet service,No internet service,Month-to-month,No,Credit card (automatic)
3,91.85,257.05,Male,0,No,Yes,Yes,Yes,Fiber optic,No,No,Yes,No,No,Yes,Month-to-month,No,Electronic check
9,74.65,703.55,Female,0,No,No,Yes,No,DSL,Yes,Yes,No,No,Yes,Yes,Month-to-month,Yes,Electronic check
8,49.55,393.45,Male,0,Yes,No,Yes,No,DSL,No,Yes,No,No,No,No,Month-to-month,Yes,Bank transfer (automatic)
25,19.9,510.8,Male,0,No,No,Yes,No,No,No internet service,No internet service,No internet service,No internet service,No internet service,No internet service,One year,No,Credit card (automatic)
64,25.65,1740.8,Male,1,Yes,No,Yes,Yes,No,No internet service,No internet service,No internet service,No internet service,No internet service,No internet service,Two year,No,Credit card (automatic)
67,88.4,5798.3,Male,0,Yes,No,Yes,Yes,Fiber optic,No,Yes,No,No,Yes,No,One year,Yes,Bank transfer (automatic)
1,70.0,70.0,Male,0,Yes,No,Yes,No,Fiber optic,No,No,No,No,No,No,Month-to-month,No,Electronic check
60,60.5,3694.45,Male,0,Yes,Yes,Yes,No,DSL,Yes,Yes,Yes,No,No,No,Two year,No,Bank transfer (automatic)
47,83.35,4065.0,Male,0,Yes,No,Yes,Yes,Fiber optic,No,Yes,Yes,No,No,No,Month-to-month,Yes,Bank transfer (automatic)
72,115.55,8312.4,Female,0,Yes,No,Yes,Yes,Fiber optic,Yes,Yes,Yes,Yes,Yes,Yes,Two year,Yes,Credit card (automatic)
24,93.15,2231.05,Male,1,Yes,No,Yes,No,Fiber optic,No,No,Yes,No,Yes,Yes,Month-to-month,Yes,Electronic check
1,70.45,70.45,Male,0,No,Yes,Yes,No,DSL,Yes,Yes,No,Yes,No,Yes,Month-to-month,Yes,Bank transfer (automatic)
13,84.6,1115.2,Female,0,No,No,Yes,Yes,Fiber optic,No,No,No,No,No,Yes,Month-to-month,Yes,Electronic check
1,79.15,79.15,Male,0,No,No,Yes,Yes,Fiber optic,No,Yes,No,No,No,No,Month-to-month,Yes,Electronic check
16,49.95,810.2,Female,0,Yes,No,No,No phone service,DSL,No,No,No,Yes,Yes,Yes,Month-to-month,Yes,Electronic check
2,83.8,163.7,Female,1,No,No,Yes,No,Fiber optic,No,Yes,No,No,Yes,No,Month-to-month,Yes,Bank transfer (automatic)
4,70.15,268.35,Female,0,No,No,Yes,No,Fiber optic,No,No,No,No,No,No,Month-to-month,Yes,Electronic check
68,41.95,2965.75,Male,1,Yes,No,No,No phone service,DSL,Yes,Yes,Yes,No,No,No,Two year,Yes,Electronic check
68,25.8,1911.5,Female,0,Yes,No,Yes,Yes,No,No internet service,No internet service,No internet service,No internet service,No internet service,No internet service,Two year,No,Credit card (automatic)
7,81.25,580.1,Female,0,Yes,No,Yes,No,DSL,Yes,No,Yes,Yes,Yes,Yes,Month-to-month,No,Bank transfer (automatic)
38,20.05,741.5,Female,0,No,No,Yes,No,No,No internet service,No internet service,No internet service,No internet service,No internet service,No internet service,Two year,No,Mailed check
53,80.6,4348.1,Male,0,No,No,Yes,No,Fiber optic,No,Yes,No,Yes,No,No,Month-to-month,Yes,Mailed check
45,93.9,4200.25,Male,1,No,No,Yes,Yes,Fiber optic,No,No,No,No,Yes,Yes,Month-to-month,Yes,Bank transfer (automatic)
18,55.2,1058.1,Male,0,No,No,Yes,No,DSL,No,No,Yes,Yes,No,No,Month-to-month,No,Credit card (automatic)
13,106.9,1364.3,Male,1,No,No,Yes,Yes,Fiber optic,No,Yes,Yes,No,Yes,Yes,Month-to-month,Yes,Electronic check
5,59.9,287.85,Female,1,No,No,Yes,No,DSL,Yes,Yes,No,Yes,No,No,Month-to-month,No,Credit card (automatic)
59,25.45,1534.05,Female,0,Yes,Yes,Yes,Yes,No,No internet service,No internet service,No internet service,No internet service,No internet service,No internet service,Two year,No,Mailed check
56,93.15,5253.95,Male,0,Yes,No,Yes,Yes,Fiber optic,Yes,Yes,Yes,No,No,No,One year,Yes,Electronic check
48,99.0,4744.35,Male,1,No,No,Yes,Yes,Fiber optic,No,Yes,No,No,Yes,Yes,One year,Yes,Electronic check
45,103.65,4747.85,Male,0,No,No,Yes,Yes,Fiber optic,No,No,Yes,Yes,Yes,Yes,Month-to-month,Yes,Bank transfer (automatic)
2,19.9,33.7,Male,0,No,No,Yes,No,No,No internet service,No internet service,No internet service,No internet service,No internet service,No internet service,Month-to-month,Yes,Credit card (automatic)
2,70.7,140.7,Male,0,No,No,Yes,No,Fiber optic,No,No,No,No,No,No,Month-to-month,No,Credit card (automatic)
19,58.2,1045.25,Female,0,No,No,Yes,No,DSL,No,Yes,No,No,Yes,No,One year,No,Electronic check
72,85.1,6155.4,Female,0,Yes,No,Yes,No,DSL,Yes,Yes,Yes,Yes,Yes,Yes,Two year,No,Mailed check
52,103.05,5364.8,Male,0,No,No,Yes,Yes,Fiber optic,No,Yes,Yes,No,Yes,Yes,Month-to-month,Yes,Electronic check
11,75.2,775.3,Male,1,Yes,Yes,Yes,Yes,Fiber optic,No,No,No,No,No,No,Month-to-month,Yes,Credit card (automatic)
71,19.6,1387.45,Male,0,Yes,Yes,Yes,No,No,No internet service,No internet service,No internet service,No internet service,No internet service,No internet service,Two year,Yes,Bank transfer (automatic)
1,25.15,25.15,Male,0,No,No,No,No phone service,DSL,No,No,No,No,No,No,Month-to-month,Yes,Electronic check
2,19.85,52.0,Female,0,Yes,No,Yes,No,No,No internet service,No internet service,No internet service,No internet service,No internet service,No internet service,Month-to-month,No,Bank transfer (automatic)
69,109.95,7634.25,Male,1,Yes,No,Yes,Yes,Fiber optic,No,Yes,Yes,Yes,Yes,Yes,Two year,Yes,Electronic check
16,89.45,1430.25,Female,0,Yes,Yes,Yes,No,Fiber optic,No,Yes,Yes,No,Yes,No,Month-to-month,Yes,Credit card (automatic)
7,34.2,256.6,Male,0,Yes,No,No,No phone service,DSL,Yes,Yes,No,No,No,No,Month-to-month,No,Mailed check
48,24.55,1203.95,Female,0,No,No,Yes,Yes,No,No internet service,No internet service,No internet service,No internet service,No internet service,No internet service,One year,No,Bank transfer (automatic)
24,34.25,828.2,Male,1,Yes,No,No,No phone service,DSL,No,No,Yes,Yes,No,No,Month-to-month,No,Mailed check
66,114.3,7383.7,Male,0,No,No,Yes,Yes,Fiber optic,Yes,Yes,Yes,Yes,Yes,Yes,One year,Yes,Bank transfer (automatic)
60,50.05,2911.5,Female,0,Yes,No,No,No phone service,DSL,Yes,Yes,Yes,No,No,Yes,One year,No,Electronic check
2,19.3,44.4,Female,0,No,No,Yes,No,No,No internet service,No internet service,No internet service,No internet service,No internet service,No internet service,Month-to-month,No,Mailed check
34,19.6,678.8,Male,0,Yes,Yes,Yes,No,No,No internet service,No internet service,No internet service,No internet service,No internet service,No internet service,One year,No,Credit card (automatic)
12,49.85,617.15,Female,0,Yes,No,No,No phone service,DSL,No,No,Yes,No,Yes,Yes,Month-to-month,Yes,Bank transfer (automatic)
17,96.65,1588.25,Male,0,Yes,No,Yes,No,Fiber optic,No,No,Yes,No,Yes,Yes,One year,Yes,Bank transfer (automatic)
44,20.0,860.85,Male,0,Yes,Yes,Yes,No,No,No internet service,No internet service,No internet service,No internet service,No internet service,No internet service,One year,No,Bank transfer (automatic)
40,85.05,3355.65,Male,0,Yes,Yes,Yes,No,Fiber optic,No,No,Yes,No,Yes,No,One year,Yes,Electronic check
10,70.3,676.15,Female,0,Yes,Yes,Yes,Yes,DSL,Yes,Yes,No,No,Yes,No,One year,No,Electronic check
13,20.3,275.4,Female,0,No,No,Yes,No,No,No internet service,No internet service,No internet service,No internet service,No internet service,No internet service,Month-to-month,Yes,Mailed check
4,49.4,184.4,Male,0,No,Yes,Yes,No,DSL,Yes,No,No,No,No,No,Month-to-month,Yes,Electronic check
27,53.45,1461.45,Male,0,No,No,Yes,No,DSL,Yes,No,No,Yes,No,No,Month-to-month,No,Mailed check
1,71.65,71.65,Male,1,No,No,Yes,No,Fiber optic,No,No,No,No,No,No,Month-to-month,Yes,Electronic check
41,19.85,810.45,Female,0,No,No,Yes,No,No,No internet service,No internet service,No internet service,No internet service,No internet service,No internet service,Two year,Yes,Mailed check
25,79.0,1902.0,Male,0,No,No,Yes,No,DSL,Yes,Yes,No,Yes,Yes,Yes,Month-to-month,Yes,Mailed check
52,89.25,4652.4,Male,0,No,No,Yes,Yes,DSL,Yes,Yes,Yes,Yes,Yes,Yes,Two year,Yes,Mailed check
63,108.5,6991.9,Male,1,Yes,No,Yes,Yes,Fiber optic,Yes,Yes,Yes,No,Yes,Yes,Two year,No,Credit card (automatic)
3,19.85,63.75,Female,0,No,No,Yes,No,No,No internet service,No internet service,No internet service,No internet service,No internet service,No internet service,Month-to-month,No,Mailed check
19,100.0,1888.65,Male,0,Yes,Yes,Yes,No,Fiber optic,No,Yes,No,Yes,Yes,Yes,One year,No,Bank transfer (automatic)
69,24.95,1718.35,Female,0,Yes,No,Yes,Yes,No,No internet service,No internet service,No internet service,No internet service,No internet service,No internet service,Two year,Yes,Credit card (automatic)
14,55.5,767.55,Male,0,No,No,Yes,Yes,DSL,No,Yes,No,No,No,No,Month-to-month,Yes,Credit card (automatic)
1,70.45,70.45,Male,0,No,Yes,Yes,No,Fiber optic,No,No,No,No,No,No,Month-to-month,Yes,Mailed check
40,39.3,1637.4,Female,1,Yes,No,No,No phone service,DSL,No,Yes,No,No,Yes,No,Month-to-month,Yes,Electronic check
59,50.25,2997.45,Male,1,Yes,No,No,No phone service,DSL,No,Yes,No,No,Yes,Yes,Month-to-month,Yes,Electronic check
19,25.6,485.9,Female,0,Yes,Yes,Yes,Yes,No,No internet service,No internet service,No internet service,No internet service,No internet service,No internet service,Two year,No,Mailed check
1,45.55,45.55,Male,0,No,No,Yes,No,DSL,No,No,No,No,No,No,Month-to-month,Yes,Mailed check
1,50.35,50.35,Male,0,Yes,No,No,No phone service,DSL,No,No,Yes,No,Yes,Yes,Month-to-month,Yes,Electronic check
72,80.8,5728.55,Male,0,Yes,Yes,Yes,No,DSL,Yes,No,Yes,Yes,Yes,Yes,Two year,Yes,Electronic check
2,85.65,181.5,Male,0,No,No,Yes,Yes,Fiber optic,No,No,No,No,Yes,No,Month-to-month,Yes,Electronic check
52,39.1,1982.1,Female,0,No,No,No,No phone service,DSL,Yes,Yes,No,Yes,No,No,Two year,No,Mailed check
25,94.7,2362.1,Male,0,No,No,Yes,Yes,Fiber optic,No,No,No,No,Yes,Yes,Month-to-month,Yes,Bank transfer (automatic)
66,79.5,5196.1,Male,0,No,Yes,Yes,No,DSL,No,Yes,Yes,Yes,Yes,Yes,Two year,Yes,Credit card (automatic)
6,79.7,497.6,Male,1,No,No,Yes,No,Fiber optic,No,No,No,No,Yes,No,Month-to-month,Yes,Electronic check
70,102.95,7101.5,Male,1,Yes,No,Yes,Yes,Fiber optic,No,Yes,Yes,No,Yes,Yes,Month-to-month,Yes,Electronic check
38,103.65,3988.5,Female,0,No,No,Yes,Yes,Fiber optic,No,No,Yes,Yes,Yes,Yes,Month-to-month,Yes,Electronic check
6,20.95,109.5,Female,0,No,No,Yes,No,No,No internet service,No internet service,No internet service,No internet service,No internet service,No internet service,Month-to-month,Yes,Mailed check
20,20.0,416.45,Female,0,Yes,No,Yes,No,No,No internet service,No internet service,No internet service,No internet service,No internet service,No internet service,One year,Yes,Mailed check
1,70.8,70.8,Female,0,No,No,Yes,No,Fiber optic,No,No,No,No,No,No,Month-to-month,Yes,Mailed check
35,19.15,638.0,Male,0,No,No,Yes,No,No,No internet service,No internet service,No internet service,No internet service,No internet service,No internet service,One year,Yes,Mailed check
47,86.95,4138.9,Male,0,No,No,Yes,No,DSL,Yes,Yes,Yes,Yes,Yes,Yes,One year,Yes,Bank transfer (automatic)
69,66.9,4577.9,Female,0,No,No,Yes,Yes,DSL,Yes,Yes,No,Yes,No,No,Two year,Yes,Mailed check
40,64.1,2460.35,Female,0,No,Yes,Yes,No,DSL,Yes,No,No,Yes,Yes,No,Month-to-month,Yes,Credit card (automatic)
13,49.95,587.45,Male,0,Yes,Yes,Yes,No,DSL,Yes,No,No,No,No,No,Month-to-month,Yes,Mailed check
14,78.95,1101.85,Female,1,No,No,Yes,Yes,Fiber optic,No,Yes,No,No,No,No,Month-to-month,Yes,Electronic check
21,69.1,1474.75,Male,1,Yes,No,Yes,No,Fiber optic,No,No,No,No,No,No,Month-to-month,Yes,Electronic check
72,25.2,1787.35,Female,0,Yes,Yes,Yes,Yes,No,No internet service,No internet service,No internet service,No internet service,No internet service,No internet service,Two year,No,Bank transfer (automatic)
2,69.95,143.9,Male,0,Yes,Yes,Yes,No,Fiber optic,No,No,No,No,No,No,Month-to-month,No,Mailed check
54,20.5,1035.7,Female,0,No,No,Yes,No,No,No internet service,No internet service,No internet service,No internet service,No internet service,No internet service,Two year,Yes,Mailed check
7,75.7,554.05,Female,0,Yes,Yes,Yes,No,DSL,Yes,Yes,Yes,Yes,Yes,No,Month-to-month,Yes,Electronic check
65,19.85,1267.05,Male,0,Yes,Yes,Yes,No,No,No internet service,No internet service,No internet service,No internet service,No internet service,No internet service,Two year,Yes,Credit card (automatic)
4,70.2,280.35,Male,1,Yes,No,Yes,No,Fiber optic,No,No,No,No,No,No,Month-to-month,Yes,Electronic check
2,80.25,144.55,Male,0,No,No,Yes,No,Fiber optic,No,No,No,No,Yes,No,Month-to-month,Yes,Electronic check
44,89.2,4040.2,Male,1,Yes,No,Yes,Yes,Fiber optic,No,No,Yes,No,Yes,No,Month-to-month,Yes,Electronic check
65,109.3,7337.55,Female,0,Yes,Yes,Yes,Yes,Fiber optic,Yes,No,Yes,Yes,Yes,Yes,Two year,No,Electronic check
8,94.0,773.65,Male,0,No,No,Yes,Yes,Fiber optic,No,Yes,Yes,No,Yes,No,Month-to-month,Yes,Electronic check
48,117.45,5438.9,Female,1,Yes,No,Yes,Yes,Fiber optic,Yes,Yes,Yes,Yes,Yes,Yes,Month-to-month,No,Electronic check
43,80.45,3398.9,Female,0,Yes,No,Yes,Yes,Fiber optic,No,Yes,No,No,No,No,Month-to-month,No,Electronic check
1,80.25,80.25,Female,0,No,No,Yes,No,Fiber optic,No,No,No,No,Yes,No,Month-to-month,Yes,Electronic check
62,43.6,2748.7,Female,0,No,No,No,No phone service,DSL,No,Yes,Yes,No,No,Yes,Two year,Yes,Credit card (automatic)
4,85.65,338.9,Male,0,No,No,Yes,Yes,Fiber optic,No,No,No,No,No,Yes,Month-to-month,Yes,Electronic check
1,70.35,70.35,Male,0,No,No,Yes,No,Fiber optic,No,No,No,No,No,No,Month-to-month,Yes,Electronic check
57,94.0,5438.95,Female,1,Yes,No,Yes,Yes,Fiber optic,No,Yes,Yes,No,No,Yes,Month-to-month,No,Credit card (automatic)
29,35.6,1072.6,Male,0,No,No,No,No phone service,DSL,Yes,No,No,Yes,No,No,One year,No,Mailed check
53,93.45,4872.2,Female,0,Yes,No,Yes,No,Fiber optic,No,No,No,Yes,Yes,Yes,One year,Yes,Electronic check
2,70.15,123.8,Female,0,No,No,Yes,No,Fiber optic,No,No,No,No,No,No,Month-to-month,Yes,Electronic check
3,73.6,232.5,Male,0,No,No,Yes,No,Fiber optic,No,No,Yes,No,No,No,Month-to-month,Yes,Credit card (automatic)
71,80.7,5676.0,Female,1,Yes,No,Yes,Yes,Fiber optic,Yes,No,No,No,No,No,Two year,Yes,Credit card (automatic)
4,19.65,67.55,Male,0,No,No,Yes,No,No,No internet service,No internet service,No internet service,No internet service,No internet service,No internet service,Month-to-month,Yes,Mailed check
8,20.25,158.35,Male,0,Yes,No,Yes,No,No,No internet service,No internet service,No internet service,No internet service,No internet service,No internet service,Month-to-month,No,Mailed check
63,110.1,6705.7,Male,0,Yes,No,Yes,No,Fiber optic,Yes,Yes,Yes,Yes,Yes,Yes,Two year,Yes,Credit card (automatic)
70,40.05,2799.75,Male,0,No,No,No,No phone service,DSL,No,No,No,Yes,No,Yes,Two year,Yes,Mailed check
24,74.4,1712.9,Male,0,Yes,No,Yes,No,DSL,Yes,No,No,Yes,Yes,Yes,One year,No,Bank transfer (automatic)
2,74.95,151.75,Male,0,No,No,Yes,No,Fiber optic,No,Yes,No,No,No,No,Month-to-month,No,Electronic check
1,19.6,19.6,Male,0,No,No,Yes,No,No,No internet service,No internet service,No internet service,No internet service,No internet service,No internet service,Month-to-month,Yes,Mailed check
2,85.55,187.45,Female,1,No,No,Yes,Yes,Fiber optic,No,No,No,No,Yes,No,Month-to-month,Yes,Electronic check
57,90.45,5229.8,Male,0,No,No,Yes,Yes,Fiber optic,No,No,No,Yes,Yes,No,Two year,Yes,Credit card (automatic)
49,79.3,3902.45,Female,0,Yes,Yes,Yes,Yes,DSL,No,Yes,No,Yes,Yes,Yes,Two year,No,Bank transfer (automatic)
48,20.15,982.95,Male,0,No,No,Yes,No,No,No internet service,No internet service,No internet service,No internet service,No internet service,No internet service,Two year,No,Credit card (automatic)
53,19.05,990.45,Female,0,Yes,No,Yes,No,No,No internet service,No internet service,No internet service,No internet service,No internet service,No internet service,One year,No,Credit card (automatic)
62,100.15,6283.3,Female,0,Yes,Yes,Yes,No,Fiber optic,No,Yes,Yes,No,Yes,Yes,Month-to-month,Yes,Electronic check
72,20.05,1423.65,Female,0,Yes,No,Yes,No,No,No internet service,No internet service,No internet service,No internet service,No internet service,No internet service,Two year,No,Bank transfer (automatic)
45,87.25,3941.7,Female,0,No,No,Yes,Yes,Fiber optic,No,No,Yes,Yes,No,No,Month-to-month,Yes,Electronic check
69,78.6,5356.45,Male,0,No,No,Yes,Yes,DSL,Yes,Yes,Yes,Yes,No,Yes,One year,Yes,Credit card (automatic)
64,86.55,5632.55,Male,0,No,No,Yes,Yes,DSL,No,Yes,Yes,Yes,Yes,Yes,Two year,No,Credit card (automatic)
3,74.25,210.3,Female,0,No,No,Yes,Yes,Fiber optic,No,No,No,No,No,No,Month-to-month,Yes,Electronic check
54,63.35,3409.1,Male,0,Yes,Yes,Yes,Yes,DSL,No,No,Yes,No,No,Yes,Two year,No,Credit card (automatic)
16,90.8,1442.2,Male,0,Yes,Yes,Yes,Yes,Fiber optic,No,No,Yes,No,Yes,No,Month-to-month,Yes,Bank transfer (automatic)
27,79.5,2180.55,Male,0,No,Yes,Yes,Yes,Fiber optic,No,No,No,Yes,No,No,Month-to-month,Yes,Electronic check
15,19.5,239.75,Male,0,Yes,Yes,Yes,No,No,No internet service,No internet service,No internet service,No internet service,No internet service,No internet service,One year,Yes,Mailed check
2,95.85,197.7,Male,0,No,No,Yes,No,Fiber optic,No,No,Yes,No,Yes,Yes,Month-to-month,Yes,Electronic check
12,20.5,255.5,Male,0,Yes,Yes,Yes,No,No,No internet service,No internet service,No internet service,No internet service,No internet service,No internet service,Month-to-month,No,Mailed check
23,20.45,481.1,Male,0,No,No,Yes,No,No,No internet service,No internet service,No internet service,No internet service,No internet service,No internet service,One year,No,Mailed check
20,89.1,1879.25,Female,0,No,No,Yes,Yes,Fiber optic,Yes,No,No,No,Yes,No,Month-to-month,Yes,Bank transfer (automatic)
4,44.55,220.75,Male,0,No,No,Yes,No,DSL,No,No,No,No,No,No,Month-to-month,No,Mailed check
34,20.8,635.9,Male,0,Yes,Yes,Yes,No,No,No internet service,No internet service,No internet service,No internet service,No internet service,No internet service,Month-to-month,No,Mailed check
48,55.5,2627.35,Female,0,No,No,Yes,No,DSL,Yes,Yes,No,No,No,No,Two year,No,Credit card (automatic)
68,53.0,3656.25,Female,1,Yes,Yes,No,No phone service,DSL,No,Yes,Yes,No,Yes,Yes,Two year,Yes,Electronic check
7,20.05,96.8,Female,0,No,Yes,Yes,No,No,No internet service,No internet service,No internet service,No internet service,No internet service,No internet service,One year,No,Mailed check
64,99.15,6171.2,Male,0,No,Yes,Yes,No,Fiber optic,No,Yes,No,Yes,Yes,Yes,Month-to-month,Yes,Credit card (automatic)
6,89.3,577.6,Female,0,No,No,Yes,No,Fiber optic,No,No,No,No,Yes,Yes,Month-to-month,No,Electronic check
57,39.3,2111.45,Male,0,No,No,No,No phone service,DSL,No,Yes,No,No,Yes,No,Month-to-month,Yes,Electronic check
29,31.2,926.2,Female,0,No,No,No,No phone service,DSL,No,No,No,Yes,No,No,Month-to-month,Yes,Electronic check
23,49.7,1081.25,Female,0,No,No,Yes,No,DSL,No,No,Yes,No,No,No,Month-to-month,No,Credit card (automatic)
7,20.45,150.75,Female,0,Yes,Yes,Yes,No,No,No internet service,No internet service,No internet service,No internet service,No internet service,No internet service,Month-to-month,No,Mailed check
1,20.5,20.5,Male,0,No,No,Yes,No,No,No internet service,No internet service,No internet service,No internet service,No internet service,No internet service,Month-to-month,No,Mailed check
4,46.0,181.6,Female,1,Yes,Yes,Yes,No,DSL,No,No,No,No,No,No,Month-to-month,No,Electronic check
22,19.05,454.05,Female,0,Yes,Yes,Yes,No,No,No internet service,No internet service,No internet service,No internet service,No internet service,No internet service,Month-to-month,No,Bank transfer (automatic)
56,59.8,3457.45,Male,0,Yes,Yes,Yes,No,DSL,Yes,Yes,Yes,No,No,No,Two year,Yes,Bank transfer (automatic)
20,24.9,505.95,Female,0,No,No,No,No phone service,DSL,No,No,No,No,No,No,Month-to-month,No,Credit card (automatic)
21,90.05,1862.9,Female,0,No,No,Yes,No,Fiber optic,No,Yes,Yes,No,No,Yes,Month-to-month,Yes,Electronic check
54,108.0,5760.65,Male,0,No,No,Yes,Yes,Fiber optic,Yes,Yes,No,Yes,Yes,Yes,Two year,Yes,Credit card (automatic)
70,76.95,5289.8,Male,0,Yes,No,Yes,Yes,DSL,Yes,No,No,Yes,Yes,Yes,Two year,Yes,Credit card (automatic)
6,94.5,575.45,Male,0,No,Yes,Yes,No,Fiber optic,No,No,Yes,No,Yes,Yes,Month-to-month,No,Mailed check
62,20.05,1201.65,Male,0,No,No,Yes,No,No,No internet service,No internet service,No internet service,No internet service,No internet service,No internet service,Two year,Yes,Credit card (automatic)
53,94.85,5000.2,Female,0,Yes,No,Yes,No,Fiber optic,No,No,Yes,No,Yes,Yes,One year,Yes,Bank transfer (automatic)
11,74.55,824.75,Male,0,No,No,Yes,No,Fiber optic,No,Yes,No,No,No,No,Month-to-month,Yes,Electronic check
30,100.4,2936.25,Male,0,No,No,Yes,Yes,Fiber optic,Yes,No,No,No,Yes,Yes,Month-to-month,Yes,Bank transfer (automatic)
71,19.7,1415.85,Female,0,Yes,Yes,Yes,No,No,No internet service,No internet service,No internet service,No internet service,No internet service,No internet service,Two year,No,Credit card (automatic)
46,74.8,3548.3,Female,0,No,No,Yes,No,Fiber optic,No,No,Yes,No,No,No,Month-to-month,Yes,Credit card (automatic)
1,19.85,19.85,Male,0,Yes,Yes,Yes,No,No,No internet service,No internet service,No internet service,No internet service,No internet service,No internet service,One year,No,Credit card (automatic)
31,79.45,2587.7,Male,0,No,Yes,Yes,Yes,DSL,No,Yes,No,Yes,Yes,Yes,One year,Yes,Mailed check
56,68.75,3808.0,Female,0,Yes,Yes,Yes,Yes,DSL,Yes,No,Yes,No,No,Yes,One year,Yes,Bank transfer (automatic)
10,19.6,189.45,Male,0,Yes,No,Yes,No,No,No internet service,No internet service,No internet service,No internet service,No internet service,No internet service,One year,No,Bank transfer (automatic)
72,104.95,7544.3,Male,0,No,No,Yes,Yes,Fiber optic,No,Yes,Yes,No,Yes,Yes,One year,Yes,Electronic check
9,40.75,359.4,Female,0,No,No,No,No phone service,DSL,No,Yes,No,No,No,Yes,Month-to-month,No,Electronic check
39,101.25,3949.15,Female,1,Yes,No,Yes,Yes,Fiber optic,No,No,No,Yes,Yes,Yes,Month-to-month,Yes,Electronic check
54,46.0,2424.05,Male,0,Yes,Yes,No,No phone service,DSL,No,No,Yes,Yes,No,Yes,Two year,No,Credit card (automatic)
12,74.15,741.4,Male,0,Yes,No,Yes,No,DSL,No,No,Yes,Yes,Yes,Yes,Month-to-month,Yes,Electronic check
13,30.85,394.1,Female,0,No,No,No,No phone service,DSL,Yes,No,No,No,No,No,Month-to-month,Yes,Bank transfer (automatic)
20,89.4,1871.15,Female,0,No,No,Yes,No,Fiber optic,Yes,No,Yes,No,Yes,No,Month-to-month,Yes,Bank transfer (automatic)
71,56.45,3985.35,Male,1,No,No,No,No phone service,DSL,Yes,Yes,No,No,Yes,Yes,One year,Yes,Electronic check
1,44.9,44.9,Male,0,No,No,Yes,No,DSL,No,No,No,No,No,No,Month-to-month,Yes,Mailed check
12,98.1,1060.2,Female,1,Yes,No,Yes,Yes,Fiber optic,No,Yes,Yes,No,Yes,No,Month-to-month,Yes,Electronic check
72,20.7,1482.3,Female,0,Yes,Yes,Yes,No,No,No internet service,No internet service,No internet service,No internet service,No internet service,No internet service,Two year,Yes,Mailed check
2,80.2,146.05,Female,0,No,No,Yes,No,Fiber optic,No,No,No,No,Yes,No,Month-to-month,Yes,Electronic check
46,54.35,2460.15,Female,0,No,No,Yes,No,DSL,No,No,Yes,Yes,No,No,Two year,No,Credit card (automatic)
17,106.65,1672.1,Male,0,No,No,Yes,Yes,Fiber optic,Yes,Yes,Yes,Yes,Yes,No,Month-to-month,Yes,Bank transfer (automatic)
51,97.8,4913.3,Male,1,No,No,Yes,Yes,Fiber optic,No,No,Yes,No,Yes,Yes,Month-to-month,Yes,Electronic check
69,95.75,6511.25,Male,0,Yes,Yes,Yes,Yes,Fiber optic,No,Yes,Yes,No,Yes,No,One year,No,Credit card (automatic)
30,19.8,576.65,Male,0,Yes,No,Yes,No,No,No internet service,No internet service,No internet service,No internet service,No internet service,No internet service,One year,No,Credit card (automatic)
30,94.4,2638.1,Female,0,No,No,Yes,No,Fiber optic,No,No,No,Yes,Yes,Yes,One year,Yes,Bank transfer (automatic)
72,108.4,7767.25,Male,0,Yes,Yes,Yes,Yes,Fiber optic,Yes,Yes,Yes,No,Yes,Yes,Two year,Yes,Credit card (automatic)
8,45.15,438.4,Male,0,No,No,Yes,No,DSL,No,No,No,No,No,No,Month-to-month,Yes,Mailed check
13,82.0,1127.2,Female,1,No,No,Yes,Yes,Fiber optic,No,No,No,No,No,Yes,Month-to-month,Yes,Electronic check
65,103.15,6792.45,Male,1,Yes,No,Yes,Yes,Fiber optic,No,Yes,Yes,No,Yes,Yes,One year,Yes,Bank transfer (automatic)
52,21.0,1107.2,Male,0,No,No,Yes,No,No,No internet service,No internet service,No internet service,No internet service,No internet service,No internet service,Two year,No,Bank transfer (automatic)
49,20.15,973.35,Female,0,Yes,No,Yes,No,No,No internet service,No internet service,No internet service,No internet service,No internet service,No internet service,Two year,Yes,Bank transfer (automatic)
1,19.55,19.55,Male,0,No,No,Yes,No,No,No internet service,No internet service,No internet service,No internet service,No internet service,No internet service,Month-to-month,No,Mailed check
40,102.65,4108.15,Male,0,No,No,Yes,Yes,Fiber optic,No,Yes,Yes,No,Yes,Yes,Month-to-month,Yes,Mailed check
1,90.6,90.6,Female,1,Yes,No,Yes,Yes,Fiber optic,No,Yes,No,No,Yes,No,Month-to-month,Yes,Electronic check
6,89.35,567.8,Female,1,No,No,Yes,No,Fiber optic,No,No,No,No,Yes,Yes,Month-to-month,Yes,Electronic check
35,72.1,2495.15,Male,0,No,Yes,Yes,No,DSL,No,No,No,Yes,Yes,Yes,One year,Yes,Mailed check
7,69.15,488.65,Male,0,No,No,Yes,No,Fiber optic,No,No,No,No,No,No,Month-to-month,No,Bank transfer (automatic)
1,25.4,25.4,Female,0,No,Yes,Yes,Yes,No,No internet service,No internet service,No internet service,No internet service,No internet service,No internet service,Month-to-month,No,Mailed check
5,84.85,415.55,Female,1,No,No,Yes,No,Fiber optic,No,No,Yes,No,Yes,No,Month-to-month,Yes,Mailed check
29,20.35,617.35,Female,0,No,No,Yes,No,No,No internet service,No internet service,No internet service,No internet service,No internet service,No internet service,One year,No,Mailed check
62,81.0,4985.9,Female,0,Yes,No,Yes,No,DSL,Yes,No,Yes,Yes,Yes,Yes,Two year,No,Mailed check
69,46.25,3121.4,Female,0,Yes,Yes,No,No phone service,DSL,Yes,Yes,Yes,Yes,No,No,Two year,No,Bank transfer (automatic)
63,103.4,6603.0,Male,0,Yes,No,Yes,Yes,Fiber optic,No,Yes,Yes,No,Yes,Yes,Month-to-month,Yes,Electronic check
1,20.15,20.15,Female,0,No,No,Yes,No,No,No internet service,No internet service,No internet service,No internet service,No internet service,No internet service,Month-to-month,Yes,Mailed check
3,85.8,272.2,Female,0,No,No,Yes,No,Fiber optic,No,No,No,Yes,No,Yes,Month-to-month,No,Electronic check
57,74.3,4166.35,Female,0,No,No,Yes,No,DSL,Yes,Yes,Yes,Yes,Yes,No,Two year,Yes,Credit card (automatic)
50,100.65,5189.75,Female,1,Yes,No,Yes,Yes,Fiber optic,No,No,No,Yes,Yes,Yes,One year,Yes,Electronic check
15,74.45,1145.7,Female,1,No,No,Yes,Yes,Fiber optic,No,No,No,No,No,No,Month-to-month,Yes,Mailed check
1,50.8,50.8,Female,0,No,No,Yes,No,DSL,No,No,No,Yes,No,No,Month-to-month,Yes,Electronic check
18,77.8,1358.6,Female,0,No,No,Yes,No,Fiber optic,No,Yes,Yes,No,No,No,Month-to-month,No,Electronic check
70,58.35,4214.25,Female,0,No,No,No,No phone service,DSL,Yes,No,Yes,Yes,Yes,Yes,Two year,Yes,Bank transfer (automatic)
1,75.8,75.8,Female,0,No,No,Yes,No,Fiber optic,No,Yes,No,No,No,No,Month-to-month,No,Electronic check
47,85.3,4107.25,Female,0,Yes,Yes,Yes,Yes,DSL,Yes,Yes,No,Yes,Yes,Yes,Two year,Yes,Credit card (automatic)
66,110.6,7210.85,Female,1,Yes,Yes,Yes,Yes,Fiber optic,Yes,Yes,No,Yes,Yes,Yes,One year,Yes,Credit card (automatic)
15,29.7,438.25,Male,0,No,No,No,No phone service,DSL,No,No,No,Yes,No,No,Month-to-month,Yes,Electronic check
21,71.05,1524.85,Female,0,No,No,Yes,No,DSL,Yes,Yes,No,Yes,Yes,No,Two year,No,Credit card (automatic)
5,85.2,474.8,Female,0,No,No,Yes,Yes,Fiber optic,No,No,No,No,Yes,No,Month-to-month,Yes,Electronic check
12,45.4,518.9,Male,0,No,No,Yes,No,DSL,No,No,No,No,No,No,Month-to-month,Yes,Bank transfer (automatic)
72,89.4,6376.55,Male,0,Yes,Yes,Yes,Yes,DSL,Yes,Yes,Yes,Yes,Yes,Yes,Two year,Yes,Mailed check
8,19.85,146.6,Female,0,Yes,Yes,Yes,No,No,No internet service,No internet service,No internet service,No internet service,No internet service,No internet service,Two year,Yes,Mailed check
24,89.25,2210.2,Male,0,Yes,No,Yes,No,Fiber optic,Yes,No,No,Yes,No,Yes,Month-to-month,Yes,Electronic check
43,100.0,4211.55,Male,0,No,No,Yes,Yes,Fiber optic,No,No,No,Yes,Yes,Yes,One year,Yes,Electronic check
47,99.35,4749.15,Male,0,Yes,Yes,Yes,Yes,Fiber optic,No,Yes,No,No,Yes,Yes,Month-to-month,Yes,Electronic check
23,20.4,478.75,Female,0,Yes,Yes,Yes,No,No,No internet service,No internet service,No internet service,No internet service,No internet service,No internet service,Two year,No,Bank transfer (automatic)
45,89.3,4192.15,Female,0,No,No,Yes,Yes,Fiber optic,No,No,Yes,No,No,Yes,Month-to-month,Yes,Credit card (automatic)
49,20.45,1024.65,Female,0,No,Yes,Yes,No,No,No internet service,No internet service,No internet service,No internet service,No internet service,No internet service,Two year,No,Credit card (automatic)
2,34.7,62.25,Female,0,No,No,No,No phone service,DSL,No,No,No,No,No,Yes,Month-to-month,Yes,Electronic check
72,109.75,7932.5,Male,1,Yes,No,Yes,Yes,Fiber optic,No,Yes,Yes,Yes,Yes,Yes,Two year,Yes,Bank transfer (automatic)
54,79.5,4370.25,Female,1,No,No,Yes,Yes,Fiber optic,No,Yes,No,No,No,No,Month-to-month,Yes,Electronic check
72,65.1,4754.3,Male,0,Yes,Yes,No,No phone service,DSL,Yes,Yes,Yes,Yes,Yes,Yes,Two year,Yes,Credit card (automatic)
27,25.85,788.55,Male,0,No,Yes,Yes,Yes,No,No internet service,No internet service,No internet service,No internet service,No internet service,No internet service,Two year,Yes,Credit card (automatic)
41,35.4,1412.4,Female,0,Yes,Yes,No,No phone service,DSL,Yes,No,Yes,No,No,No,One year,No,Credit card (automatic)
4,89.6,365.65,Female,0,No,Yes,Yes,Yes,Fiber optic,No,Yes,No,No,Yes,No,Month-to-month,No,Mailed check
72,104.9,7732.65,Male,0,Yes,Yes,Yes,Yes,Fiber optic,Yes,Yes,Yes,Yes,No,Yes,Two year,Yes,Credit card (automatic)
70,58.4,4113.15,Female,0,Yes,Yes,No,No phone service,DSL,No,Yes,Yes,Yes,Yes,Yes,One year,Yes,Bank transfer (automatic)
17,62.1,1096.65,Male,0,Yes,Yes,Yes,Yes,DSL,Yes,No,No,Yes,No,No,One year,Yes,Mailed check
72,59.75,4265.0,Female,0,No,No,Yes,Yes,DSL,Yes,Yes,No,No,No,No,Two year,No,Bank transfer (automatic)
71,118.65,8477.6,Female,0,No,No,Yes,Yes,Fiber optic,Yes,Yes,Yes,Yes,Yes,Yes,Two year,Yes,Electronic check
57,18.8,1094.35,Male,0,No,No,Yes,No,No,No internet service,No internet service,No internet service,No internet service,No internet service,No internet service,Two year,No,Credit card (automatic)
66,20.0,1374.2,Male,0,Yes,Yes,Yes,No,No,No internet service,No internet service,No internet service,No internet service,No internet service,No internet service,Two year,No,Credit card (automatic)
37,90.0,3371.75,Female,1,Yes,No,Yes,No,Fiber optic,No,No,Yes,Yes,Yes,No,Month-to-month,No,Electronic check
60,61.4,3638.25,Male,0,No,No,Yes,No,DSL,Yes,Yes,Yes,No,No,No,Two year,No,Electronic check
35,19.65,708.8,Female,0,Yes,Yes,Yes,No,No,No internet service,No internet service,No internet service,No internet service,No internet service,No internet service,One year,No,Mailed check
57,20.75,1118.8,Male,0,No,No,Yes,No,No,No internet service,No internet service,No internet service,No internet service,No internet service,No internet service,Two year,No,Mailed check
16,85.35,1375.15,Female,1,Yes,No,Yes,Yes,Fiber optic,No,No,No,No,No,Yes,Month-to-month,Yes,Credit card (automatic)
11,99.55,1131.2,Female,1,Yes,No,Yes,Yes,Fiber optic,No,No,Yes,No,Yes,Yes,Month-to-month,Yes,Electronic check
33,83.85,2716.3,Male,1,No,No,Yes,Yes,Fiber optic,No,Yes,Yes,No,No,No,Month-to-month,Yes,Credit card (automatic)
55,77.75,4266.4,Female,0,Yes,No,Yes,Yes,Fiber optic,No,Yes,No,No,No,No,Month-to-month,Yes,Credit card (automatic)
17,89.4,1539.45,Male,0,Yes,Yes,Yes,No,Fiber optic,Yes,No,Yes,No,Yes,No,Month-to-month,Yes,Electronic check
3,95.4,293.15,Female,0,No,No,Yes,No,Fiber optic,No,Yes,No,No,Yes,Yes,Month-to-month,No,Electronic check
57,101.3,5779.6,Female,1,No,No,Yes,Yes,Fiber optic,Yes,No,Yes,Yes,No,Yes,Two year,No,Credit card (automatic)
34,77.2,2753.8,Male,0,Yes,Yes,Yes,Yes,DSL,No,No,Yes,No,Yes,Yes,One year,No,Bank transfer (automatic)
10,60.2,563.5,Male,0,Yes,Yes,Yes,No,DSL,No,No,Yes,No,Yes,No,Month-to-month,No,Mailed check
1,69.75,69.75,Male,1,No,No,Yes,No,Fiber optic,No,No,No,No,No,No,Month-to-month,Yes,Electronic check
1,69.7,69.7,Female,0,No,No,Yes,No,Fiber optic,No,No,No,No,No,No,Month-to-month,No,Bank transfer (automatic)
64,115.0,7396.15,Female,0,Yes,No,Yes,Yes,Fiber optic,Yes,Yes,Yes,Yes,Yes,Yes,One year,Yes,Electronic check
38,101.15,3741.85,Male,1,Yes,Yes,Yes,Yes,Fiber optic,No,Yes,No,No,Yes,Yes,Month-to-month,No,Electronic check
12,89.15,1057.55,Female,0,No,No,Yes,Yes,Fiber optic,No,Yes,No,No,No,Yes,Month-to-month,Yes,Electronic check
68,103.25,7074.4,Male,0,Yes,Yes,Yes,No,Fiber optic,Yes,Yes,Yes,No,Yes,Yes,Two year,Yes,Credit card (automatic)
62,101.35,6164.7,Female,0,Yes,No,Yes,Yes,Fiber optic,No,No,Yes,No,Yes,Yes,Month-to-month,Yes,Electronic check
23,19.65,478.1,Female,0,No,No,Yes,No,No,No internet service,No internet service,No internet service,No internet service,No internet service,No internet service,One year,Yes,Credit card (automatic)
3,69.55,200.2,Female,0,Yes,Yes,Yes,No,Fiber optic,No,No,No,No,No,No,Month-to-month,Yes,Electronic check
18,73.15,1305.95,Male,0,Yes,No,Yes,Yes,Fiber optic,No,No,No,No,No,No,Month-to-month,Yes,Electronic check
69,87.3,6055.55,Female,1,Yes,No,Yes,No,Fiber optic,Yes,Yes,No,No,No,Yes,One year,No,Credit card (automatic)
51,84.2,4299.75,Male,0,Yes,Yes,Yes,Yes,Fiber optic,No,Yes,No,Yes,No,No,One year,No,Bank transfer (automatic)
24,74.8,1821.2,Male,0,Yes,Yes,Yes,Yes,DSL,Yes,No,No,No,Yes,Yes,One year,No,Mailed check
18,20.25,401.95,Female,0,Yes,Yes,Yes,No,No,No internet service,No internet service,No internet service,No internet service,No internet service,No internet service,Month-to-month,Yes,Mailed check
15,105.35,1559.25,Female,0,Yes,Yes,Yes,Yes,Fiber optic,No,Yes,Yes,No,Yes,Yes,Month-to-month,Yes,Bank transfer (automatic)
1,85.45,85.45,Female,0,No,No,Yes,Yes,Fiber optic,No,No,No,No,No,Yes,Month-to-month,Yes,Mailed check
36,104.8,3886.45,Female,0,No,No,Yes,Yes,Fiber optic,No,Yes,Yes,No,Yes,Yes,One year,Yes,Bank transfer (automatic)
13,43.8,592.65,Female,0,Yes,No,Yes,No,DSL,No,No,No,No,No,No,One year,No,Electronic check
3,36.85,108.7,Male,0,No,No,No,No phone service,DSL,No,Yes,No,Yes,No,No,Month-to-month,Yes,Mailed check
36,94.8,3565.65,Female,0,No,No,Yes,No,Fiber optic,No,Yes,No,No,Yes,Yes,Month-to-month,Yes,Credit card (automatic)
1,44.8,44.8,Male,0,No,No,Yes,No,DSL,No,No,No,No,No,No,Month-to-month,Yes,Electronic check
63,109.25,6841.4,Female,0,Yes,No,Yes,Yes,Fiber optic,No,Yes,Yes,Yes,Yes,Yes,Two year,Yes,Bank transfer (automatic)
20,20.65,417.5,Male,0,Yes,No,Yes,No,No,No internet service,No internet service,No internet service,No internet service,No internet service,No internet service,One year,No,Mailed check
41,74.7,3187.65,Female,0,Yes,Yes,Yes,No,DSL,Yes,No,No,Yes,Yes,Yes,One year,Yes,Credit card (automatic)
15,87.75,1242.2,Male,0,No,No,Yes,Yes,Fiber optic,Yes,No,No,No,Yes,No,Month-to-month,Yes,Bank transfer (automatic)
3,50.6,155.35,Female,0,No,No,No,No phone service,DSL,No,Yes,No,No,Yes,Yes,Month-to-month,Yes,Electronic check
72,108.2,7840.6,Male,0,Yes,No,Yes,Yes,Fiber optic,No,Yes,Yes,Yes,Yes,Yes,Two year,Yes,Electronic check
23,20.75,485.2,Male,1,Yes,No,Yes,No,No,No internet service,No internet service,No internet service,No internet service,No internet service,No internet service,One year,Yes,Electronic check
56,24.9,1334.0,Male,0,No,No,Yes,Yes,No,No internet service,No internet service,No internet service,No internet service,No internet service,No internet service,One year,No,Electronic check
1,45.75,45.75,Male,0,No,No,Yes,No,DSL,No,No,No,No,No,No,Month-to-month,No,Electronic check
4,94.75,422.4,Male,1,No,No,Yes,No,Fiber optic,No,No,Yes,No,Yes,Yes,Month-to-month,Yes,Electronic check
5,74.65,383.65,Male,0,No,No,Yes,No,Fiber optic,No,Yes,No,No,No,No,Month-to-month,Yes,Electronic check
52,72.95,3829.75,Male,1,No,No,Yes,Yes,Fiber optic,No,No,No,No,No,No,Month-to-month,Yes,Bank transfer (automatic)
48,111.45,5315.1,Male,0,Yes,No,Yes,Yes,Fiber optic,Yes,Yes,Yes,No,Yes,Yes,Month-to-month,Yes,Bank transfer (automatic)
49,95.6,4783.5,Female,0,Yes,Yes,Yes,Yes,Fiber optic,No,No,No,No,Yes,Yes,Month-to-month,Yes,Electronic check
14,20.05,299.3,Male,0,No,No,Yes,No,No,No internet service,No internet service,No internet service,No internet service,No internet service,No internet service,Month-to-month,Yes,Electronic check
66,19.95,1269.1,Male,0,No,Yes,Yes,No,No,No internet service,No internet service,No internet service,No internet service,No internet service,No internet service,Two year,No,Credit card (automatic)
41,70.25,2868.05,Female,0,No,No,Yes,No,Fiber optic,No,No,No,No,No,No,Month-to-month,No,Bank transfer (automatic)
49,55.35,2633.95,Male,0,Yes,No,Yes,Yes,DSL,Yes,No,No,No,No,No,One year,Yes,Electronic check
71,73.5,5357.75,Male,0,Yes,No,Yes,Yes,DSL,Yes,Yes,No,Yes,Yes,No,Two year,No,Credit card (automatic)
1,24.8,24.8,Male,0,No,No,No,No phone service,DSL,No,No,No,No,No,No,Month-to-month,No,Bank transfer (automatic)
71,99.2,7213.75,Female,1,Yes,No,Yes,No,Fiber optic,No,Yes,Yes,No,Yes,Yes,Two year,Yes,Electronic check
15,99.7,1566.75,Male,0,No,No,Yes,Yes,Fiber optic,Yes,No,No,No,Yes,Yes,Month-to-month,Yes,Electronic check
50,100.2,5038.45,Female,0,No,No,Yes,No,Fiber optic,No,Yes,No,Yes,Yes,Yes,Two year,Yes,Mailed check
3,35.45,106.85,Male,0,No,No,No,No phone service,DSL,Yes,Yes,No,No,No,No,Month-to-month,Yes,Mailed check
15,25.2,387.9,Female,0,Yes,No,Yes,Yes,No,No internet service,No internet service,No internet service,No internet service,No internet service,No internet service,Two year,No,Mailed check
3,69.85,199.85,Female,0,No,No,Yes,No,Fiber optic,No,No,No,No,No,No,Month-to-month,Yes,Electronic check
65,100.15,6643.5,Female,0,Yes,No,Yes,Yes,Fiber optic,Yes,Yes,No,Yes,Yes,No,One year,Yes,Bank transfer (automatic)
1,19.9,19.9,Male,0,Yes,Yes,Yes,No,No,No internet service,No internet service,No internet service,No internet service,No internet service,No internet service,Month-to-month,No,Mailed check
15,59.45,892.65,Female,0,No,No,Yes,No,DSL,No,No,Yes,No,No,Yes,Month-to-month,Yes,Electronic check
40,96.35,3915.4,Female,0,Yes,Yes,Yes,Yes,Fiber optic,No,Yes,Yes,No,Yes,No,Month-to-month,Yes,Credit card (automatic)
33,80.1,2603.3,Male,0,No,No,Yes,Yes,Fiber optic,Yes,No,No,No,No,No,One year,No,Bank transfer (automatic)
9,94.85,890.6,Male,0,Yes,No,Yes,No,Fiber optic,No,Yes,Yes,Yes,Yes,No,Month-to-month,Yes,Mailed check
2,46.0,84.5,Male,0,No,No,Yes,No,DSL,No,No,No,No,No,No,Month-to-month,Yes,Credit card (automatic)
28,60.0,1682.05,Male,0,Yes,Yes,No,No phone service,DSL,No,Yes,Yes,Yes,Yes,Yes,One year,Yes,Credit card (automatic)
13,65.85,902.25,Male,0,Yes,No,Yes,Yes,DSL,Yes,No,No,No,No,Yes,Month-to-month,Yes,Electronic check
15,19.65,270.6,Female,0,No,Yes,Yes,No,No,No internet service,No internet service,No internet service,No internet service,No internet service,No internet service,One year,No,Mailed check
28,56.05,1522.65,Female,0,No,No,Yes,No,DSL,Yes,Yes,No,No,No,No,Month-to-month,No,Electronic check
12,20.4,266.6,Female,0,No,No,Yes,No,No,No internet service,No internet service,No internet service,No internet service,No internet service,No internet service,Month-to-month,No,Mailed check
5,83.15,446.05,Female,1,No,No,Yes,Yes,Fiber optic,No,No,No,No,Yes,No,Month-to-month,Yes,Credit card (automatic)
35,106.9,3756.45,Female,0,Yes,Yes,Yes,No,Fiber optic,Yes,No,Yes,Yes,Yes,Yes,Month-to-month,Yes,Electronic check
1,69.95,69.95,Male,0,Yes,Yes,Yes,No,Fiber optic,No,No,No,No,No,No,Month-to-month,Yes,Credit card (automatic)
11,60.9,688.5,Male,0,No,No,Yes,No,DSL,No,Yes,Yes,Yes,No,No,Month-to-month,Yes,Electronic check
57,20.75,1123.15,Male,0,Yes,Yes,Yes,No,No,No internet service,No internet service,No internet service,No internet service,No internet service,No internet service,Two year,No,Mailed check
28,94.5,2659.4,Male,0,No,No,Yes,Yes,Fiber optic,Yes,Yes,No,No,No,Yes,Month-to-month,Yes,Credit card (automatic)
44,24.85,1013.6,Male,0,Yes,Yes,Yes,Yes,No,No internet service,No internet service,No internet service,No internet service,No internet service,No internet service,One year,No,Electronic check
72,19.75,1567.0,Female,0,No,Yes,Yes,No,No,No internet service,No internet service,No internet service,No internet service,No internet service,No internet service,Two year,Yes,Mailed check
17,69.0,1108.0,Female,0,No,No,Yes,Yes,DSL,No,No,Yes,Yes,Yes,No,Month-to-month,Yes,Mailed check
64,113.35,7222.75,Female,0,Yes,Yes,Yes,Yes,Fiber optic,Yes,Yes,Yes,Yes,Yes,Yes,One year,No,Electronic check
2,80.2,181.1,Male,0,No,No,Yes,No,Fiber optic,No,No,No,No,No,Yes,Month-to-month,Yes,Electronic check
4,42.4,146.4,Male,0,No,No,No,No phone service,DSL,Yes,Yes,No,Yes,No,No,Month-to-month,No,Mailed check
2,86.0,165.45,Male,0,No,No,Yes,Yes,Fiber optic,No,No,No,No,No,Yes,Month-to-month,Yes,Electronic check
6,20.0,109.2,Female,0,No,No,Yes,No,No,No internet service,No internet service,No internet service,No internet service,No internet service,No internet service,Month-to-month,No,Mailed check
5,55.7,259.4,Male,0,Yes,Yes,Yes,Yes,DSL,No,No,No,Yes,No,No,Month-to-month,Yes,Mailed check
68,80.65,5330.2,Female,0,No,No,Yes,Yes,DSL,No,Yes,Yes,No,Yes,Yes,Two year,Yes,Electronic check
57,19.6,1134.25,Female,0,Yes,No,Yes,No,No,No internet service,No internet service,No internet service,No internet service,No internet service,No internet service,Two year,Yes,Bank transfer (automatic)
46,94.9,4422.95,Male,0,No,No,Yes,Yes,Fiber optic,No,Yes,Yes,No,Yes,No,One year,Yes,Credit card (automatic)
8,25.5,215.2,Male,0,No,Yes,No,No phone service,DSL,No,No,No,No,No,No,Month-to-month,No,Mailed check
55,100.15,5409.75,Female,1,No,No,Yes,Yes,Fiber optic,No,No,Yes,No,Yes,Yes,One year,Yes,Electronic check
3,20.85,72.0,Female,0,Yes,No,Yes,No,No,No internet service,No internet service,No internet service,No internet service,No internet service,No internet service,Month-to-month,No,Mailed check
41,89.2,3645.75,Male,0,No,No,Yes,Yes,Fiber optic,No,Yes,No,No,Yes,No,Month-to-month,Yes,Electronic check
3,64.4,195.65,Male,0,No,No,Yes,No,DSL,Yes,No,No,Yes,Yes,No,Month-to-month,Yes,Credit card (automatic)
1,69.8,69.8,Female,0,Yes,Yes,Yes,No,Fiber optic,No,No,No,No,No,No,Month-to-month,Yes,Electronic check
64,68.3,4378.8,Female,0,Yes,No,Yes,No,DSL,No,Yes,Yes,Yes,No,Yes,Two year,Yes,Mailed check
71,93.25,6669.45,Male,0,Yes,No,Yes,Yes,Fiber optic,No,Yes,Yes,No,No,Yes,Month-to-month,Yes,Bank transfer (automatic)
15,19.6,331.6,Female,0,No,No,Yes,No,No,No internet service,No internet service,No internet service,No internet service,No internet service,No internet service,Two year,No,Mailed check
72,55.65,3880.05,Female,0,Yes,Yes,No,No phone service,DSL,Yes,Yes,Yes,Yes,No,Yes,Two year,No,Credit card (automatic)
1,73.6,73.6,Female,0,No,Yes,Yes,No,Fiber optic,Yes,No,No,No,No,No,Month-to-month,Yes,Mailed check
6,78.65,483.3,Male,0,No,No,Yes,No,DSL,Yes,No,Yes,Yes,Yes,Yes,Month-to-month,No,Credit card (automatic)
63,50.65,3221.25,Female,0,Yes,Yes,Yes,No,DSL,Yes,No,No,No,No,No,Two year,Yes,Bank transfer (automatic)
31,49.85,1520.1,Female,0,No,No,No,No phone service,DSL,Yes,Yes,No,Yes,No,Yes,Two year,Yes,Bank transfer (automatic)
38,19.3,755.5,Female,0,No,No,Yes,No,No,No internet service,No internet service,No internet service,No internet service,No internet service,No internet service,One year,No,Mailed check
13,80.5,1011.8,Female,0,No,No,Yes,No,Fiber optic,No,No,No,No,No,Yes,Month-to-month,Yes,Electronic check
33,20.1,670.35,Female,0,Yes,Yes,Yes,No,No,No internet service,No internet service,No internet service,No internet service,No internet service,No internet service,Two year,No,Mailed check
17,92.55,1515.1,Male,0,Yes,Yes,Yes,Yes,Fiber optic,No,No,No,No,Yes,Yes,Month-to-month,Yes,Electronic check
1,69.95,69.95,Male,0,No,No,Yes,No,Fiber optic,No,No,No,No,No,No,Month-to-month,No,Electronic check
72,86.4,6058.95,Female,0,Yes,No,Yes,Yes,DSL,Yes,Yes,No,Yes,Yes,Yes,Two year,Yes,Bank transfer (automatic)
17,20.1,279.5,Male,0,No,No,Yes,No,No,No internet service,No internet service,No internet service,No internet service,No internet service,No internet service,One year,Yes,Mailed check
20,64.4,1398.6,Male,0,No,No,Yes,No,DSL,Yes,No,Yes,No,No,Yes,Month-to-month,No,Credit card (automatic)
42,74.15,3229.4,Female,1,Yes,No,Yes,No,Fiber optic,Yes,No,No,No,No,No,Month-to-month,Yes,Credit card (automatic)
42,73.9,3160.55,Female,0,No,No,Yes,No,DSL,Yes,Yes,Yes,Yes,No,Yes,One year,No,Credit card (automatic)
10,89.8,914.3,Male,1,Yes,No,Yes,Yes,Fiber optic,No,No,Yes,No,No,Yes,Month-to-month,Yes,Electronic check
55,20.3,1079.05,Female,0,Yes,Yes,Yes,No,No,No internet service,No internet service,No internet service,No internet service,No internet service,No internet service,Two year,No,Mailed check
38,20.25,814.75,Female,0,Yes,No,Yes,No,No,No internet service,No internet service,No internet service,No internet service,No internet service,No internet service,One year,Yes,Credit card (automatic)
19,89.1,1620.8,Female,0,Yes,No,Yes,Yes,Fiber optic,No,Yes,No,No,No,Yes,Month-to-month,Yes,Electronic check
61,25.0,1498.35,Female,0,No,Yes,Yes,Yes,No,No internet service,No internet service,No internet service,No internet service,No internet service,No internet service,Two year,Yes,Credit card (automatic)
20,24.45,482.8,Female,0,Yes,No,No,No phone service,DSL,No,No,No,No,No,No,Month-to-month,Yes,Electronic check
2,43.95,85.1,Female,1,No,No,Yes,No,DSL,No,No,No,No,No,No,Month-to-month,No,Electronic check
72,21.15,1419.4,Female,0,No,No,Yes,No,No,No internet service,No internet service,No internet service,No internet service,No internet service,No internet service,Two year,Yes,Bank transfer (automatic)
61,68.05,4158.25,Male,0,Yes,Yes,Yes,No,DSL,Yes,Yes,Yes,Yes,No,No,Two year,Yes,Bank transfer (automatic)
1,80.8,80.8,Male,0,No,No,Yes,No,Fiber optic,No,No,No,No,No,Yes,Month-to-month,Yes,Electronic check
16,20.15,341.35,Male,0,Yes,Yes,Yes,No,No,No internet service,No internet service,No internet service,No internet service,No internet service,No internet service,Month-to-month,No,Electronic check
6,91.0,531.0,Male,0,Yes,No,Yes,No,Fiber optic,No,Yes,Yes,No,No,Yes,Month-to-month,Yes,Electronic check
24,89.55,2259.35,Female,0,No,No,Yes,Yes,Fiber optic,No,No,No,Yes,No,Yes,Month-to-month,Yes,Electronic check
72,85.9,6110.75,Female,0,Yes,Yes,Yes,Yes,DSL,Yes,No,Yes,Yes,Yes,Yes,Two year,Yes,Credit card (automatic)
16,71.8,1167.8,Male,1,Yes,No,Yes,No,Fiber optic,No,No,No,No,No,No,Month-to-month,Yes,Bank transfer (automatic)
8,44.55,343.45,Male,0,No,Yes,No,No phone service,DSL,Yes,No,No,Yes,No,Yes,Two year,Yes,Mailed check
68,25.75,1686.15,Male,0,Yes,Yes,Yes,Yes,No,No internet service,No internet service,No internet service,No internet service,No internet service,No internet service,Two year,No,Mailed check
1,20.05,20.05,Male,0,No,Yes,Yes,No,No,No internet service,No internet service,No internet service,No internet service,No internet service,No internet service,Month-to-month,No,Mailed check
20,96.8,1826.7,Male,0,Yes,Yes,Yes,Yes,Fiber optic,No,Yes,No,Yes,Yes,No,Month-to-month,No,Mailed check
71,116.05,8297.5,Male,0,Yes,Yes,Yes,Yes,Fiber optic,Yes,Yes,Yes,Yes,Yes,Yes,Two year,Yes,Bank transfer (automatic)
46,80.4,3605.2,Male,1,Yes,No,Yes,No,Fiber optic,No,No,No,No,No,Yes,Month-to-month,Yes,Electronic check
57,19.75,1272.05,Female,0,Yes,Yes,Yes,No,No,No internet service,No internet service,No internet service,No internet service,No internet service,No internet service,Two year,No,Bank transfer (automatic)
1,81.95,81.95,Female,0,No,No,Yes,No,Fiber optic,No,No,No,No,No,Yes,Month-to-month,Yes,Electronic check
2,45.55,84.4,Female,0,No,No,Yes,No,DSL,No,No,No,No,No,No,Month-to-month,No,Electronic check
65,90.65,5931.0,Male,0,Yes,No,Yes,Yes,Fiber optic,No,Yes,No,No,No,Yes,Month-to-month,Yes,Electronic check
18,64.8,1166.7,Female,0,No,Yes,Yes,Yes,DSL,Yes,No,No,No,No,Yes,Month-to-month,No,Electronic check
6,49.25,255.6,Female,0,No,No,No,No phone service,DSL,No,No,No,Yes,Yes,Yes,One year,Yes,Mailed check
23,81.85,1810.85,Female,0,Yes,Yes,Yes,Yes,Fiber optic,Yes,No,No,No,No,No,One year,No,Credit card (automatic)
22,61.15,1422.05,Female,0,Yes,Yes,Yes,No,DSL,Yes,Yes,Yes,No,No,No,Month-to-month,No,Mailed check
69,73.7,4885.85,Female,0,Yes,Yes,Yes,Yes,DSL,Yes,Yes,No,Yes,Yes,No,One year,No,Credit card (automatic)
2,44.15,92.65,Male,1,No,No,Yes,No,DSL,No,No,No,No,No,No,Month-to-month,Yes,Electronic check
3,71.1,213.35,Female,0,No,No,Yes,No,DSL,Yes,Yes,No,Yes,No,Yes,Two year,No,Mailed check
36,31.05,1126.35,Female,0,No,No,No,No phone service,DSL,Yes,No,No,No,No,No,Two year,No,Bank transfer (automatic)
11,20.0,211.95,Female,0,No,No,Yes,No,No,No internet service,No internet service,No internet service,No internet service,No internet service,No internet service,One year,No,Mailed check
59,20.6,1286.0,Female,0,Yes,Yes,Yes,No,No,No internet service,No internet service,No internet service,No internet service,No internet service,No internet service,Two year,No,Mailed check
11,104.05,1133.65,Female,1,Yes,No,Yes,Yes,Fiber optic,No,No,Yes,Yes,Yes,Yes,Month-to-month,Yes,Bank transfer (automatic)
5,45.4,214.75,Male,1,No,No,No,No phone service,DSL,No,No,Yes,Yes,Yes,No,Month-to-month,No,Credit card (automatic)
2,44.3,89.3,Female,1,No,No,Yes,No,DSL,No,No,No,No,No,No,Month-to-month,Yes,Electronic check
1,19.75,19.75,Male,0,Yes,Yes,Yes,No,No,No internet service,No internet service,No internet service,No internet service,No internet service,No internet service,Month-to-month,No,Electronic check
4,63.75,226.2,Male,0,No,No,Yes,No,DSL,No,Yes,No,Yes,Yes,No,Month-to-month,Yes,Bank transfer (automatic)
1,50.65,50.65,Male,0,No,No,Yes,No,DSL,No,Yes,No,No,No,No,Month-to-month,No,Mailed check
69,84.45,5848.6,Female,0,Yes,Yes,Yes,Yes,Fiber optic,Yes,No,Yes,No,No,No,One year,No,Bank transfer (automatic)
8,70.7,553.4,Male,0,No,No,Yes,No,Fiber optic,No,No,No,No,No,No,Month-to-month,No,Bank transfer (automatic)
71,100.5,7030.65,Female,0,Yes,Yes,Yes,Yes,Fiber optic,Yes,Yes,Yes,No,Yes,No,Two year,No,Bank transfer (automatic)
33,95.0,3008.15,Female,0,Yes,No,Yes,Yes,Fiber optic,No,No,Yes,Yes,No,Yes,Month-to-month,Yes,Credit card (automatic)
24,94.6,2283.15,Female,0,No,No,Yes,No,Fiber optic,Yes,No,No,No,Yes,Yes,Month-to-month,Yes,Electronic check
18,84.3,1537.9,Male,0,No,No,Yes,Yes,Fiber optic,No,No,No,No,Yes,No,Month-to-month,No,Bank transfer (automatic)
71,47.6,3377.8,Female,0,Yes,No,No,No phone service,DSL,Yes,Yes,Yes,Yes,No,No,Two year,Yes,Bank transfer (automatic)
1,54.75,54.75,Female,0,No,No,Yes,No,DSL,No,No,No,No,No,Yes,Month-to-month,Yes,Mailed check
2,54.35,117.05,Female,0,No,No,Yes,Yes,DSL,No,No,No,Yes,No,No,Month-to-month,Yes,Mailed check
30,64.5,1985.15,Female,0,Yes,Yes,Yes,No,DSL,No,No,Yes,Yes,Yes,No,One year,Yes,Electronic check
1,45.1,45.1,Male,0,No,No,Yes,No,DSL,No,No,No,No,No,No,Month-to-month,Yes,Bank transfer (automatic)
72,94.65,6747.35,Male,0,Yes,No,Yes,No,Fiber optic,No,No,Yes,No,Yes,Yes,Month-to-month,Yes,Electronic check
39,20.15,826.0,Female,0,No,No,Yes,No,No,No internet service,No internet service,No internet service,No internet service,No internet service,No internet service,Two year,No,Mailed check
11,55.6,580.8,Female,1,No,No,Yes,Yes,DSL,Yes,No,No,No,No,No,Month-to-month,Yes,Electronic check
69,19.8,1436.95,Female,0,Yes,Yes,Yes,No,No,No internet service,No internet service,No internet service,No internet service,No internet service,No internet service,Two year,No,Credit card (automatic)
10,70.3,738.2,Male,0,Yes,No,Yes,No,Fiber optic,No,No,No,No,No,No,Month-to-month,Yes,Electronic check
8,43.45,345.5,Male,0,Yes,Yes,Yes,No,DSL,No,No,No,No,No,No,One year,Yes,Mailed check
22,20.25,488.25,Male,0,Yes,Yes,Yes,No,No,No internet service,No internet service,No internet service,No internet service,No internet service,No internet service,One year,No,Bank transfer (automatic)
58,24.45,1513.6,Male,0,No,No,Yes,Yes,No,No internet service,No internet service,No internet service,No internet service,No internet service,No internet service,Two year,Yes,Credit card (automatic)
6,84.2,519.15,Male,1,Yes,No,Yes,No,Fiber optic,No,Yes,No,No,No,Yes,Month-to-month,Yes,Electronic check
67,69.9,4615.9,Female,0,Yes,Yes,Yes,Yes,DSL,No,No,Yes,Yes,No,Yes,Two year,Yes,Bank transfer (automatic)
5,80.85,356.1,Female,0,Yes,Yes,Yes,No,Fiber optic,No,No,No,No,Yes,No,Month-to-month,Yes,Electronic check
11,51.1,531.15,Female,0,No,No,Yes,No,DSL,No,Yes,No,No,No,No,Month-to-month,No,Electronic check
21,77.5,1625.0,Male,0,Yes,Yes,Yes,Yes,DSL,Yes,Yes,No,Yes,Yes,No,One year,No,Mailed check
59,99.45,5623.7,Female,0,No,No,Yes,Yes,Fiber optic,Yes,Yes,Yes,No,No,Yes,Month-to-month,Yes,Bank transfer (automatic)
40,60.3,2448.5,Male,0,Yes,Yes,No,No phone service,DSL,No,Yes,Yes,Yes,Yes,Yes,One year,No,Mailed check
1,79.05,79.05,Male,0,No,No,Yes,No,Fiber optic,No,No,No,No,Yes,No,Month-to-month,Yes,Electronic check
63,107.5,6873.75,Female,0,Yes,No,Yes,Yes,Fiber optic,No,Yes,Yes,No,Yes,Yes,One year,Yes,Electronic check
25,20.2,507.9,Female,0,Yes,No,Yes,No,No,No internet service,No internet service,No internet service,No internet service,No internet service,No internet service,One year,Yes,Bank transfer (automatic)
3,50.5,147.75,Male,0,No,No,Yes,No,DSL,No,No,No,Yes,No,No,Month-to-month,Yes,Mailed check
46,60.75,2893.4,Male,0,No,No,No,No phone service,DSL,Yes,No,Yes,Yes,Yes,Yes,Two year,Yes,Bank transfer (automatic)
2,69.3,153.8,Female,1,Yes,No,Yes,No,Fiber optic,No,No,No,No,No,No,Month-to-month,Yes,Electronic check
28,100.2,2688.45,Male,0,No,No,Yes,Yes,Fiber optic,No,Yes,No,No,Yes,Yes,One year,No,Electronic check
3,95.1,307.4,Female,0,No,No,Yes,No,Fiber optic,No,Yes,No,No,Yes,Yes,Month-to-month,Yes,Electronic check
72,24.85,1871.85,Female,0,Yes,No,Yes,Yes,No,No internet service,No internet service,No internet service,No internet service,No internet service,No internet service,Two year,No,Credit card (automatic)
71,24.25,1732.95,Female,0,Yes,No,Yes,Yes,No,No internet service,No internet service,No internet service,No internet service,No internet service,No internet service,Two year,Yes,Credit card (automatic)
1,49.9,49.9,Female,0,No,Yes,Yes,No,DSL,Yes,No,No,No,No,No,Month-to-month,No,Mailed check
22,55.1,1253.15,Male,0,No,No,Yes,No,DSL,Yes,No,No,Yes,No,No,Month-to-month,No,Mailed check
63,84.0,5329.55,Male,1,Yes,No,Yes,No,DSL,Yes,Yes,Yes,Yes,Yes,Yes,One year,Yes,Bank transfer (automatic)
15,48.85,631.4,Female,0,No,No,Yes,Yes,DSL,No,No,No,No,No,No,Month-to-month,No,Mailed check
9,101.5,906.85,Male,0,Yes,Yes,Yes,No,Fiber optic,No,Yes,No,Yes,Yes,Yes,Month-to-month,Yes,Electronic check
53,54.45,2854.55,Male,1,No,No,No,No phone service,DSL,No,Yes,Yes,No,Yes,Yes,Month-to-month,Yes,Electronic check
55,20.0,1087.25,Female,0,Yes,Yes,Yes,No,No,No internet service,No internet service,No internet service,No internet service,No internet service,No internet service,Month-to-month,No,Credit card (automatic)
1,70.65,70.65,Male,0,Yes,Yes,Yes,No,Fiber optic,No,No,No,No,No,No,Month-to-month,Yes,Mailed check
68,110.2,7467.5,Male,0,Yes,Yes,Yes,Yes,Fiber optic,Yes,Yes,Yes,No,Yes,Yes,Two year,Yes,Electronic check
64,25.55,1714.95,Female,0,Yes,No,Yes,Yes,No,No internet service,No internet service,No internet service,No internet service,No internet service,No internet service,Two year,No,Mailed check
16,68.25,1114.85,Female,0,Yes,Yes,Yes,No,DSL,Yes,Yes,No,Yes,No,Yes,Two year,No,Bank transfer (automatic)
72,20.25,1566.9,Female,0,No,No,Yes,No,No,No internet service,No internet service,No internet service,No internet service,No internet service,No internet service,Two year,No,Credit card (automatic)
18,58.4,964.9,Male,1,No,No,Yes,Yes,DSL,Yes,Yes,No,No,No,No,Month-to-month,Yes,Credit card (automatic)
15,55.0,757.1,Female,1,No,No,Yes,Yes,DSL,No,No,No,Yes,No,No,Month-to-month,No,Credit card (automatic)
9,102.6,897.75,Male,0,Yes,Yes,Yes,Yes,Fiber optic,No,Yes,Yes,No,Yes,Yes,Month-to-month,Yes,Credit card (automatic)
33,83.35,2757.85,Female,0,No,No,Yes,Yes,Fiber optic,No,No,No,No,No,Yes,Month-to-month,Yes,Electronic check
48,20.2,1027.25,Female,0,Yes,Yes,Yes,No,No,No internet service,No internet service,No internet service,No internet service,No internet service,No internet service,Two year,No,Bank transfer (automatic)
2,93.85,170.85,Female,1,No,No,Yes,Yes,Fiber optic,No,No,No,No,Yes,Yes,Month-to-month,Yes,Electronic check
1,70.6,70.6,Female,1,No,No,Yes,No,Fiber optic,No,No,No,No,No,No,Month-to-month,Yes,Mailed check
15,101.25,1457.25,Female,0,No,No,Yes,No,Fiber optic,No,Yes,Yes,No,Yes,Yes,Month-to-month,Yes,Electronic check
63,109.85,7002.95,Female,0,No,No,Yes,Yes,Fiber optic,No,Yes,Yes,Yes,Yes,Yes,Month-to-month,Yes,Credit card (automatic)
67,60.5,3870.0,Female,0,No,No,Yes,No,DSL,Yes,Yes,No,Yes,No,No,One year,No,Credit card (automatic)
71,89.9,6342.7,Female,0,Yes,Yes,Yes,Yes,DSL,Yes,Yes,Yes,Yes,Yes,Yes,Two year,No,Bank transfer (automatic)
3,70.3,235.5,Female,1,No,No,Yes,No,Fiber optic,No,No,No,No,No,No,Month-to-month,Yes,Electronic check
15,30.2,469.65,Male,0,Yes,Yes,No,No phone service,DSL,Yes,No,No,No,No,No,Month-to-month,Yes,Bank transfer (automatic)
49,19.0,918.7,Female,0,Yes,No,Yes,No,No,No internet service,No internet service,No internet service,No internet service,No internet service,No internet service,One year,No,Credit card (automatic)
3,78.5,242.05,Male,0,No,No,Yes,No,Fiber optic,No,No,No,No,Yes,No,Month-to-month,Yes,Electronic check
31,84.85,2633.4,Female,1,Yes,No,Yes,Yes,Fiber optic,No,No,No,No,No,Yes,Month-to-month,Yes,Electronic check
71,104.1,7412.25,Female,0,Yes,No,Yes,Yes,Fiber optic,Yes,No,Yes,No,Yes,Yes,One year,Yes,Credit card (automatic)
1,89.9,89.9,Male,0,No,No,Yes,No,Fiber optic,No,No,No,No,Yes,Yes,Month-to-month,Yes,Electronic check
23,54.25,1221.55,Female,0,Yes,No,Yes,No,DSL,No,No,Yes,Yes,No,No,Month-to-month,No,Electronic check
1,74.35,74.35,Male,0,No,No,Yes,No,Fiber optic,No,Yes,No,No,No,No,Month-to-month,Yes,Electronic check
23,49.45,1119.35,Female,0,No,Yes,Yes,No,DSL,No,No,No,Yes,No,No,One year,Yes,Electronic check
13,81.15,952.3,Female,0,No,No,Yes,No,Fiber optic,No,Yes,Yes,No,No,No,Month-to-month,Yes,Electronic check
1,79.55,79.55,Male,0,No,No,Yes,No,Fiber optic,No,No,No,No,Yes,No,Month-to-month,Yes,Electronic check
35,20.75,700.45,Female,0,No,No,Yes,No,No,No internet service,No internet service,No internet service,No internet service,No internet service,No internet service,One year,No,Mailed check
2,79.7,165.0,Female,0,Yes,No,Yes,No,Fiber optic,No,Yes,Yes,No,No,No,Month-to-month,No,Bank transfer (automatic)
24,99.3,2431.35,Female,0,Yes,No,Yes,No,Fiber optic,No,Yes,Yes,No,Yes,Yes,Month-to-month,Yes,Credit card (automatic)
1,45.3,45.3,Male,0,No,No,Yes,No,DSL,No,No,No,No,No,No,Month-to-month,No,Electronic check
2,19.35,46.35,Male,0,No,No,Yes,No,No,No internet service,No internet service,No internet service,No internet service,No internet service,No internet service,Month-to-month,No,Mailed check
4,91.65,365.4,Female,0,Yes,No,Yes,Yes,Fiber optic,No,Yes,No,No,Yes,No,Month-to-month,Yes,Electronic check
6,19.0,105.5,Female,0,Yes,Yes,Yes,No,No,No internet service,No internet service,No internet service,No internet service,No internet service,No internet service,One year,No,Credit card (automatic)
60,104.35,6339.45,Male,1,Yes,No,Yes,Yes,Fiber optic,No,Yes,Yes,No,Yes,Yes,One year,Yes,Electronic check
37,95.25,3314.15,Female,0,Yes,Yes,Yes,Yes,Fiber optic,No,No,No,No,Yes,Yes,Month-to-month,Yes,Electronic check
35,85.15,3030.6,Male,0,No,Yes,Yes,No,Fiber optic,No,No,Yes,No,Yes,No,One year,Yes,Electronic check
70,104.3,7188.5,Female,0,Yes,No,Yes,Yes,Fiber optic,No,No,Yes,Yes,Yes,Yes,Two year,Yes,Bank transfer (automatic)
25,84.8,2043.45,Male,0,No,No,Yes,Yes,Fiber optic,No,No,No,No,No,Yes,Month-to-month,Yes,Electronic check
3,20.25,71.2,Female,0,No,No,Yes,No,No,No internet service,No internet service,No internet service,No internet service,No internet service,No internet service,One year,No,Mailed check
68,19.95,1303.25,Male,0,Yes,Yes,Yes,No,No,No internet service,No internet service,No internet service,No internet service,No internet service,No internet service,Two year,Yes,Bank transfer (automatic)
16,20.0,275.7,Male,0,No,No,Yes,No,No,No internet service,No internet service,No internet service,No internet service,No internet service,No internet service,Month-to-month,No,Mailed check
4,20.05,83.3,Female,0,No,No,Yes,No,No,No internet service,No internet service,No internet service,No internet service,No internet service,No internet service,Month-to-month,No,Mailed check
52,61.35,3169.55,Male,0,Yes,No,Yes,Yes,DSL,No,Yes,No,Yes,No,No,Month-to-month,No,Bank transfer (automatic)
1,45.3,45.3,Female,0,No,No,Yes,No,DSL,No,No,No,No,No,No,Month-to-month,No,Mailed check
61,88.65,5321.25,Female,0,No,No,Yes,Yes,DSL,No,Yes,Yes,Yes,Yes,Yes,Two year,No,Credit card (automatic)
8,19.8,160.05,Female,0,Yes,Yes,Yes,No,No,No internet service,No internet service,No internet service,No internet service,No internet service,No internet service,One year,No,Electronic check
33,59.55,2016.3,Female,0,Yes,No,No,No phone service,DSL,Yes,No,Yes,Yes,Yes,Yes,Two year,No,Bank transfer (automatic)
1,29.85,29.85,Female,0,Yes,No,No,No phone service,DSL,No,Yes,No,No,No,No,Month-to-month,Yes,Electronic check
51,77.5,3807.35,Female,1,Yes,No,Yes,Yes,Fiber optic,Yes,No,No,No,No,No,Month-to-month,Yes,Electronic check
71,105.25,7291.75,Male,0,Yes,No,Yes,No,Fiber optic,No,Yes,Yes,Yes,Yes,Yes,Two year,Yes,Electronic check
1,49.55,49.55,Female,0,No,No,Yes,No,DSL,Yes,No,No,No,No,No,Month-to-month,No,Bank transfer (automatic)
8,75.0,632.95,Male,0,Yes,No,Yes,No,Fiber optic,Yes,No,No,No,No,No,Month-to-month,No,Electronic check
9,50.1,484.05,Male,0,No,Yes,Yes,No,DSL,No,Yes,No,No,No,No,Month-to-month,Yes,Electronic check
9,19.75,210.65,Female,0,Yes,Yes,Yes,No,No,No internet service,No internet service,No internet service,No internet service,No internet service,No internet service,Two year,No,Mailed check
10,95.2,930.4,Male,0,No,Yes,Yes,Yes,Fiber optic,No,No,No,No,Yes,Yes,Month-to-month,No,Electronic check
70,60.35,4138.7,Male,0,Yes,Yes,No,No phone service,DSL,No,Yes,Yes,Yes,Yes,Yes,One year,No,Electronic check
52,19.85,1070.5,Female,0,Yes,Yes,Yes,No,No,No internet service,No internet service,No internet service,No internet service,No internet service,No internet service,Two year,No,Mailed check
18,85.2,1553.9,Female,0,No,No,Yes,Yes,Fiber optic,No,No,No,No,Yes,No,Month-to-month,Yes,Electronic check
72,108.65,7726.35,Female,0,Yes,Yes,Yes,No,Fiber optic,Yes,Yes,Yes,Yes,Yes,Yes,Two year,Yes,Bank transfer (automatic)
13,72.8,930.05,Male,0,Yes,Yes,Yes,Yes,DSL,No,Yes,Yes,Yes,Yes,No,Month-to-month,Yes,Electronic check
72,19.4,1363.25,Male,0,Yes,Yes,Yes,No,No,No internet service,No internet service,No internet service,No internet service,No internet service,No internet service,Two year,No,Credit card (automatic)
50,19.85,943.1,Female,0,Yes,No,Yes,No,No,No internet service,No internet service,No internet service,No internet service,No internet service,No internet service,One year,Yes,Bank transfer (automatic)
1,49.05,49.05,Male,0,No,No,Yes,No,DSL,No,No,No,Yes,No,No,Month-to-month,No,Mailed check
35,109.95,3782.4,Male,0,Yes,Yes,Yes,Yes,Fiber optic,No,Yes,Yes,Yes,Yes,Yes,Month-to-month,Yes,Electronic check
68,64.35,4539.6,Female,0,No,No,No,No phone service,DSL,Yes,Yes,Yes,Yes,Yes,Yes,Two year,No,Credit card (automatic)
3,50.25,152.3,Male,0,No,No,Yes,No,DSL,No,No,No,Yes,No,No,Month-to-month,Yes,Mailed check
72,109.9,7624.2,Female,0,No,No,Yes,No,Fiber optic,Yes,Yes,Yes,Yes,Yes,Yes,Two year,Yes,Electronic check
58,24.7,1519.0,Female,0,No,No,Yes,Yes,No,No internet service,No internet service,No internet service,No internet service,No internet service,No internet service,Two year,Yes,Credit card (automatic)
7,19.9,173.15,Female,0,No,No,Yes,No,No,No internet service,No internet service,No internet service,No internet service,No internet service,No internet service,One year,No,Mailed check
32,83.7,2633.3,Male,0,No,Yes,Yes,Yes,DSL,No,Yes,Yes,Yes,Yes,Yes,One year,No,Credit card (automatic)
12,74.75,827.05,Male,0,No,No,Yes,Yes,DSL,No,No,Yes,No,Yes,Yes,Month-to-month,No,Bank transfer (automatic)
58,45.35,2540.1,Female,0,Yes,No,No,No phone service,DSL,Yes,Yes,No,No,Yes,No,One year,Yes,Electronic check
1,20.85,20.85,Female,1,Yes,No,Yes,No,No,No internet service,No internet service,No internet service,No internet service,No internet service,No internet service,Month-to-month,Yes,Mailed check
46,95.25,4424.2,Female,1,No,No,Yes,No,Fiber optic,No,Yes,No,No,Yes,Yes,One year,No,Credit card (automatic)
3,19.6,61.35,Male,0,No,No,Yes,No,No,No internet service,No internet service,No internet service,No internet service,No internet service,No internet service,One year,No,Mailed check
28,74.9,2068.55,Male,0,No,Yes,Yes,No,Fiber optic,Yes,No,No,No,No,No,Month-to-month,Yes,Bank transfer (automatic)
61,118.6,7365.7,Female,0,No,No,Yes,Yes,Fiber optic,Yes,Yes,Yes,Yes,Yes,Yes,One year,Yes,Electronic check
7,99.8,673.25,Male,0,No,No,Yes,Yes,Fiber optic,No,Yes,No,No,Yes,Yes,Month-to-month,Yes,Electronic check
18,94.75,1691.9,Male,0,Yes,No,Yes,Yes,Fiber optic,No,No,No,No,Yes,Yes,Month-to-month,Yes,Electronic check
4,48.55,201.0,Male,0,Yes,No,No,No phone service,DSL,No,Yes,No,No,Yes,Yes,Month-to-month,Yes,Electronic check
9,85.3,781.4,Female,0,No,No,Yes,No,Fiber optic,No,No,Yes,No,No,Yes,Month-to-month,Yes,Credit card (automatic)
52,19.65,1025.05,Male,0,No,No,Yes,No,No,No internet service,No internet service,No internet service,No internet service,No internet service,No internet service,Two year,No,Mailed check
72,64.45,4641.1,Male,1,Yes,No,No,No phone service,DSL,Yes,Yes,Yes,Yes,Yes,Yes,Two year,Yes,Credit card (automatic)
68,85.0,5607.75,Female,0,Yes,Yes,Yes,No,DSL,Yes,Yes,Yes,Yes,Yes,Yes,Two year,Yes,Credit card (automatic)
72,84.45,6033.1,Male,0,Yes,No,Yes,No,DSL,Yes,Yes,Yes,Yes,Yes,Yes,Two year,No,Mailed check
24,70.0,1732.6,Male,1,No,No,Yes,No,Fiber optic,No,No,No,No,No,No,Month-to-month,No,Credit card (automatic)
5,25.9,135.0,Male,0,Yes,Yes,Yes,Yes,No,No internet service,No internet service,No internet service,No internet service,No internet service,No internet service,Month-to-month,Yes,Bank transfer (automatic)
37,79.25,2911.8,Male,0,Yes,No,Yes,Yes,DSL,Yes,No,Yes,No,Yes,Yes,One year,No,Mailed check
2,69.8,146.65,Male,0,No,No,Yes,No,Fiber optic,No,No,No,No,No,No,Month-to-month,Yes,Electronic check
1,74.9,74.9,Female,0,No,No,Yes,No,Fiber optic,No,No,Yes,No,No,No,Month-to-month,Yes,Electronic check
2,49.4,106.55,Female,0,No,No,Yes,Yes,DSL,No,No,No,No,No,No,Month-to-month,Yes,Electronic check
68,82.45,5646.6,Female,0,No,No,Yes,No,DSL,Yes,Yes,Yes,Yes,Yes,Yes,Two year,Yes,Credit card (automatic)
40,62.05,2511.55,Male,0,No,No,No,No phone service,DSL,Yes,Yes,Yes,No,Yes,Yes,One year,No,Credit card (automatic)
13,85.95,1215.65,Female,0,No,No,Yes,Yes,Fiber optic,No,No,No,No,No,Yes,Month-to-month,Yes,Electronic check
1,85.0,85.0,Female,0,No,No,Yes,Yes,Fiber optic,No,No,No,No,No,Yes,Month-to-month,Yes,Electronic check
1,24.9,24.9,Female,0,No,No,No,No phone service,DSL,No,No,No,No,No,No,Month-to-month,Yes,Mailed check
9,86.25,770.5,Male,0,No,No,Yes,No,Fiber optic,No,No,No,Yes,Yes,No,Month-to-month,No,Electronic check
12,49.4,611.65,Female,0,No,No,Yes,No,DSL,No,Yes,No,No,No,No,Month-to-month,Yes,Electronic check
14,86.3,1180.95,Female,0,No,No,Yes,No,Fiber optic,No,Yes,No,No,No,Yes,Month-to-month,Yes,Electronic check
71,89.85,6293.45,Female,1,No,No,Yes,Yes,DSL,Yes,Yes,Yes,Yes,Yes,Yes,Two year,No,Mailed check
39,80.0,3182.95,Male,0,Yes,Yes,Yes,No,DSL,Yes,No,Yes,Yes,Yes,Yes,One year,No,Credit card (automatic)
2,20.05,42.7,Male,0,No,No,Yes,No,No,No internet service,No internet service,No internet service,No internet service,No internet service,No internet service,Month-to-month,No,Mailed check
4,20.15,84.5,Female,0,No,No,Yes,No,No,No internet service,No internet service,No internet service,No internet service,No internet service,No internet service,Month-to-month,No,Mailed check
33,79.0,2576.8,Male,0,No,No,Yes,No,Fiber optic,No,Yes,Yes,No,No,No,Month-to-month,Yes,Credit card (automatic)
47,95.05,4504.55,Female,1,No,No,Yes,Yes,Fiber optic,No,Yes,No,Yes,Yes,No,Month-to-month,Yes,Electronic check
31,104.35,3205.6,Female,0,No,No,Yes,Yes,Fiber optic,Yes,Yes,No,No,Yes,Yes,Month-to-month,No,Electronic check
1,43.85,43.85,Male,0,No,No,Yes,No,DSL,No,No,No,No,No,No,Month-to-month,Yes,Bank transfer (automatic)
69,79.2,5420.65,Male,0,Yes,Yes,Yes,Yes,Fiber optic,No,No,Yes,No,No,No,Two year,Yes,Credit card (automatic)
48,45.0,2196.3,Female,0,Yes,Yes,No,No phone service,DSL,Yes,No,Yes,No,No,Yes,One year,No,Credit card (automatic)
9,69.05,653.95,Male,0,Yes,No,Yes,Yes,DSL,No,Yes,Yes,No,No,Yes,Month-to-month,Yes,Credit card (automatic)
1,49.5,49.5,Female,0,No,No,Yes,No,DSL,No,Yes,No,No,No,No,Month-to-month,No,Electronic check
8,101.35,780.5,Female,1,No,No,Yes,Yes,Fiber optic,No,No,Yes,No,Yes,Yes,Month-to-month,No,Electronic check
62,60.15,3753.2,Male,0,Yes,No,Yes,No,DSL,No,Yes,Yes,Yes,No,No,Two year,Yes,Credit card (automatic)
12,84.6,1017.35,Female,0,No,No,Yes,No,Fiber optic,No,Yes,No,No,No,Yes,Month-to-month,Yes,Electronic check
19,75.9,1375.6,Female,0,No,Yes,Yes,Yes,DSL,Yes,Yes,No,Yes,Yes,No,Month-to-month,Yes,Mailed check
22,100.65,2415.95,Male,0,No,No,Yes,Yes,Fiber optic,No,Yes,No,No,Yes,Yes,Month-to-month,Yes,Electronic check
4,58.5,224.85,Female,0,Yes,Yes,Yes,Yes,DSL,No,Yes,No,Yes,No,No,Month-to-month,Yes,Mailed check
46,33.7,1537.85,Male,0,No,No,No,No phone service,DSL,No,No,Yes,Yes,No,No,One year,No,Credit card (automatic)
11,73.5,791.75,Male,0,No,No,Yes,No,Fiber optic,Yes,No,No,No,No,No,Month-to-month,Yes,Electronic check
1,79.25,79.25,Male,0,No,No,Yes,No,Fiber optic,No,No,No,No,No,Yes,Month-to-month,Yes,Electronic check
1,60.1,60.1,Male,0,No,No,Yes,Yes,DSL,No,Yes,No,Yes,No,No,Month-to-month,No,Mailed check
47,26.9,1250.85,Female,0,Yes,No,Yes,Yes,No,No internet service,No internet service,No internet service,No internet service,No internet service,No internet service,One year,No,Electronic check
12,78.95,927.35,Female,0,No,No,Yes,Yes,Fiber optic,Yes,No,No,No,No,No,Month-to-month,Yes,Electronic check
21,106.1,2249.95,Male,0,Yes,No,Yes,Yes,Fiber optic,No,No,Yes,Yes,Yes,Yes,Month-to-month,Yes,Electronic check
52,105.0,5426.85,Male,0,No,No,Yes,No,Fiber optic,No,Yes,Yes,Yes,Yes,Yes,One year,Yes,Bank transfer (automatic)
32,109.55,3608.0,Female,0,No,No,Yes,Yes,Fiber optic,Yes,No,Yes,Yes,Yes,Yes,One year,Yes,Bank transfer (automatic)
12,78.85,876.75,Female,0,Yes,No,Yes,Yes,DSL,Yes,No,Yes,No,Yes,Yes,One year,No,Electronic check
2,89.55,185.55,Male,0,Yes,Yes,Yes,No,Fiber optic,No,No,No,No,Yes,Yes,Month-to-month,Yes,Bank transfer (automatic)
70,106.15,7475.1,Male,0,Yes,Yes,Yes,No,Fiber optic,No,Yes,Yes,Yes,Yes,Yes,One year,Yes,Electronic check
1,19.65,19.65,Female,0,No,No,Yes,No,No,No internet service,No internet service,No internet service,No internet service,No internet service,No internet service,Month-to-month,No,Mailed check
22,65.25,1441.8,Female,0,No,No,Yes,No,DSL,No,Yes,Yes,No,Yes,No,One year,No,Bank transfer (automatic)
48,58.95,2789.7,Female,1,Yes,No,Yes,No,DSL,No,Yes,No,No,No,Yes,One year,Yes,Bank transfer (automatic)
70,78.35,5445.95,Male,0,Yes,Yes,Yes,Yes,DSL,Yes,Yes,Yes,Yes,No,Yes,One year,No,Bank transfer (automatic)
1,91.7,91.7,Female,0,No,No,Yes,No,Fiber optic,No,Yes,No,Yes,Yes,No,Month-to-month,No,Electronic check
17,70.8,1207.0,Male,0,No,No,Yes,No,Fiber optic,No,No,No,No,No,No,Month-to-month,Yes,Electronic check
55,100.9,5448.6,Female,0,Yes,Yes,Yes,Yes,Fiber optic,Yes,No,No,No,Yes,Yes,One year,No,Mailed check
72,105.0,7578.05,Female,1,Yes,No,Yes,Yes,Fiber optic,No,Yes,Yes,No,Yes,Yes,One year,No,Credit card (automatic)
69,39.1,2779.5,Male,0,Yes,Yes,No,No phone service,DSL,Yes,No,Yes,Yes,No,No,Two year,No,Mailed check
61,106.2,6375.2,Male,0,Yes,No,Yes,Yes,Fiber optic,Yes,Yes,No,No,Yes,Yes,Month-to-month,Yes,Electronic check
45,70.05,3062.45,Female,1,No,No,Yes,Yes,DSL,Yes,No,No,Yes,No,Yes,Month-to-month,Yes,Electronic check
53,111.8,5809.75,Female,0,Yes,No,Yes,Yes,Fiber optic,No,Yes,Yes,Yes,Yes,Yes,One year,Yes,Bank transfer (automatic)
1,55.7,55.7,Male,0,Yes,No,Yes,No,DSL,Yes,No,Yes,No,No,No,Month-to-month,No,Mailed check
71,71.0,5012.1,Male,1,Yes,No,Yes,No,DSL,Yes,Yes,No,Yes,Yes,No,One year,Yes,Bank transfer (automatic)
5,75.55,413.65,Female,0,No,No,Yes,Yes,Fiber optic,No,No,No,No,No,No,Month-to-month,No,Electronic check
9,93.0,870.25,Female,0,No,Yes,Yes,No,Fiber optic,Yes,No,Yes,Yes,No,Yes,Month-to-month,No,Bank transfer (automatic)
12,51.25,612.1,Female,0,Yes,No,Yes,No,DSL,No,Yes,No,No,No,No,Month-to-month,Yes,Electronic check
3,97.9,315.3,Female,0,No,No,Yes,No,Fiber optic,No,Yes,No,Yes,Yes,Yes,Month-to-month,Yes,Electronic check
42,101.75,4273.45,Male,0,No,No,Yes,Yes,Fiber optic,No,Yes,No,No,Yes,Yes,Month-to-month,Yes,Electronic check
40,42.35,1716.45,Male,0,Yes,No,No,No phone service,DSL,Yes,Yes,Yes,No,No,No,One year,Yes,Electronic check
39,30.1,1131.3,Female,0,No,Yes,No,No phone service,DSL,No,No,Yes,No,No,No,Month-to-month,No,Credit card (automatic)
44,104.15,4495.65,Female,1,Yes,No,Yes,Yes,Fiber optic,No,No,Yes,Yes,Yes,Yes,Month-to-month,No,Electronic check
33,20.6,690.25,Male,0,Yes,Yes,Yes,No,No,No internet service,No internet service,No internet service,No internet service,No internet service,No internet service,One year,No,Mailed check
67,20.05,1263.05,Female,1,Yes,No,Yes,No,No,No internet service,No internet service,No internet service,No internet service,No internet service,No internet service,Two year,Yes,Bank transfer (automatic)
4,25.25,101.9,Male,0,No,No,Yes,Yes,No,No internet service,No internet service,No internet service,No internet service,No internet service,No internet service,Month-to-month,No,Mailed check
38,80.3,3058.65,Female,0,Yes,Yes,Yes,No,DSL,Yes,Yes,No,Yes,Yes,Yes,One year,No,Credit card (automatic)
15,18.8,294.95,Male,0,Yes,No,Yes,No,No,No internet service,No internet service,No internet service,No internet service,No internet service,No internet service,One year,No,Mailed check
13,70.15,886.7,Female,0,No,No,Yes,No,Fiber optic,No,No,No,No,No,No,Month-to-month,Yes,Mailed check
19,78.25,1490.95,Male,0,No,No,Yes,No,Fiber optic,No,Yes,Yes,No,No,No,Month-to-month,Yes,Electronic check
17,25.1,382.8,Male,0,No,No,No,No phone service,DSL,No,No,No,No,No,No,Month-to-month,No,Credit card (automatic)
48,107.4,5121.3,Female,0,No,No,Yes,Yes,Fiber optic,No,Yes,Yes,No,Yes,Yes,Month-to-month,Yes,Bank transfer (automatic)
70,105.55,7195.35,Female,1,Yes,No,Yes,Yes,Fiber optic,No,Yes,No,Yes,Yes,Yes,One year,Yes,Bank transfer (automatic)
71,61.4,4310.35,Female,0,Yes,No,No,No phone service,DSL,No,Yes,Yes,Yes,Yes,Yes,Two year,Yes,Credit card (automatic)
72,110.45,8058.85,Female,0,Yes,Yes,Yes,Yes,Fiber optic,Yes,No,Yes,Yes,Yes,Yes,Two year,Yes,Bank transfer (automatic)
3,80.7,239.45,Female,0,Yes,Yes,Yes,No,Fiber optic,No,No,No,No,Yes,No,Month-to-month,Yes,Electronic check
27,81.3,2272.8,Male,0,No,No,Yes,Yes,Fiber optic,No,No,Yes,No,No,No,Month-to-month,Yes,Electronic check
72,97.75,6991.6,Male,0,Yes,Yes,Yes,Yes,Fiber optic,Yes,Yes,No,Yes,No,Yes,Two year,Yes,Credit card (automatic)
72,94.45,6921.7,Female,0,Yes,No,Yes,Yes,Fiber optic,Yes,Yes,No,No,No,Yes,Two year,Yes,Credit card (automatic)
26,85.8,2193.65,Female,1,No,No,Yes,No,Fiber optic,Yes,No,No,No,Yes,No,Month-to-month,Yes,Credit card (automatic)
33,90.65,2989.6,Female,0,No,No,Yes,Yes,Fiber optic,Yes,No,No,No,No,Yes,Month-to-month,Yes,Electronic check
3,74.5,217.45,Male,0,No,No,Yes,Yes,Fiber optic,No,No,No,No,No,No,Month-to-month,No,Electronic check
29,66.1,1912.15,Female,0,No,No,Yes,Yes,DSL,Yes,No,No,No,No,Yes,Month-to-month,Yes,Electronic check
21,104.4,2200.25,Female,0,Yes,No,Yes,Yes,Fiber optic,Yes,No,Yes,No,Yes,Yes,Month-to-month,Yes,Bank transfer (automatic)
36,75.55,2680.15,Female,0,No,No,Yes,No,DSL,Yes,Yes,Yes,Yes,No,Yes,One year,Yes,Mailed check
7,20.25,129.15,Female,0,No,No,Yes,No,No,No internet service,No internet service,No internet service,No internet service,No internet service,No internet service,One year,No,Mailed check
14,50.75,712.75,Male,0,No,No,No,No phone service,DSL,No,No,Yes,No,Yes,Yes,Month-to-month,Yes,Electronic check
51,19.85,996.95,Female,0,No,No,Yes,No,No,No internet service,No internet service,No internet service,No internet service,No internet service,No internet service,One year,Yes,Bank transfer (automatic)
72,89.7,6339.3,Male,0,Yes,Yes,Yes,Yes,DSL,Yes,Yes,Yes,Yes,Yes,Yes,Two year,No,Credit card (automatic)
55,96.8,5283.95,Male,0,No,No,Yes,Yes,Fiber optic,No,No,No,No,Yes,Yes,Month-to-month,Yes,Electronic check
1,44.4,44.4,Male,0,No,No,Yes,No,DSL,No,No,No,No,No,No,Month-to-month,No,Mailed check
23,81.0,1917.1,Male,0,No,No,Yes,Yes,Fiber optic,No,No,Yes,No,No,No,Month-to-month,Yes,Electronic check
64,102.1,6538.45,Male,1,Yes,No,Yes,Yes,Fiber optic,No,No,Yes,Yes,Yes,Yes,Two year,No,Electronic check
4,24.45,86.6,Female,0,No,No,No,No phone service,DSL,No,No,No,No,No,No,Month-to-month,Yes,Electronic check
30,50.4,1527.5,Male,1,Yes,No,Yes,No,DSL,No,Yes,No,No,No,No,Month-to-month,Yes,Bank transfer (automatic)
26,29.8,786.5,Female,0,No,Yes,No,No phone service,DSL,No,No,Yes,No,No,No,Month-to-month,Yes,Mailed check
58,59.9,3505.1,Female,0,Yes,No,Yes,Yes,DSL,No,Yes,No,Yes,No,No,Two year,Yes,Credit card (automatic)
57,84.5,4845.4,Female,0,Yes,Yes,Yes,Yes,DSL,Yes,No,Yes,Yes,Yes,Yes,Two year,Yes,Electronic check
70,79.15,5536.5,Male,0,Yes,No,Yes,Yes,DSL,Yes,Yes,Yes,Yes,Yes,No,Two year,No,Mailed check
31,79.3,2484.0,Male,0,Yes,No,Yes,Yes,DSL,No,No,Yes,Yes,Yes,Yes,One year,Yes,Mailed check
2,45.0,89.75,Female,0,Yes,No,Yes,No,DSL,No,No,No,No,No,No,Month-to-month,Yes,Electronic check
15,19.75,297.3,Female,0,No,No,Yes,No,No,No internet service,No internet service,No internet service,No internet service,No internet service,No internet service,Month-to-month,No,Bank transfer (automatic)
4,94.4,387.2,Female,0,No,No,Yes,No,Fiber optic,Yes,No,Yes,Yes,No,Yes,Month-to-month,Yes,Bank transfer (automatic)
38,20.3,743.05,Female,0,No,No,Yes,No,No,No internet service,No internet service,No internet service,No internet service,No internet service,No internet service,Two year,No,Mailed check
39,47.85,1886.4,Female,0,No,No,Yes,No,DSL,Yes,No,No,No,No,No,One year,Yes,Electronic check
9,54.55,494.05,Male,1,No,No,Yes,Yes,DSL,Yes,No,No,No,No,No,Month-to-month,No,Electronic check
72,90.6,6441.85,Male,0,Yes,Yes,Yes,Yes,DSL,Yes,Yes,Yes,Yes,Yes,Yes,Two year,Yes,Credit card (automatic)
10,99.85,990.9,Male,0,Yes,No,Yes,No,Fiber optic,No,Yes,No,Yes,Yes,Yes,Month-to-month,Yes,Electronic check
24,56.25,1454.25,Male,0,Yes,Yes,Yes,No,DSL,Yes,No,Yes,No,No,No,One year,Yes,Credit card (automatic)
54,55.0,3092.65,Male,0,No,Yes,Yes,Yes,DSL,No,Yes,No,No,No,No,Month-to-month,Yes,Credit card (automatic)
18,39.05,669.85,Female,0,Yes,No,No,No phone service,DSL,No,No,Yes,No,Yes,No,Month-to-month,Yes,Electronic check
42,25.1,1097.15,Male,0,Yes,No,No,No phone service,DSL,No,No,No,No,No,No,Month-to-month,Yes,Credit card (automatic)
40,54.55,2236.2,Female,0,No,No,No,No phone service,DSL,Yes,No,No,Yes,Yes,Yes,One year,Yes,Bank transfer (automatic)
14,80.35,1058.1,Female,1,No,No,Yes,Yes,Fiber optic,No,No,Yes,No,No,No,Month-to-month,Yes,Bank transfer (automatic)
46,20.2,845.6,Male,0,Yes,Yes,Yes,No,No,No internet service,No internet service,No internet service,No internet service,No internet service,No internet service,One year,Yes,Bank transfer (automatic)
66,104.9,6891.45,Female,1,Yes,Yes,Yes,Yes,Fiber optic,No,Yes,Yes,No,Yes,Yes,One year,Yes,Electronic check
7,69.95,529.5,Male,0,Yes,Yes,Yes,No,Fiber optic,No,No,No,No,No,No,Month-to-month,Yes,Bank transfer (automatic)
67,25.6,1784.9,Male,0,Yes,No,Yes,Yes,No,No internet service,No internet service,No internet service,No internet service,No internet service,No internet service,Two year,No,Credit card (automatic)
4,74.9,321.75,Female,1,No,No,Yes,Yes,Fiber optic,No,No,No,No,No,No,Month-to-month,Yes,Electronic check
3,74.75,229.5,Female,0,Yes,No,Yes,Yes,Fiber optic,No,No,No,No,No,No,Month-to-month,Yes,Credit card (automatic)
18,85.6,1601.5,Male,0,Yes,Yes,Yes,No,Fiber optic,No,No,No,Yes,No,Yes,Month-to-month,Yes,Electronic check
67,50.55,3431.75,Female,0,Yes,Yes,Yes,No,DSL,No,Yes,No,No,No,No,One year,No,Credit card (automatic)
72,105.5,7544.0,Female,0,Yes,No,Yes,Yes,Fiber optic,Yes,No,Yes,No,Yes,Yes,Two year,Yes,Electronic check
50,44.8,2230.85,Male,0,Yes,Yes,Yes,No,DSL,No,No,No,No,No,No,One year,Yes,Bank transfer (automatic)
71,111.25,7984.15,Female,0,No,No,Yes,Yes,Fiber optic,No,Yes,Yes,Yes,Yes,Yes,Two year,Yes,Electronic check
46,100.7,4541.2,Male,1,Yes,Yes,Yes,Yes,Fiber optic,Yes,Yes,Yes,No,Yes,No,Month-to-month,Yes,Electronic check
1,69.8,69.8,Male,0,No,No,Yes,No,Fiber optic,No,No,No,No,No,No,Month-to-month,Yes,Electronic check
26,59.45,1507.0,Male,0,No,No,Yes,No,DSL,No,No,No,Yes,Yes,No,One year,No,Credit card (automatic)
20,20.35,442.6,Female,0,Yes,Yes,Yes,No,No,No internet service,No internet service,No internet service,No internet service,No internet service,No internet service,Month-to-month,No,Mailed check
23,20.05,415.1,Female,0,Yes,Yes,Yes,No,No,No internet service,No internet service,No internet service,No internet service,No internet service,No internet service,One year,No,Mailed check
2,71.3,157.75,Male,0,No,No,Yes,No,Fiber optic,No,No,No,No,No,No,Month-to-month,Yes,Credit card (automatic)
24,35.75,830.8,Male,0,No,Yes,No,No phone service,DSL,Yes,No,No,Yes,No,No,Two year,No,Mailed check
23,75.0,1778.5,Female,0,No,No,Yes,No,Fiber optic,Yes,No,No,No,No,No,Month-to-month,Yes,Bank transfer (automatic)
1,19.55,19.55,Male,0,No,Yes,Yes,No,No,No internet service,No internet service,No internet service,No internet service,No internet service,No internet service,Month-to-month,No,Mailed check
2,69.7,135.2,Female,0,No,No,Yes,No,Fiber optic,No,No,No,No,No,No,Month-to-month,Yes,Electronic check
71,113.15,7993.3,Female,0,No,No,Yes,Yes,Fiber optic,Yes,Yes,Yes,Yes,Yes,Yes,Two year,Yes,Credit card (automatic)
4,20.5,77.6,Male,0,Yes,Yes,Yes,No,No,No internet service,No internet service,No internet service,No internet service,No internet service,No internet service,Month-to-month,Yes,Mailed check
64,104.65,6889.8,Male,0,No,No,Yes,Yes,Fiber optic,No,No,Yes,Yes,Yes,Yes,One year,Yes,Credit card (automatic)
35,21.1,741.0,Female,0,No,No,Yes,No,No,No internet service,No internet service,No internet service,No internet service,No internet service,No internet service,One year,No,Mailed check
2,19.85,51.6,Male,0,No,No,Yes,No,No,No internet service,No internet service,No internet service,No internet service,No internet service,No internet service,Month-to-month,No,Mailed check
14,19.7,263.65,Female,0,Yes,Yes,Yes,No,No,No internet service,No internet service,No internet service,No internet service,No internet service,No internet service,Two year,Yes,Mailed check
71,71.1,5224.95,Female,0,Yes,Yes,Yes,Yes,DSL,Yes,Yes,Yes,Yes,No,No,Two year,No,Mailed check
6,85.35,489.45,Male,0,No,No,Yes,No,Fiber optic,No,Yes,No,No,Yes,No,Month-to-month,Yes,Electronic check
64,109.2,6741.15,Male,0,Yes,Yes,Yes,Yes,Fiber optic,No,Yes,Yes,Yes,Yes,Yes,Two year,Yes,Credit card (automatic)
24,20.15,456.85,Female,0,Yes,No,Yes,No,No,No internet service,No internet service,No internet service,No internet service,No internet service,No internet service,One year,No,Mailed check
20,19.4,415.4,Male,0,No,No,Yes,No,No,No internet service,No internet service,No internet service,No internet service,No internet service,No internet service,Month-to-month,No,Mailed check
15,105.1,1582.75,Female,0,No,No,Yes,No,Fiber optic,Yes,No,Yes,Yes,Yes,Yes,Month-to-month,No,Electronic check
39,59.8,2343.85,Male,0,Yes,Yes,Yes,No,DSL,Yes,Yes,Yes,No,No,No,One year,No,Electronic check
59,93.85,5574.75,Male,1,Yes,No,Yes,Yes,Fiber optic,No,No,No,No,Yes,Yes,Month-to-month,Yes,Bank transfer (automatic)
58,61.05,3478.75,Female,0,Yes,No,Yes,Yes,DSL,Yes,No,No,Yes,No,No,One year,Yes,Bank transfer (automatic)
10,60.95,629.55,Female,0,No,No,Yes,No,DSL,No,No,No,Yes,No,Yes,Month-to-month,Yes,Mailed check
26,45.45,1233.15,Male,0,No,No,Yes,No,DSL,No,No,No,No,No,No,Month-to-month,No,Electronic check
53,93.9,5029.2,Male,0,Yes,No,Yes,Yes,Fiber optic,Yes,No,Yes,No,No,Yes,Month-to-month,No,Electronic check
17,64.8,1175.6,Male,0,Yes,No,Yes,No,DSL,Yes,Yes,No,No,No,Yes,One year,No,Mailed check
39,95.55,3692.85,Female,0,No,No,Yes,No,Fiber optic,Yes,No,Yes,Yes,Yes,No,One year,Yes,Electronic check
33,20.05,669.45,Female,0,Yes,No,Yes,No,No,No internet service,No internet service,No internet service,No internet service,No internet service,No internet service,Month-to-month,No,Mailed check
43,90.65,3882.3,Male,0,No,No,Yes,No,Fiber optic,Yes,Yes,Yes,Yes,No,No,One year,Yes,Credit card (automatic)
26,78.8,2006.1,Female,1,No,No,Yes,No,Fiber optic,No,No,No,No,No,Yes,Month-to-month,Yes,Electronic check
71,19.85,1379.6,Female,0,Yes,No,Yes,No,No,No internet service,No internet service,No internet service,No internet service,No internet service,No internet service,Two year,No,Credit card (automatic)
45,97.05,4385.05,Female,1,No,No,Yes,Yes,Fiber optic,Yes,Yes,No,Yes,Yes,No,Month-to-month,Yes,Electronic check
7,20.25,144.35,Male,0,Yes,Yes,Yes,No,No,No internet service,No internet service,No internet service,No internet service,No internet service,No internet service,Month-to-month,No,Mailed check
1,80.85,80.85,Male,0,No,No,Yes,No,Fiber optic,No,No,No,No,No,Yes,Month-to-month,Yes,Mailed check
41,104.4,4133.95,Female,1,No,No,Yes,Yes,Fiber optic,No,Yes,Yes,No,Yes,Yes,Month-to-month,Yes,Electronic check
2,94.95,178.1,Male,0,No,No,Yes,No,Fiber optic,No,No,Yes,No,Yes,Yes,Month-to-month,No,Electronic check
10,88.85,929.45,Female,0,Yes,Yes,Yes,No,Fiber optic,No,No,No,No,Yes,Yes,Month-to-month,Yes,Electronic check
9,19.5,150.35,Female,0,No,No,Yes,No,No,No internet service,No internet service,No internet service,No internet service,No internet service,No internet service,Month-to-month,No,Bank transfer (automatic)
61,96.5,5673.7,Male,0,Yes,No,Yes,Yes,Fiber optic,No,No,No,No,Yes,Yes,One year,Yes,Bank transfer (automatic)
2,24.45,47.5,Male,1,No,No,No,No phone service,DSL,No,No,No,No,No,No,Month-to-month,Yes,Mailed check
23,20.15,405.6,Male,0,No,No,Yes,No,No,No internet service,No internet service,No internet service,No internet service,No internet service,No internet service,One year,No,Bank transfer (automatic)
8,29.35,216.45,Male,0,No,No,No,No phone service,DSL,Yes,No,No,No,No,No,Month-to-month,No,Mailed check
50,25.2,1306.3,Female,1,Yes,No,Yes,Yes,No,No internet service,No internet service,No internet service,No internet service,No internet service,No internet service,One year,No,Electronic check
57,55.7,3171.6,Male,0,Yes,No,Yes,No,DSL,Yes,No,No,Yes,No,No,Month-to-month,No,Electronic check
72,105.55,7542.25,Male,0,Yes,Yes,Yes,Yes,Fiber optic,Yes,No,Yes,No,Yes,Yes,Two year,Yes,Bank transfer (automatic)
52,84.1,4348.65,Male,0,Yes,No,Yes,No,Fiber optic,Yes,No,No,No,Yes,No,Month-to-month,No,Electronic check
65,105.1,6631.85,Male,0,No,No,Yes,Yes,Fiber optic,No,Yes,Yes,No,Yes,Yes,Two year,No,Credit card (automatic)
13,40.55,590.35,Male,0,Yes,Yes,No,No phone service,DSL,Yes,Yes,No,Yes,No,No,Two year,No,Mailed check
65,55.15,3673.15,Female,0,Yes,No,Yes,No,DSL,Yes,No,Yes,No,No,No,Month-to-month,Yes,Mailed check
31,94.5,2979.2,Male,0,No,No,Yes,No,Fiber optic,No,Yes,No,No,Yes,Yes,Month-to-month,Yes,Electronic check
3,19.75,58.85,Female,0,No,No,Yes,No,No,No internet service,No internet service,No internet service,No internet service,No internet service,No internet service,Month-to-month,No,Electronic check
3,34.25,139.35,Female,0,No,No,No,No phone service,DSL,Yes,No,No,Yes,No,No,Month-to-month,No,Mailed check
2,79.2,172.85,Female,1,Yes,No,Yes,Yes,Fiber optic,No,No,Yes,No,No,No,Month-to-month,No,Electronic check
17,20.75,418.25,Female,0,Yes,Yes,Yes,No,No,No internet service,No internet service,No internet service,No internet service,No internet service,No internet service,One year,No,Mailed check
1,70.6,70.6,Male,0,No,No,Yes,No,Fiber optic,No,No,No,No,No,No,Month-to-month,No,Mailed check
2,65.7,134.35,Female,0,Yes,Yes,Yes,No,DSL,No,No,No,No,Yes,Yes,Month-to-month,No,Mailed check
26,86.65,2208.75,Male,0,No,No,Yes,Yes,Fiber optic,Yes,Yes,No,No,No,No,Month-to-month,Yes,Credit card (automatic)
8,94.75,759.55,Male,0,Yes,Yes,Yes,No,Fiber optic,No,No,Yes,No,Yes,Yes,Month-to-month,Yes,Electronic check
11,54.6,617.85,Female,0,No,No,Yes,No,DSL,Yes,No,No,Yes,No,No,One year,Yes,Mailed check
56,89.7,4952.95,Male,0,Yes,No,Yes,No,Fiber optic,No,No,No,No,Yes,Yes,Month-to-month,No,Mailed check
7,54.85,370.4,Male,0,No,No,Yes,No,DSL,No,No,No,No,Yes,No,Month-to-month,No,Mailed check
1,74.3,74.3,Male,0,No,No,Yes,No,Fiber optic,No,No,No,Yes,No,No,Month-to-month,Yes,Mailed check
1,69.4,69.4,Male,0,No,No,Yes,No,Fiber optic,No,No,No,No,No,No,Month-to-month,No,Mailed check
11,36.05,402.6,Female,0,No,Yes,No,No phone service,DSL,Yes,No,No,Yes,No,No,One year,Yes,Mailed check
32,101.35,3334.9,Female,0,No,No,Yes,Yes,Fiber optic,No,No,Yes,No,Yes,Yes,Month-to-month,Yes,Electronic check
70,94.8,6859.05,Female,0,Yes,No,Yes,Yes,DSL,Yes,Yes,Yes,Yes,Yes,Yes,Two year,Yes,Credit card (automatic)
71,90.4,6668.05,Male,0,Yes,Yes,Yes,Yes,DSL,Yes,Yes,Yes,Yes,Yes,Yes,Two year,No,Electronic check
10,24.4,253.9,Male,0,Yes,Yes,Yes,Yes,No,No internet service,No internet service,No internet service,No internet service,No internet service,No internet service,Month-to-month,Yes,Mailed check
8,29.25,226.95,Female,0,No,No,No,No phone service,DSL,No,Yes,No,No,No,No,Month-to-month,Yes,Mailed check
63,79.7,4786.15,Female,0,Yes,No,Yes,Yes,DSL,Yes,Yes,No,No,Yes,Yes,One year,Yes,Credit card (automatic)
72,83.3,6042.7,Female,0,Yes,Yes,Yes,Yes,DSL,Yes,No,Yes,Yes,Yes,Yes,Two year,Yes,Bank transfer (automatic)
71,80.4,5727.15,Male,0,Yes,No,Yes,Yes,DSL,Yes,Yes,Yes,Yes,No,Yes,Two year,No,Credit card (automatic)
64,54.6,3423.5,Female,0,Yes,Yes,No,No phone service,DSL,No,Yes,No,Yes,Yes,Yes,Two year,Yes,Electronic check
2,94.0,181.7,Male,1,No,No,Yes,Yes,Fiber optic,No,No,No,No,Yes,Yes,Month-to-month,Yes,Electronic check
11,64.9,716.1,Female,0,No,No,Yes,No,DSL,No,No,No,No,Yes,Yes,Month-to-month,Yes,Electronic check
48,106.1,5082.8,Male,0,No,No,Yes,Yes,Fiber optic,No,Yes,Yes,No,Yes,Yes,One year,Yes,Credit card (automatic)
32,50.6,1653.45,Male,0,Yes,Yes,No,No phone service,DSL,No,No,Yes,No,Yes,Yes,Month-to-month,No,Credit card (automatic)
52,91.6,4627.8,Male,0,Yes,No,Yes,Yes,Fiber optic,Yes,No,Yes,Yes,No,No,Two year,Yes,Credit card (automatic)
18,57.65,992.7,Female,0,No,Yes,Yes,Yes,DSL,Yes,No,No,No,No,No,Month-to-month,No,Mailed check
1,19.6,19.6,Female,0,No,No,Yes,No,No,No internet service,No internet service,No internet service,No internet service,No internet service,No internet service,Month-to-month,Yes,Mailed check
32,54.65,1830.1,Female,1,No,No,Yes,No,DSL,No,Yes,No,Yes,No,No,Month-to-month,No,Bank transfer (automatic)
3,84.75,264.85,Female,0,Yes,Yes,Yes,Yes,Fiber optic,No,No,No,No,No,Yes,Month-to-month,Yes,Bank transfer (automatic)
69,43.95,2960.1,Female,0,Yes,Yes,No,No phone service,DSL,Yes,No,Yes,No,No,Yes,Two year,Yes,Credit card (automatic)
3,94.85,335.75,Male,1,No,No,Yes,Yes,Fiber optic,No,No,No,No,Yes,Yes,Month-to-month,Yes,Electronic check
1,101.45,101.45,Male,0,No,No,Yes,Yes,Fiber optic,No,No,Yes,No,Yes,Yes,Month-to-month,Yes,Electronic check
71,86.7,6179.35,Male,1,Yes,Yes,Yes,No,Fiber optic,Yes,Yes,Yes,No,No,No,One year,Yes,Bank transfer (automatic)
67,67.85,4627.65,Male,0,Yes,Yes,Yes,No,DSL,Yes,No,Yes,Yes,No,Yes,Two year,No,Mailed check
44,109.8,4860.35,Female,1,No,No,Yes,Yes,Fiber optic,Yes,Yes,Yes,No,Yes,Yes,One year,Yes,Credit card (automatic)
6,25.4,153.3,Male,0,Yes,Yes,Yes,Yes,No,No internet service,No internet service,No internet service,No internet service,No internet service,No internet service,Two year,No,Mailed check
1,69.95,69.95,Female,0,No,No,Yes,No,Fiber optic,No,No,No,No,No,No,Month-to-month,Yes,Mailed check
1,20.15,20.15,Male,0,No,No,Yes,No,No,No internet service,No internet service,No internet service,No internet service,No internet service,No internet service,Month-to-month,No,Mailed check
40,36.0,1382.9,Male,0,No,No,No,No phone service,DSL,No,Yes,No,Yes,No,No,One year,No,Credit card (automatic)
47,100.5,4707.1,Female,0,Yes,No,Yes,Yes,Fiber optic,No,No,Yes,No,Yes,Yes,Month-to-month,Yes,Electronic check
35,19.25,677.9,Male,0,No,No,Yes,No,No,No internet service,No internet service,No internet service,No internet service,No internet service,No internet service,Two year,No,Mailed check
63,89.4,5597.65,Male,0,Yes,Yes,Yes,Yes,DSL,Yes,Yes,Yes,Yes,Yes,Yes,Two year,Yes,Credit card (automatic)
17,81.5,1329.2,Male,1,Yes,No,Yes,No,Fiber optic,No,No,No,No,No,Yes,Month-to-month,No,Bank transfer (automatic)
44,73.85,3122.4,Male,1,No,No,Yes,No,Fiber optic,No,No,Yes,No,No,No,Month-to-month,No,Electronic check
3,79.65,251.75,Male,0,Yes,No,Yes,Yes,Fiber optic,No,No,No,Yes,No,No,Month-to-month,Yes,Bank transfer (automatic)
17,19.9,329.75,Male,0,Yes,Yes,Yes,No,No,No internet service,No internet service,No internet service,No internet service,No internet service,No internet service,One year,No,Bank transfer (automatic)
2,85.85,167.3,Male,0,No,No,Yes,No,Fiber optic,No,No,Yes,No,No,Yes,Month-to-month,Yes,Electronic check
4,29.9,118.25,Male,1,Yes,No,No,No phone service,DSL,No,No,Yes,No,No,No,Month-to-month,Yes,Electronic check
2,72.6,154.3,Male,1,No,No,Yes,Yes,Fiber optic,No,No,No,No,No,No,Month-to-month,Yes,Mailed check
72,88.05,6425.65,Female,1,Yes,Yes,Yes,Yes,DSL,Yes,Yes,Yes,Yes,Yes,Yes,Two year,Yes,Credit card (automatic)
23,19.3,486.2,Male,0,Yes,No,Yes,No,No,No internet service,No internet service,No internet service,No internet service,No internet service,No internet service,One year,No,Credit card (automatic)
59,19.35,1099.6,Male,0,No,No,Yes,No,No,No internet service,No internet service,No internet service,No internet service,No internet service,No internet service,Two year,No,Mailed check
61,75.35,4729.3,Male,0,Yes,No,Yes,Yes,DSL,Yes,No,Yes,Yes,No,Yes,Two year,No,Credit card (automatic)
40,19.1,780.1,Female,0,Yes,No,Yes,No,No,No internet service,No internet service,No internet service,No internet service,No internet service,No internet service,Two year,No,Mailed check
4,19.95,59.25,Male,0,No,No,Yes,No,No,No internet service,No internet service,No internet service,No internet service,No internet service,No internet service,Month-to-month,Yes,Mailed check
19,19.8,344.5,Male,0,Yes,Yes,Yes,No,No,No internet service,No internet service,No internet service,No internet service,No internet service,No internet service,One year,No,Mailed check
12,20.05,264.55,Female,0,Yes,No,Yes,No,No,No internet service,No internet service,No internet service,No internet service,No internet service,No internet service,Two year,Yes,Electronic check
69,19.7,1396.9,Female,0,Yes,Yes,Yes,No,No,No internet service,No internet service,No internet service,No internet service,No internet service,No internet service,Two year,No,Bank transfer (automatic)
28,64.45,1867.6,Female,1,No,No,Yes,Yes,DSL,No,Yes,Yes,Yes,No,No,Month-to-month,No,Bank transfer (automatic)
64,86.8,5327.25,Female,0,Yes,Yes,Yes,Yes,Fiber optic,Yes,No,No,Yes,No,No,Month-to-month,Yes,Bank transfer (automatic)
55,64.75,3617.1,Female,0,No,No,Yes,No,DSL,No,Yes,Yes,No,No,Yes,Two year,Yes,Mailed check
6,55.7,335.65,Male,0,No,No,Yes,No,DSL,Yes,Yes,No,No,No,No,Month-to-month,Yes,Bank transfer (automatic)
71,108.6,7690.9,Male,0,Yes,No,Yes,Yes,Fiber optic,No,Yes,Yes,Yes,Yes,Yes,Two year,Yes,Credit card (automatic)
71,99.4,7168.25,Female,1,Yes,No,Yes,No,Fiber optic,Yes,Yes,Yes,Yes,Yes,No,Two year,Yes,Electronic check
46,104.4,4904.2,Female,0,No,No,Yes,No,Fiber optic,No,Yes,Yes,Yes,Yes,Yes,Two year,Yes,Bank transfer (automatic)
72,114.5,8331.95,Male,1,Yes,No,Yes,Yes,Fiber optic,Yes,Yes,Yes,Yes,Yes,Yes,Two year,Yes,Mailed check
66,25.3,1672.35,Male,0,Yes,Yes,Yes,Yes,No,No internet service,No internet service,No internet service,No internet service,No internet service,No internet service,Two year,Yes,Credit card (automatic)
37,19.8,677.05,Male,0,Yes,Yes,Yes,No,No,No internet service,No internet service,No internet service,No internet service,No internet service,No internet service,One year,No,Credit card (automatic)
72,109.25,8109.8,Female,0,Yes,No,Yes,Yes,Fiber optic,No,Yes,Yes,Yes,Yes,Yes,One year,Yes,Electronic check
33,20.35,689.75,Male,0,No,No,Yes,No,No,No internet service,No internet service,No internet service,No internet service,No internet service,No internet service,Two year,No,Mailed check
70,104.45,7349.35,Female,1,Yes,No,Yes,Yes,Fiber optic,No,Yes,No,Yes,Yes,Yes,Two year,Yes,Bank transfer (automatic)
72,79.05,5730.7,Female,0,Yes,Yes,Yes,Yes,Fiber optic,Yes,No,No,No,No,No,Two year,No,Bank transfer (automatic)
65,107.65,7082.85,Female,0,Yes,No,Yes,Yes,Fiber optic,No,Yes,Yes,Yes,Yes,Yes,Two year,Yes,Bank transfer (automatic)
45,50.9,2333.85,Female,0,Yes,Yes,No,No phone service,DSL,Yes,No,No,No,Yes,Yes,Month-to-month,Yes,Bank transfer (automatic)
50,104.95,5222.35,Female,1,No,No,Yes,Yes,Fiber optic,No,No,Yes,Yes,Yes,Yes,Month-to-month,Yes,Electronic check
27,55.45,1477.65,Male,0,No,No,Yes,No,DSL,Yes,Yes,No,No,No,No,One year,No,Bank transfer (automatic)
31,101.4,3143.65,Male,0,No,No,Yes,No,Fiber optic,No,Yes,Yes,No,Yes,Yes,Month-to-month,Yes,Electronic check
10,79.25,793.55,Male,1,No,No,Yes,No,Fiber optic,No,No,No,No,No,Yes,Month-to-month,Yes,Electronic check
67,105.4,7035.6,Female,1,Yes,No,Yes,Yes,Fiber optic,Yes,Yes,Yes,Yes,No,Yes,One year,Yes,Credit card (automatic)
4,19.5,96.85,Male,0,Yes,Yes,Yes,No,No,No internet service,No internet service,No internet service,No internet service,No internet service,No internet service,Two year,No,Credit card (automatic)
47,41.9,1875.25,Female,0,No,No,No,No phone service,DSL,Yes,No,Yes,Yes,No,No,Two year,No,Mailed check
1,44.45,44.45,Female,0,No,No,Yes,No,DSL,No,No,No,No,No,No,Month-to-month,Yes,Mailed check
3,35.15,99.75,Male,0,Yes,No,No,No phone service,DSL,No,No,No,No,No,Yes,Month-to-month,Yes,Electronic check
62,69.4,4237.5,Male,0,No,No,Yes,Yes,DSL,Yes,Yes,Yes,Yes,No,No,Two year,No,Bank transfer (automatic)
54,110.45,6077.75,Male,1,Yes,No,Yes,Yes,Fiber optic,No,Yes,Yes,Yes,Yes,Yes,Two year,Yes,Electronic check
13,54.15,701.05,Female,0,Yes,Yes,Yes,No,DSL,Yes,No,No,Yes,No,No,One year,No,Bank transfer (automatic)
12,78.1,947.3,Female,0,No,No,Yes,No,Fiber optic,No,No,No,No,No,Yes,Month-to-month,No,Bank transfer (automatic)
7,69.55,521.35,Male,0,No,No,Yes,No,Fiber optic,No,No,No,No,No,No,Month-to-month,Yes,Electronic check
32,98.85,3089.6,Female,0,Yes,Yes,Yes,Yes,Fiber optic,No,Yes,No,No,Yes,Yes,Month-to-month,Yes,Electronic check
2,18.75,53.15,Female,0,No,No,Yes,No,No,No internet service,No internet service,No internet service,No internet service,No internet service,No internet service,Month-to-month,No,Bank transfer (automatic)
16,20.1,296.15,Female,0,No,No,Yes,No,No,No internet service,No internet service,No internet service,No internet service,No internet service,No internet service,One year,No,Mailed check
15,91.5,1400.3,Female,1,No,No,Yes,No,Fiber optic,No,No,No,No,Yes,Yes,Month-to-month,Yes,Electronic check
31,99.45,3109.9,Male,0,No,No,Yes,No,Fiber optic,No,No,Yes,Yes,Yes,Yes,Two year,No,Bank transfer (automatic)
19,56.2,1093.4,Female,0,No,No,Yes,No,DSL,No,No,No,No,No,Yes,Month-to-month,Yes,Electronic check
1,45.85,45.85,Male,1,No,No,Yes,No,DSL,No,No,No,No,No,No,Month-to-month,Yes,Mailed check
44,77.55,3471.1,Female,0,No,Yes,Yes,Yes,DSL,No,Yes,No,No,Yes,Yes,One year,Yes,Mailed check
71,20.9,1493.2,Female,0,Yes,No,Yes,No,No,No internet service,No internet service,No internet service,No internet service,No internet service,No internet service,Two year,Yes,Bank transfer (automatic)
50,69.65,3442.15,Male,0,Yes,Yes,Yes,Yes,DSL,No,No,Yes,Yes,Yes,No,One year,Yes,Electronic check
2,70.7,151.65,Female,0,No,No,Yes,No,Fiber optic,No,No,No,No,No,No,Month-to-month,Yes,Electronic check
34,69.15,2275.1,Male,1,No,No,Yes,No,Fiber optic,No,No,No,No,No,No,Month-to-month,No,Credit card (automatic)
16,19.6,314.45,Female,0,Yes,No,Yes,No,No,No internet service,No internet service,No internet service,No internet service,No internet service,No internet service,Month-to-month,No,Mailed check
62,89.1,5618.3,Male,1,Yes,No,Yes,Yes,Fiber optic,Yes,Yes,Yes,No,No,No,Month-to-month,Yes,Electronic check
2,95.65,167.3,Male,0,No,No,Yes,No,Fiber optic,No,Yes,No,No,Yes,Yes,Month-to-month,No,Electronic check
71,24.45,1730.65,Male,0,Yes,No,Yes,Yes,No,No internet service,No internet service,No internet service,No internet service,No internet service,No internet service,Two year,No,Bank transfer (automatic)
4,85.95,381.3,Female,0,Yes,Yes,Yes,Yes,Fiber optic,No,No,No,No,No,Yes,Month-to-month,Yes,Electronic check
52,85.15,4461.85,Male,0,No,Yes,Yes,Yes,DSL,Yes,Yes,No,Yes,Yes,Yes,Two year,Yes,Mailed check
62,24.4,1413.0,Male,0,No,Yes,Yes,Yes,No,No internet service,No internet service,No internet service,No internet service,No internet service,No internet service,Two year,Yes,Mailed check
64,85.0,5484.4,Female,0,Yes,No,Yes,Yes,DSL,Yes,No,Yes,Yes,Yes,Yes,Two year,Yes,Credit card (automatic)
10,19.8,196.75,Female,0,Yes,Yes,Yes,No,No,No internet service,No internet service,No internet service,No internet service,No internet service,No internet service,Month-to-month,Yes,Bank transfer (automatic)
14,55.7,795.15,Female,0,No,No,Yes,No,DSL,Yes,No,No,Yes,No,No,One year,No,Mailed check
32,93.5,2970.8,Male,1,Yes,No,Yes,Yes,Fiber optic,No,Yes,Yes,No,No,Yes,Month-to-month,Yes,Electronic check
59,34.8,1980.3,Male,0,Yes,Yes,No,No phone service,DSL,Yes,No,Yes,No,No,No,One year,No,Mailed check
24,78.85,1772.25,Male,1,Yes,No,Yes,Yes,Fiber optic,Yes,No,No,No,No,No,Month-to-month,Yes,Electronic check
13,19.75,246.7,Female,0,Yes,Yes,Yes,No,No,No internet service,No internet service,No internet service,No internet service,No internet service,No internet service,Two year,Yes,Bank transfer (automatic)
65,91.55,5963.95,Female,0,Yes,Yes,Yes,Yes,DSL,Yes,Yes,Yes,Yes,Yes,Yes,Two year,No,Bank transfer (automatic)
9,64.95,547.8,Male,0,No,No,Yes,No,DSL,Yes,No,No,Yes,No,Yes,Month-to-month,No,Mailed check
2,69.0,147.8,Female,0,Yes,No,Yes,No,DSL,No,No,Yes,No,Yes,Yes,Month-to-month,No,Credit card (automatic)
55,75.0,4213.9,Female,0,Yes,Yes,Yes,Yes,DSL,Yes,Yes,No,Yes,Yes,No,One year,Yes,Credit card (automatic)
20,61.6,1174.35,Female,1,No,No,Yes,Yes,DSL,No,No,No,No,No,Yes,Month-to-month,Yes,Mailed check
23,24.8,615.35,Female,0,No,No,Yes,Yes,No,No internet service,No internet service,No internet service,No internet service,No internet service,No internet service,One year,No,Credit card (automatic)
19,20.15,387.7,Female,0,Yes,Yes,Yes,No,No,No internet service,No internet service,No internet service,No internet service,No internet service,No internet service,Two year,No,Mailed check
71,85.45,6029.9,Male,0,Yes,Yes,Yes,No,DSL,Yes,Yes,Yes,Yes,Yes,Yes,Two year,No,Bank transfer (automatic)
17,92.6,1579.7,Female,0,Yes,No,Yes,Yes,Fiber optic,No,No,No,No,Yes,Yes,Month-to-month,No,Electronic check
69,84.7,5878.9,Male,0,Yes,No,Yes,No,DSL,Yes,Yes,Yes,Yes,Yes,Yes,Two year,Yes,Mailed check
13,88.95,1161.75,Female,0,No,Yes,Yes,Yes,DSL,Yes,Yes,Yes,Yes,Yes,Yes,Two year,No,Credit card (automatic)
71,109.7,7904.25,Female,1,Yes,No,Yes,No,Fiber optic,Yes,Yes,Yes,Yes,Yes,Yes,Two year,Yes,Bank transfer (automatic)
17,20.65,330.6,Female,1,No,No,Yes,No,No,No internet service,No internet service,No internet service,No internet service,No internet service,No internet service,One year,No,Mailed check
70,114.3,8244.3,Male,0,Yes,No,Yes,Yes,Fiber optic,Yes,Yes,Yes,Yes,Yes,Yes,Two year,No,Credit card (automatic)
23,104.05,2470.1,Male,0,No,No,Yes,Yes,Fiber optic,No,No,Yes,Yes,Yes,Yes,Month-to-month,Yes,Mailed check
30,101.5,2917.65,Male,1,Yes,No,Yes,Yes,Fiber optic,No,No,No,Yes,Yes,Yes,Month-to-month,Yes,Electronic check
57,104.9,5913.95,Male,1,No,No,Yes,Yes,Fiber optic,No,Yes,No,Yes,Yes,Yes,Month-to-month,Yes,Bank transfer (automatic)
16,71.4,1212.1,Male,0,No,No,Yes,Yes,DSL,No,Yes,Yes,No,No,Yes,Month-to-month,Yes,Bank transfer (automatic)
22,94.7,1914.9,Male,0,Yes,No,Yes,No,Fiber optic,No,No,Yes,No,Yes,Yes,Month-to-month,Yes,Credit card (automatic)
63,102.4,6444.05,Male,0,Yes,No,Yes,Yes,Fiber optic,No,Yes,Yes,No,Yes,Yes,Month-to-month,Yes,Electronic check
2,54.15,101.65,Female,0,No,No,Yes,Yes,DSL,No,Yes,No,No,No,No,Month-to-month,No,Mailed check
5,69.35,341.6,Female,1,Yes,No,Yes,No,Fiber optic,No,No,No,No,No,No,Month-to-month,Yes,Electronic check
59,51.7,3005.8,Male,0,No,No,No,No phone service,DSL,No,No,No,Yes,Yes,Yes,Month-to-month,Yes,Electronic check
38,20.2,735.9,Female,1,No,No,Yes,No,No,No internet service,No internet service,No internet service,No internet service,No internet service,No internet service,Two year,No,Mailed check
4,74.65,301.4,Male,0,Yes,No,Yes,Yes,Fiber optic,No,No,No,No,No,No,Month-to-month,Yes,Electronic check
4,50.55,235.65,Female,0,No,No,Yes,No,DSL,Yes,No,No,No,No,No,Month-to-month,Yes,Bank transfer (automatic)
5,105.3,550.6,Male,0,No,No,Yes,Yes,Fiber optic,No,Yes,Yes,No,Yes,Yes,Month-to-month,No,Electronic check
40,84.85,3303.05,Female,0,Yes,Yes,Yes,Yes,Fiber optic,No,No,Yes,Yes,No,No,Month-to-month,Yes,Electronic check
72,114.05,8289.2,Male,0,Yes,Yes,Yes,Yes,Fiber optic,Yes,Yes,Yes,Yes,Yes,Yes,Two year,Yes,Credit card (automatic)
72,109.65,7880.25,Male,0,Yes,No,Yes,Yes,Fiber optic,Yes,Yes,Yes,No,Yes,Yes,Two year,Yes,Electronic check
1,70.1,70.1,Female,0,No,No,Yes,No,Fiber optic,No,No,No,No,No,No,Month-to-month,Yes,Electronic check
47,74.05,3496.3,Female,0,No,No,Yes,Yes,DSL,Yes,Yes,No,Yes,No,Yes,Two year,No,Mailed check
66,104.6,6819.45,Female,1,Yes,No,Yes,Yes,Fiber optic,No,Yes,Yes,No,Yes,Yes,One year,No,Credit card (automatic)
47,20.05,1016.7,Female,0,Yes,Yes,Yes,No,No,No internet service,No internet service,No internet service,No internet service,No internet service,No internet service,Two year,No,Credit card (automatic)
17,74.55,1215.8,Female,0,Yes,Yes,Yes,No,DSL,Yes,Yes,No,No,Yes,Yes,Month-to-month,No,Mailed check
67,54.2,3623.95,Female,0,Yes,Yes,No,No phone service,DSL,Yes,Yes,Yes,Yes,Yes,No,Two year,No,Credit card (automatic)
1,50.55,50.55,Female,1,No,No,Yes,Yes,DSL,No,No,No,No,No,No,Month-to-month,No,Mailed check
8,25.25,186.3,Male,0,No,No,No,No phone service,DSL,No,No,No,No,No,No,Month-to-month,Yes,Credit card (automatic)
20,68.9,1370.35,Female,0,No,No,Yes,Yes,DSL,No,Yes,No,Yes,No,Yes,Month-to-month,Yes,Credit card (automatic)
1,69.4,69.4,Female,0,Yes,No,Yes,No,Fiber optic,No,No,No,No,No,No,Month-to-month,Yes,Mailed check
71,19.85,1326.35,Female,0,Yes,Yes,Yes,No,No,No internet service,No internet service,No internet service,No internet service,No internet service,No internet service,Two year,No,Bank transfer (automatic)
54,46.2,2431.95,Male,0,No,No,No,No phone service,DSL,Yes,Yes,No,No,No,Yes,Two year,No,Bank transfer (automatic)
70,90.25,6385.95,Female,0,No,No,Yes,Yes,Fiber optic,No,Yes,Yes,Yes,No,No,One year,Yes,Bank transfer (automatic)
12,94.2,1046.1,Female,0,No,No,Yes,Yes,Fiber optic,No,No,No,No,Yes,Yes,Month-to-month,Yes,Electronic check
1,74.4,74.4,Male,1,No,No,Yes,Yes,Fiber optic,No,No,No,No,No,No,Month-to-month,Yes,Electronic check
41,68.6,2877.05,Female,0,No,No,Yes,Yes,DSL,No,No,Yes,Yes,No,Yes,One year,Yes,Electronic check
72,24.55,1750.7,Female,0,Yes,No,Yes,Yes,No,No internet service,No internet service,No internet service,No internet service,No internet service,No internet service,Two year,No,Electronic check
2,45.15,98.5,Male,0,No,No,Yes,No,DSL,No,No,No,No,No,No,Month-to-month,Yes,Electronic check
22,85.35,1961.6,Female,1,Yes,Yes,Yes,Yes,Fiber optic,No,No,No,No,Yes,No,Month-to-month,No,Bank transfer (automatic)
57,69.85,4003.0,Female,1,No,No,Yes,No,DSL,Yes,No,Yes,Yes,Yes,No,Two year,No,Bank transfer (automatic)
66,85.25,5538.35,Male,0,Yes,No,Yes,Yes,DSL,Yes,Yes,No,Yes,Yes,Yes,Two year,No,Electronic check
34,49.8,1734.2,Male,0,No,No,Yes,No,DSL,No,Yes,No,No,No,No,Month-to-month,Yes,Electronic check
45,34.2,1596.6,Female,1,No,No,No,No phone service,DSL,No,No,No,No,No,Yes,One year,No,Electronic check
66,59.75,3996.8,Female,0,Yes,Yes,Yes,No,DSL,Yes,No,No,No,Yes,No,Two year,Yes,Electronic check
28,25.55,672.2,Female,0,Yes,No,Yes,Yes,No,No internet service,No internet service,No internet service,No internet service,No internet service,No internet service,One year,No,Mailed check
63,104.75,6536.5,Male,0,No,No,Yes,Yes,Fiber optic,No,Yes,Yes,No,Yes,Yes,Two year,Yes,Bank transfer (automatic)
52,91.25,4738.3,Male,0,No,No,Yes,No,Fiber optic,Yes,No,Yes,No,Yes,No,One year,No,Electronic check
1,20.9,20.9,Female,0,No,No,Yes,No,No,No internet service,No internet service,No internet service,No internet service,No internet service,No internet service,Month-to-month,No,Mailed check
67,112.35,7388.45,Female,0,Yes,Yes,Yes,Yes,Fiber optic,No,Yes,Yes,Yes,Yes,Yes,One year,Yes,Credit card (automatic)
4,54.7,235.05,Female,0,Yes,No,Yes,No,DSL,Yes,Yes,No,No,No,No,Month-to-month,No,Mailed check
25,69.5,1752.65,Female,1,Yes,No,Yes,Yes,DSL,Yes,No,No,Yes,Yes,No,Month-to-month,Yes,Credit card (automatic)
2,91.4,193.6,Female,0,No,No,Yes,Yes,Fiber optic,No,No,Yes,No,Yes,No,Month-to-month,Yes,Electronic check
0,25.75,0.0,Male,0,Yes,Yes,Yes,Yes,No,No internet service,No internet service,No internet service,No internet service,No internet service,No internet service,Two year,No,Mailed check
1,51.25,51.25,Male,0,No,No,Yes,No,DSL,Yes,No,No,No,No,No,Month-to-month,No,Mailed check
1,78.95,78.95,Male,0,No,No,Yes,No,Fiber optic,No,No,No,No,Yes,No,Month-to-month,Yes,Electronic check
36,19.25,679.8,Female,0,No,No,Yes,No,No,No internet service,No internet service,No internet service,No internet service,No internet service,No internet service,One year,Yes,Bank transfer (automatic)
60,39.6,2424.5,Male,0,No,No,No,No phone service,DSL,Yes,Yes,Yes,No,No,No,Two year,No,Bank transfer (automatic)
47,59.6,2754.0,Male,1,No,No,Yes,Yes,DSL,No,Yes,No,Yes,No,No,Two year,No,Bank transfer (automatic)
62,107.6,6912.7,Male,0,Yes,No,Yes,Yes,Fiber optic,No,No,Yes,Yes,Yes,Yes,Two year,Yes,Bank transfer (automatic)
71,52.3,3765.05,Male,1,Yes,No,No,No phone service,DSL,No,Yes,Yes,No,Yes,Yes,Month-to-month,Yes,Bank transfer (automatic)
17,82.65,1470.05,Female,1,No,No,Yes,Yes,Fiber optic,No,No,Yes,No,No,No,Month-to-month,Yes,Credit card (automatic)
1,25.8,25.8,Female,1,No,No,No,No phone service,DSL,No,No,No,No,No,No,Month-to-month,Yes,Mailed check
62,80.4,4981.15,Male,0,No,No,Yes,No,DSL,No,Yes,Yes,Yes,Yes,Yes,Month-to-month,Yes,Bank transfer (automatic)
15,75.65,1146.65,Male,1,No,No,Yes,Yes,Fiber optic,No,No,No,No,No,No,Month-to-month,No,Electronic check
1,19.4,19.4,Female,0,No,No,Yes,No,No,No internet service,No internet service,No internet service,No internet service,No internet service,No internet service,Month-to-month,Yes,Mailed check
59,20.2,1192.3,Male,0,No,No,Yes,No,No,No internet service,No internet service,No internet service,No internet service,No internet service,No internet service,Two year,Yes,Bank transfer (automatic)
36,65.4,2498.4,Male,0,No,No,Yes,No,DSL,No,Yes,No,Yes,No,Yes,One year,Yes,Mailed check
37,19.85,717.5,Female,0,Yes,No,Yes,No,No,No internet service,No internet service,No internet service,No internet service,No internet service,No internet service,One year,Yes,Bank transfer (automatic)
11,51.0,581.7,Female,0,Yes,Yes,Yes,No,DSL,Yes,No,No,No,No,No,Month-to-month,No,Bank transfer (automatic)
11,20.25,208.0,Male,0,No,No,Yes,No,No,No internet service,No internet service,No internet service,No internet service,No internet service,No internet service,Month-to-month,No,Mailed check
39,89.55,3474.45,Female,0,Yes,Yes,Yes,Yes,Fiber optic,No,Yes,Yes,Yes,No,No,One year,Yes,Electronic check
14,19.95,268.4,Male,0,No,Yes,Yes,No,No,No internet service,No internet service,No internet service,No internet service,No internet service,No internet service,Month-to-month,No,Mailed check
58,60.3,3563.8,Male,0,Yes,No,Yes,No,DSL,Yes,Yes,Yes,No,No,No,One year,No,Credit card (automatic)
29,25.15,702.0,Female,0,No,No,Yes,Yes,No,No internet service,No internet service,No internet service,No internet service,No internet service,No internet service,Month-to-month,No,Electronic check
46,55.65,2688.85,Female,0,No,No,Yes,No,DSL,No,No,No,No,No,Yes,One year,No,Credit card (automatic)
1,55.05,55.05,Male,0,No,No,Yes,No,DSL,No,No,Yes,Yes,No,No,Month-to-month,No,Mailed check
54,61.0,3283.05,Male,0,No,Yes,Yes,No,DSL,No,Yes,Yes,Yes,No,No,One year,Yes,Electronic check
2,20.35,35.1,Female,0,No,No,Yes,No,No,No internet service,No internet service,No internet service,No internet service,No internet service,No internet service,Month-to-month,No,Credit card (automatic)
30,20.7,587.1,Male,0,Yes,No,Yes,No,No,No internet service,No internet service,No internet service,No internet service,No internet service,No internet service,One year,No,Credit card (automatic)
46,94.65,4312.5,Male,0,Yes,No,Yes,Yes,Fiber optic,No,Yes,Yes,No,Yes,No,One year,Yes,Electronic check
13,83.2,1060.6,Male,0,No,No,Yes,No,Fiber optic,No,No,Yes,No,Yes,No,Month-to-month,Yes,Electronic check
1,74.35,74.35,Male,0,No,Yes,Yes,Yes,Fiber optic,No,No,No,No,No,No,Month-to-month,Yes,Electronic check
57,104.5,5921.35,Female,0,Yes,No,Yes,Yes,Fiber optic,No,Yes,Yes,No,Yes,Yes,Month-to-month,Yes,Credit card (automatic)
22,83.3,1845.9,Female,0,Yes,Yes,Yes,No,Fiber optic,No,Yes,No,No,No,Yes,Month-to-month,No,Electronic check
62,74.3,4698.05,Male,0,No,No,Yes,No,DSL,Yes,Yes,No,No,Yes,Yes,One year,Yes,Credit card (automatic)
8,69.95,562.7,Male,1,No,No,Yes,No,Fiber optic,No,No,No,No,No,No,Month-to-month,Yes,Credit card (automatic)
41,40.35,1677.85,Female,0,No,No,No,No phone service,DSL,No,Yes,No,No,No,Yes,Month-to-month,Yes,Electronic check
65,59.8,3808.2,Female,0,Yes,No,Yes,No,DSL,No,No,No,Yes,Yes,No,Two year,Yes,Credit card (automatic)
31,59.05,1882.8,Male,0,Yes,No,Yes,Yes,DSL,No,No,No,No,Yes,No,Month-to-month,Yes,Credit card (automatic)
53,85.45,4517.25,Male,0,No,No,Yes,Yes,Fiber optic,No,No,No,No,Yes,No,Month-to-month,No,Bank transfer (automatic)
58,71.6,4230.25,Male,0,Yes,Yes,Yes,Yes,DSL,Yes,Yes,Yes,Yes,No,No,Two year,No,Credit card (automatic)
29,85.8,2440.25,Male,0,Yes,No,Yes,Yes,Fiber optic,No,Yes,Yes,No,No,No,Month-to-month,Yes,Electronic check
6,109.9,669.45,Female,0,No,No,Yes,Yes,Fiber optic,No,Yes,Yes,Yes,Yes,Yes,Month-to-month,Yes,Credit card (automatic)
64,60.05,3845.45,Male,0,Yes,Yes,No,No phone service,DSL,Yes,No,Yes,Yes,Yes,Yes,Two year,Yes,Bank transfer (automatic)
66,79.4,5154.6,Male,1,Yes,Yes,Yes,Yes,DSL,Yes,Yes,Yes,Yes,Yes,No,Two year,No,Credit card (automatic)
1,74.4,74.4,Male,1,Yes,No,Yes,Yes,Fiber optic,No,No,No,No,No,No,Month-to-month,Yes,Electronic check
27,100.5,2673.45,Male,0,No,No,Yes,Yes,Fiber optic,No,No,Yes,No,Yes,Yes,One year,Yes,Bank transfer (automatic)
35,102.35,3626.1,Male,0,No,No,Yes,No,Fiber optic,No,Yes,Yes,No,Yes,Yes,One year,Yes,Bank transfer (automatic)
24,78.6,1846.65,Female,0,Yes,Yes,Yes,Yes,DSL,Yes,No,Yes,No,Yes,Yes,Two year,No,Credit card (automatic)
2,45.0,96.45,Male,0,No,No,Yes,No,DSL,No,No,No,No,No,No,Month-to-month,Yes,Mailed check
48,111.8,5443.65,Male,0,Yes,Yes,Yes,Yes,Fiber optic,Yes,Yes,Yes,Yes,Yes,Yes,Two year,No,Credit card (automatic)
71,90.3,6287.3,Male,0,Yes,Yes,Yes,Yes,DSL,Yes,Yes,Yes,Yes,Yes,Yes,Two year,No,Credit card (automatic)
41,19.7,804.25,Female,0,Yes,Yes,Yes,No,No,No internet service,No internet service,No internet service,No internet service,No internet service,No internet service,Two year,No,Bank transfer (automatic)
7,89.35,631.85,Male,0,No,No,Yes,Yes,Fiber optic,No,No,Yes,No,Yes,No,Month-to-month,Yes,Credit card (automatic)
13,19.3,259.65,Male,0,No,No,Yes,No,No,No internet service,No internet service,No internet service,No internet service,No internet service,No internet service,One year,No,Credit card (automatic)
23,95.3,2192.9,Male,0,No,No,Yes,No,Fiber optic,No,Yes,No,No,Yes,Yes,Month-to-month,No,Mailed check
18,69.8,1221.65,Female,0,No,No,Yes,No,Fiber optic,No,No,No,No,No,No,Month-to-month,Yes,Electronic check
26,26.0,684.05,Female,0,Yes,No,Yes,Yes,No,No internet service,No internet service,No internet service,No internet service,No internet service,No internet service,One year,No,Mailed check
72,115.8,8424.9,Male,0,Yes,No,Yes,Yes,Fiber optic,Yes,Yes,Yes,Yes,Yes,Yes,Two year,Yes,Bank transfer (automatic)
3,74.1,228.0,Female,0,Yes,No,Yes,Yes,Fiber optic,No,No,No,No,No,No,Month-to-month,Yes,Credit card (automatic)
26,85.2,2184.6,Male,0,No,No,Yes,No,Fiber optic,No,Yes,Yes,Yes,No,No,One year,Yes,Electronic check
7,51.0,354.05,Male,0,No,No,Yes,No,DSL,Yes,No,No,No,No,No,Month-to-month,Yes,Mailed check
39,95.65,3759.05,Male,1,No,No,Yes,Yes,Fiber optic,No,No,No,No,Yes,Yes,Month-to-month,Yes,Bank transfer (automatic)
43,86.1,3551.65,Male,0,Yes,No,Yes,No,Fiber optic,Yes,Yes,Yes,No,No,No,Month-to-month,Yes,Credit card (automatic)
70,20.15,1411.2,Female,0,Yes,Yes,Yes,No,No,No internet service,No internet service,No internet service,No internet service,No internet service,No internet service,Two year,Yes,Credit card (automatic)
2,53.45,119.5,Male,0,No,No,Yes,No,DSL,Yes,No,Yes,No,No,No,Month-to-month,No,Electronic check
55,20.5,1177.95,Male,0,Yes,Yes,Yes,No,No,No internet service,No internet service,No internet service,No internet service,No internet service,No internet service,Two year,No,Mailed check
35,21.45,705.45,Male,0,No,No,Yes,No,No,No internet service,No internet service,No internet service,No internet service,No internet service,No internet service,Two year,No,Bank transfer (automatic)
1,20.2,20.2,Male,0,No,No,Yes,No,No,No internet service,No internet service,No internet service,No internet service,No internet service,No internet service,Month-to-month,No,Mailed check
27,20.3,595.05,Male,0,No,No,Yes,No,No,No internet service,No internet service,No internet service,No internet service,No internet service,No internet service,One year,No,Mailed check
59,25.0,1510.5,Male,0,No,No,Yes,Yes,No,No internet service,No internet service,No internet service,No internet service,No internet service,No internet service,Two year,No,Mailed check
24,54.6,1242.25,Male,0,No,No,Yes,Yes,DSL,No,No,No,Yes,No,No,One year,No,Bank transfer (automatic)
2,79.75,164.5,Female,0,No,No,Yes,No,Fiber optic,No,No,No,No,Yes,No,Month-to-month,Yes,Electronic check
66,20.35,1359.5,Male,0,Yes,Yes,Yes,No,No,No internet service,No internet service,No internet service,No internet service,No internet service,No internet service,One year,Yes,Electronic check
56,75.75,4284.65,Male,0,No,No,Yes,No,DSL,No,Yes,No,Yes,Yes,Yes,One year,Yes,Bank transfer (automatic)
11,102.0,1145.35,Female,0,Yes,No,Yes,Yes,Fiber optic,No,Yes,No,No,Yes,Yes,Month-to-month,Yes,Electronic check
43,55.45,2444.25,Female,0,No,No,Yes,No,DSL,No,Yes,No,Yes,No,No,One year,No,Electronic check
53,100.3,5200.8,Female,0,No,No,Yes,No,Fiber optic,No,Yes,Yes,No,Yes,Yes,One year,Yes,Mailed check
43,44.15,1931.3,Male,0,No,No,No,No phone service,DSL,No,No,Yes,Yes,No,Yes,One year,No,Electronic check
8,19.5,162.15,Female,0,Yes,Yes,Yes,No,No,No internet service,No internet service,No internet service,No internet service,No internet service,No internet service,Two year,No,Mailed check
72,93.25,6688.95,Female,0,Yes,Yes,Yes,Yes,DSL,Yes,Yes,Yes,Yes,Yes,Yes,Two year,Yes,Bank transfer (automatic)
49,19.45,921.3,Female,0,No,Yes,Yes,No,No,No internet service,No internet service,No internet service,No internet service,No internet service,No internet service,One year,No,Credit card (automatic)
69,95.65,6744.2,Female,0,Yes,No,Yes,No,Fiber optic,No,Yes,No,No,Yes,Yes,One year,Yes,Credit card (automatic)
5,19.95,109.6,Female,0,No,No,Yes,No,No,No internet service,No internet service,No internet service,No internet service,No internet service,No internet service,Month-to-month,No,Mailed check
62,20.45,1297.35,Male,0,Yes,Yes,Yes,No,No,No internet service,No internet service,No internet service,No internet service,No internet service,No internet service,Two year,No,Bank transfer (automatic)
69,103.95,7446.9,Female,0,Yes,Yes,Yes,Yes,Fiber optic,No,Yes,Yes,No,Yes,Yes,Month-to-month,Yes,Electronic check
63,74.5,4674.55,Male,0,Yes,Yes,Yes,No,DSL,Yes,Yes,Yes,Yes,Yes,No,Two year,No,Credit card (automatic)
1,45.8,45.8,Female,0,No,No,Yes,No,DSL,No,No,No,No,No,No,Month-to-month,No,Electronic check
52,80.2,4297.6,Female,0,No,No,Yes,Yes,Fiber optic,No,Yes,No,No,No,No,One year,Yes,Mailed check
65,59.95,3921.1,Female,0,No,No,No,No phone service,DSL,Yes,No,Yes,Yes,Yes,Yes,Two year,No,Credit card (automatic)
1,61.15,61.15,Male,0,No,No,Yes,Yes,DSL,Yes,Yes,No,No,No,No,Month-to-month,No,Electronic check
4,68.65,261.25,Female,0,No,No,Yes,No,DSL,No,Yes,No,No,Yes,Yes,Month-to-month,Yes,Bank transfer (automatic)
3,20.55,51.15,Male,0,Yes,No,Yes,No,No,No internet service,No internet service,No internet service,No internet service,No internet service,No internet service,Month-to-month,Yes,Credit card (automatic)
43,90.25,3838.75,Female,1,No,No,Yes,Yes,Fiber optic,No,Yes,No,No,Yes,No,Month-to-month,Yes,Electronic check
5,67.95,350.3,Female,0,Yes,No,Yes,Yes,DSL,No,No,Yes,Yes,Yes,No,Month-to-month,No,Bank transfer (automatic)
7,94.25,669.0,Male,0,No,No,Yes,No,Fiber optic,No,Yes,No,No,Yes,Yes,Month-to-month,Yes,Electronic check
15,25.25,394.85,Female,0,Yes,Yes,Yes,Yes,No,No internet service,No internet service,No internet service,No internet service,No internet service,No internet service,Month-to-month,Yes,Electronic check
69,20.2,1412.65,Female,0,Yes,Yes,Yes,No,No,No internet service,No internet service,No internet service,No internet service,No internet service,No internet service,Two year,No,Bank transfer (automatic)
4,101.15,385.9,Male,0,Yes,Yes,Yes,Yes,Fiber optic,No,No,Yes,No,Yes,Yes,Month-to-month,No,Electronic check
3,79.25,267.6,Male,0,No,No,Yes,No,Fiber optic,No,No,No,No,Yes,No,Month-to-month,No,Electronic check
70,69.2,4872.35,Female,0,Yes,Yes,Yes,Yes,DSL,Yes,Yes,No,No,Yes,No,Two year,Yes,Credit card (automatic)
5,88.9,454.15,Female,0,Yes,No,Yes,No,Fiber optic,Yes,No,Yes,No,No,Yes,Month-to-month,Yes,Mailed check
71,19.8,1396.25,Male,0,Yes,Yes,Yes,No,No,No internet service,No internet service,No internet service,No internet service,No internet service,No internet service,Two year,No,Mailed check
35,99.05,3395.8,Male,1,No,No,Yes,Yes,Fiber optic,No,No,Yes,No,Yes,Yes,Month-to-month,Yes,Electronic check
72,90.8,6511.8,Male,0,Yes,Yes,Yes,Yes,Fiber optic,No,No,Yes,No,No,Yes,Two year,Yes,Credit card (automatic)
67,107.05,7142.5,Female,1,Yes,No,Yes,Yes,Fiber optic,Yes,No,Yes,No,Yes,Yes,One year,Yes,Credit card (automatic)
1,94.0,94.0,Male,1,No,No,Yes,Yes,Fiber optic,No,No,No,No,Yes,Yes,Month-to-month,Yes,Electronic check
32,100.4,3217.65,Female,1,Yes,Yes,Yes,Yes,Fiber optic,No,Yes,No,No,Yes,Yes,Month-to-month,Yes,Electronic check
65,85.75,5688.45,Male,1,Yes,Yes,Yes,Yes,Fiber optic,Yes,Yes,No,No,No,No,Month-to-month,Yes,Electronic check
31,89.9,2806.9,Female,0,No,No,Yes,Yes,Fiber optic,No,No,Yes,No,No,Yes,Month-to-month,Yes,Electronic check
13,54.8,731.3,Female,1,No,No,Yes,No,DSL,No,Yes,Yes,No,No,No,Month-to-month,Yes,Electronic check
12,29.3,355.9,Female,1,Yes,Yes,No,No phone service,DSL,No,No,No,Yes,No,No,Month-to-month,Yes,Mailed check
31,64.0,1910.75,Female,0,Yes,No,Yes,No,DSL,Yes,No,No,Yes,No,Yes,One year,Yes,Electronic check
61,80.9,4932.5,Male,0,Yes,No,Yes,Yes,DSL,No,Yes,Yes,No,Yes,Yes,Two year,No,Bank transfer (automatic)
3,63.6,155.65,Female,0,No,No,Yes,Yes,DSL,No,No,No,Yes,Yes,No,Month-to-month,Yes,Electronic check
71,85.75,6223.8,Female,0,Yes,No,Yes,Yes,DSL,Yes,Yes,Yes,Yes,Yes,Yes,Two year,No,Credit card (automatic)
17,94.4,1617.5,Female,0,No,No,Yes,Yes,Fiber optic,Yes,Yes,No,No,Yes,No,Month-to-month,Yes,Electronic check
66,100.8,6690.75,Female,1,Yes,No,Yes,Yes,Fiber optic,No,Yes,No,No,Yes,Yes,Month-to-month,Yes,Electronic check
63,20.5,1328.15,Male,0,No,No,Yes,No,No,No internet service,No internet service,No internet service,No internet service,No internet service,No internet service,One year,No,Mailed check
59,76.45,4519.5,Female,0,Yes,Yes,Yes,Yes,DSL,Yes,No,Yes,Yes,Yes,No,Two year,Yes,Mailed check
39,105.65,4284.8,Male,1,Yes,No,Yes,Yes,Fiber optic,No,Yes,Yes,No,Yes,Yes,Month-to-month,Yes,Electronic check
8,94.2,777.3,Female,0,Yes,Yes,Yes,No,Fiber optic,No,No,Yes,No,Yes,Yes,Month-to-month,Yes,Electronic check
53,98.6,5311.85,Female,0,No,No,Yes,Yes,Fiber optic,Yes,Yes,Yes,No,Yes,No,One year,No,Mailed check
37,64.75,2345.2,Female,0,No,No,Yes,No,DSL,No,No,No,No,Yes,Yes,Month-to-month,Yes,Electronic check
13,73.75,956.65,Male,0,No,No,Yes,No,Fiber optic,Yes,No,No,No,No,No,Month-to-month,Yes,Credit card (automatic)
20,59.2,1191.2,Male,0,No,No,Yes,Yes,DSL,Yes,No,No,Yes,No,No,Month-to-month,No,Bank transfer (automatic)
2,20.35,41.85,Female,0,Yes,No,Yes,No,No,No internet service,No internet service,No internet service,No internet service,No internet service,No internet service,Month-to-month,No,Mailed check
1,85.45,85.45,Female,0,No,No,Yes,No,Fiber optic,No,No,Yes,No,Yes,No,Month-to-month,Yes,Electronic check
57,53.5,3035.8,Male,1,No,No,Yes,No,DSL,No,No,Yes,Yes,No,No,One year,Yes,Electronic check
14,86.1,1235.55,Male,0,Yes,No,Yes,Yes,Fiber optic,No,No,No,No,Yes,No,Month-to-month,Yes,Electronic check
7,84.8,546.95,Male,1,No,No,Yes,Yes,Fiber optic,No,No,No,No,Yes,No,Month-to-month,Yes,Electronic check
11,79.5,795.65,Male,0,No,No,Yes,No,Fiber optic,Yes,No,Yes,No,No,No,Month-to-month,Yes,Bank transfer (automatic)
40,110.1,4469.1,Male,0,Yes,Yes,Yes,Yes,Fiber optic,Yes,Yes,No,Yes,Yes,Yes,Month-to-month,Yes,Credit card (automatic)
9,79.35,661.25,Male,0,Yes,Yes,Yes,Yes,Fiber optic,No,No,Yes,No,No,No,Month-to-month,Yes,Bank transfer (automatic)
1,39.65,39.65,Male,1,No,No,No,No phone service,DSL,No,No,Yes,No,No,Yes,Month-to-month,Yes,Electronic check
28,80.6,2244.95,Female,0,No,No,Yes,No,Fiber optic,No,No,No,No,No,Yes,Month-to-month,Yes,Electronic check
17,35.65,646.05,Female,0,Yes,No,No,No phone service,DSL,No,Yes,Yes,No,No,No,Month-to-month,Yes,Credit card (automatic)
68,84.4,5746.75,Female,0,Yes,Yes,Yes,Yes,Fiber optic,No,Yes,Yes,No,No,No,Two year,Yes,Credit card (automatic)
26,88.8,2274.35,Female,0,No,No,Yes,No,Fiber optic,No,No,No,No,Yes,Yes,Month-to-month,Yes,Bank transfer (automatic)
72,26.1,1851.45,Male,0,Yes,Yes,Yes,Yes,No,No internet service,No internet service,No internet service,No internet service,No internet service,No internet service,Two year,No,Mailed check
30,67.6,2000.2,Male,0,Yes,Yes,Yes,Yes,DSL,Yes,Yes,Yes,Yes,No,No,Month-to-month,No,Electronic check
7,20.65,158.95,Female,0,Yes,Yes,Yes,No,No,No internet service,No internet service,No internet service,No internet service,No internet service,No internet service,Month-to-month,No,Mailed check
15,46.3,639.45,Female,0,Yes,Yes,Yes,No,DSL,No,No,No,No,No,No,Month-to-month,No,Electronic check
26,85.7,2067.0,Female,1,Yes,No,Yes,No,Fiber optic,No,No,Yes,No,Yes,No,Month-to-month,Yes,Credit card (automatic)
69,85.4,5869.4,Female,0,Yes,No,Yes,Yes,Fiber optic,No,Yes,Yes,No,No,No,Month-to-month,Yes,Bank transfer (automatic)
10,100.25,1064.65,Female,0,Yes,Yes,Yes,Yes,Fiber optic,Yes,No,No,No,Yes,Yes,Month-to-month,Yes,Electronic check
33,53.75,1857.3,Female,0,Yes,No,Yes,No,DSL,No,Yes,No,Yes,No,No,One year,Yes,Credit card (automatic)
1,50.6,50.6,Male,0,No,Yes,Yes,No,DSL,Yes,No,No,No,No,No,Month-to-month,No,Mailed check
18,90.0,1527.35,Female,0,No,No,Yes,Yes,Fiber optic,No,Yes,No,No,Yes,No,Month-to-month,Yes,Credit card (automatic)
4,50.3,217.1,Female,0,Yes,Yes,Yes,No,DSL,Yes,No,No,No,No,No,Month-to-month,No,Electronic check
35,91.5,3236.35,Male,0,Yes,No,Yes,Yes,Fiber optic,No,No,No,Yes,Yes,No,Month-to-month,Yes,Credit card (automatic)
51,81.0,4085.75,Male,0,No,No,Yes,Yes,Fiber optic,No,Yes,No,No,No,No,Month-to-month,No,Bank transfer (automatic)
29,90.1,2656.7,Male,1,Yes,No,Yes,No,Fiber optic,Yes,No,Yes,No,No,Yes,One year,No,Bank transfer (automatic)
22,54.45,1127.35,Male,0,No,No,Yes,Yes,DSL,Yes,No,No,No,No,No,Month-to-month,Yes,Electronic check
22,96.7,2082.95,Male,1,No,No,Yes,Yes,Fiber optic,No,No,No,No,Yes,Yes,Month-to-month,Yes,Electronic check
43,94.5,4156.8,Female,1,Yes,No,Yes,Yes,Fiber optic,Yes,Yes,No,No,Yes,No,Month-to-month,Yes,Electronic check
1,30.55,30.55,Female,0,No,No,No,No phone service,DSL,No,No,No,Yes,No,No,Month-to-month,No,Mailed check
67,111.2,7530.8,Male,0,Yes,Yes,Yes,Yes,Fiber optic,No,Yes,Yes,Yes,Yes,Yes,Two year,Yes,Bank transfer (automatic)
66,25.7,1714.55,Male,0,Yes,Yes,Yes,Yes,No,No internet service,No internet service,No internet service,No internet service,No internet service,No internet service,One year,Yes,Credit card (automatic)
43,60.4,2640.55,Female,0,Yes,Yes,No,No phone service,DSL,Yes,No,Yes,Yes,Yes,Yes,One year,Yes,Credit card (automatic)
69,75.75,5388.15,Male,0,Yes,Yes,Yes,No,DSL,Yes,Yes,Yes,Yes,Yes,No,Two year,Yes,Bank transfer (automatic)
46,110.0,4874.8,Female,1,No,No,Yes,Yes,Fiber optic,Yes,Yes,Yes,No,Yes,Yes,One year,Yes,Electronic check
71,93.2,6506.15,Female,0,Yes,No,Yes,Yes,DSL,Yes,Yes,Yes,Yes,Yes,Yes,Two year,No,Credit card (automatic)
52,68.75,3482.85,Male,0,Yes,Yes,Yes,No,DSL,No,Yes,Yes,Yes,Yes,No,One year,Yes,Electronic check
43,107.55,4533.9,Female,1,Yes,No,Yes,Yes,Fiber optic,No,No,Yes,Yes,Yes,Yes,One year,Yes,Electronic check
53,19.65,978.0,Male,0,No,No,Yes,No,No,No internet service,No internet service,No internet service,No internet service,No internet service,No internet service,Two year,No,Bank transfer (automatic)
18,40.2,711.95,Female,0,No,No,No,No phone service,DSL,Yes,Yes,No,Yes,No,No,One year,Yes,Mailed check
18,74.8,1438.05,Female,0,Yes,No,Yes,No,Fiber optic,Yes,No,No,No,No,No,Month-to-month,No,Electronic check
62,81.45,4983.05,Male,0,Yes,Yes,Yes,No,Fiber optic,Yes,Yes,No,No,No,No,One year,Yes,Credit card (automatic)
62,97.95,5936.55,Female,1,Yes,No,Yes,Yes,Fiber optic,No,Yes,Yes,No,Yes,No,One year,Yes,Credit card (automatic)
30,79.65,2365.15,Male,1,Yes,No,Yes,No,Fiber optic,No,Yes,Yes,No,No,No,Month-to-month,Yes,Mailed check
18,88.35,1639.3,Female,0,No,No,Yes,Yes,Fiber optic,No,No,No,Yes,Yes,No,Month-to-month,Yes,Electronic check
26,98.65,2537.0,Male,0,No,No,Yes,No,Fiber optic,No,No,Yes,Yes,Yes,Yes,Month-to-month,Yes,Electronic check
27,94.55,2724.6,Female,0,No,No,Yes,Yes,Fiber optic,No,No,No,No,Yes,Yes,Month-to-month,Yes,Mailed check
1,19.85,19.85,Female,0,No,No,Yes,No,No,No internet service,No internet service,No internet service,No internet service,No internet service,No internet service,Month-to-month,No,Mailed check
17,24.8,475.25,Female,0,No,No,Yes,Yes,No,No internet service,No internet service,No internet service,No internet service,No internet service,No internet service,Month-to-month,No,Mailed check
37,99.5,3762.0,Female,0,Yes,No,Yes,Yes,Fiber optic,No,No,Yes,No,Yes,Yes,Month-to-month,Yes,Electronic check
22,20.15,419.9,Male,0,Yes,Yes,Yes,No,No,No internet service,No internet service,No internet service,No internet service,No internet service,No internet service,One year,No,Mailed check
71,20.1,1389.6,Female,0,Yes,Yes,Yes,No,No,No internet service,No internet service,No internet service,No internet service,No internet service,No internet service,Two year,No,Bank transfer (automatic)
65,107.45,7047.5,Female,1,Yes,Yes,Yes,Yes,Fiber optic,No,Yes,Yes,No,Yes,Yes,One year,Yes,Electronic check
44,88.15,3973.2,Female,0,No,No,Yes,No,Fiber optic,No,Yes,Yes,No,Yes,No,Month-to-month,Yes,Credit card (automatic)
54,95.1,5064.85,Female,0,No,No,Yes,Yes,Fiber optic,No,No,Yes,Yes,No,Yes,Two year,Yes,Bank transfer (automatic)
72,113.65,8124.2,Female,0,Yes,No,Yes,Yes,Fiber optic,Yes,Yes,Yes,Yes,Yes,Yes,Two year,Yes,Credit card (automatic)
1,50.1,50.1,Female,0,No,No,Yes,Yes,DSL,No,No,No,No,No,No,Month-to-month,Yes,Electronic check
67,85.25,5714.2,Female,0,No,No,Yes,Yes,DSL,Yes,No,Yes,Yes,Yes,Yes,Two year,Yes,Mailed check
22,40.05,880.2,Male,1,Yes,Yes,No,No phone service,DSL,Yes,No,No,No,No,Yes,Month-to-month,No,Mailed check
45,54.15,2319.8,Female,0,Yes,Yes,Yes,No,DSL,No,Yes,No,Yes,No,No,One year,Yes,Credit card (automatic)
60,44.45,2773.9,Female,0,No,No,No,No phone service,DSL,Yes,No,Yes,No,No,Yes,One year,Yes,Electronic check
28,106.15,3152.5,Female,1,No,No,Yes,Yes,Fiber optic,No,Yes,Yes,No,Yes,Yes,Month-to-month,Yes,Electronic check
70,19.8,1378.75,Female,0,Yes,Yes,Yes,No,No,No internet service,No internet service,No internet service,No internet service,No internet service,No internet service,Two year,No,Bank transfer (automatic)
72,113.4,8164.1,Male,0,No,No,Yes,Yes,Fiber optic,Yes,Yes,Yes,Yes,Yes,Yes,Two year,No,Bank transfer (automatic)
27,104.3,2867.75,Female,1,Yes,No,Yes,Yes,Fiber optic,Yes,No,No,Yes,Yes,Yes,Month-to-month,Yes,Bank transfer (automatic)
9,65.0,663.05,Female,0,Yes,Yes,Yes,No,DSL,Yes,Yes,Yes,Yes,No,No,Month-to-month,No,Mailed check
43,108.15,4600.7,Female,1,No,No,Yes,No,Fiber optic,Yes,Yes,No,Yes,Yes,Yes,Month-to-month,Yes,Credit card (automatic)
4,19.0,73.45,Male,0,No,No,Yes,No,No,No internet service,No internet service,No internet service,No internet service,No internet service,No internet service,Month-to-month,No,Mailed check
13,96.65,1162.85,Male,0,Yes,Yes,Yes,No,Fiber optic,No,No,Yes,No,Yes,Yes,Month-to-month,Yes,Mailed check
62,115.55,7159.05,Male,0,Yes,Yes,Yes,Yes,Fiber optic,Yes,Yes,Yes,Yes,Yes,Yes,Two year,No,Bank transfer (automatic)
8,19.2,156.85,Female,0,No,No,Yes,No,No,No internet service,No internet service,No internet service,No internet service,No internet service,No internet service,Month-to-month,No,Mailed check
43,101.4,4528.0,Male,0,No,No,Yes,Yes,Fiber optic,No,Yes,No,No,Yes,Yes,Month-to-month,Yes,Electronic check
2,44.65,74.9,Male,0,No,No,Yes,No,DSL,No,No,No,No,No,No,Month-to-month,No,Mailed check
68,108.45,7176.55,Male,0,No,No,Yes,Yes,Fiber optic,No,Yes,Yes,Yes,Yes,Yes,One year,No,Electronic check
47,20.45,943.0,Male,0,No,No,Yes,No,No,No internet service,No internet service,No internet service,No internet service,No internet service,No internet service,Two year,No,Bank transfer (automatic)
71,109.3,7782.85,Male,0,Yes,Yes,Yes,No,Fiber optic,Yes,Yes,Yes,Yes,Yes,Yes,Two year,No,Credit card (automatic)
1,89.3,89.3,Female,1,No,No,Yes,No,Fiber optic,No,No,No,No,Yes,Yes,Month-to-month,Yes,Electronic check
64,104.4,6721.6,Female,0,Yes,Yes,Yes,Yes,Fiber optic,Yes,No,No,Yes,Yes,Yes,One year,Yes,Bank transfer (automatic)
37,90.6,3358.65,Male,0,No,No,Yes,Yes,DSL,Yes,Yes,Yes,Yes,Yes,Yes,One year,Yes,Bank transfer (automatic)
20,88.7,1761.45,Male,0,No,No,Yes,Yes,Fiber optic,No,No,Yes,No,Yes,No,Month-to-month,Yes,Electronic check
12,99.7,1238.45,Female,0,No,No,Yes,Yes,Fiber optic,Yes,Yes,Yes,No,No,Yes,Month-to-month,Yes,Bank transfer (automatic)
3,92.0,266.8,Male,0,No,No,Yes,No,Fiber optic,No,No,No,No,Yes,Yes,Month-to-month,Yes,Electronic check
3,50.15,160.85,Male,0,No,No,Yes,No,DSL,Yes,No,No,No,No,No,Month-to-month,Yes,Mailed check
11,79.15,827.7,Male,1,No,No,Yes,No,Fiber optic,No,No,No,No,No,Yes,Month-to-month,Yes,Credit card (automatic)
2,20.3,40.25,Male,0,Yes,Yes,Yes,No,No,No internet service,No internet service,No internet service,No internet service,No internet service,No internet service,Month-to-month,No,Mailed check
36,92.9,3379.25,Female,0,Yes,Yes,Yes,Yes,DSL,Yes,Yes,Yes,Yes,Yes,Yes,Two year,Yes,Credit card (automatic)
10,29.6,299.05,Female,0,No,No,No,No phone service,DSL,No,No,No,Yes,No,No,Two year,Yes,Mailed check
59,100.05,6034.85,Female,0,Yes,No,Yes,No,Fiber optic,No,Yes,No,Yes,Yes,Yes,Two year,Yes,Mailed check
67,50.95,3521.7,Male,0,Yes,No,No,No phone service,DSL,Yes,Yes,No,Yes,No,Yes,Two year,Yes,Bank transfer (automatic)
15,95.7,1451.1,Male,0,No,No,Yes,Yes,Fiber optic,No,Yes,No,Yes,No,Yes,Month-to-month,No,Electronic check
1,69.5,69.5,Female,0,No,No,Yes,No,Fiber optic,No,No,No,No,No,No,Month-to-month,Yes,Electronic check
5,70.0,347.4,Male,0,No,No,Yes,No,DSL,No,No,Yes,No,Yes,Yes,One year,Yes,Mailed check
4,74.95,308.7,Male,1,Yes,No,Yes,Yes,Fiber optic,No,No,No,No,No,No,Month-to-month,No,Electronic check
69,85.35,5897.4,Female,0,No,No,Yes,Yes,DSL,Yes,No,Yes,Yes,Yes,Yes,Two year,Yes,Credit card (automatic)
32,73.6,2316.85,Female,0,Yes,Yes,Yes,No,DSL,Yes,Yes,Yes,Yes,No,Yes,Two year,No,Mailed check
7,69.0,506.9,Female,0,Yes,Yes,Yes,No,Fiber optic,No,No,No,No,No,No,Month-to-month,Yes,Electronic check
3,44.6,122.7,Female,0,No,No,Yes,No,DSL,No,No,No,No,No,No,Month-to-month,No,Electronic check
3,44.3,134.5,Female,0,Yes,Yes,Yes,No,DSL,No,No,No,No,No,No,Month-to-month,No,Mailed check
64,104.4,6692.65,Male,0,No,No,Yes,Yes,Fiber optic,No,Yes,Yes,No,Yes,Yes,Two year,Yes,Bank transfer (automatic)
6,20.7,112.75,Female,0,No,No,Yes,No,No,No internet service,No internet service,No internet service,No internet service,No internet service,No internet service,Month-to-month,No,Mailed check
3,46.1,130.15,Female,0,Yes,No,Yes,No,DSL,No,No,No,No,No,No,Month-to-month,Yes,Mailed check
72,103.95,7517.7,Male,0,Yes,Yes,Yes,Yes,Fiber optic,Yes,Yes,Yes,Yes,No,Yes,Two year,No,Credit card (automatic)
1,21.1,21.1,Male,0,No,No,Yes,No,No,No internet service,No internet service,No internet service,No internet service,No internet service,No internet service,Month-to-month,No,Mailed check
72,89.85,6562.9,Male,0,Yes,Yes,Yes,Yes,DSL,Yes,Yes,Yes,Yes,Yes,Yes,Two year,No,Credit card (automatic)
43,91.25,4013.8,Male,0,Yes,Yes,Yes,Yes,Fiber optic,Yes,No,Yes,Yes,No,No,One year,Yes,Credit card (automatic)
29,60.2,1834.15,Male,0,Yes,Yes,Yes,No,DSL,Yes,No,No,No,No,Yes,Month-to-month,Yes,Mailed check
57,79.75,4438.2,Male,1,No,No,Yes,Yes,DSL,No,Yes,Yes,No,Yes,Yes,Two year,Yes,Bank transfer (automatic)
55,59.2,3175.85,Male,0,No,No,Yes,No,DSL,Yes,No,Yes,Yes,No,No,Two year,Yes,Electronic check
60,74.35,4453.3,Male,0,Yes,Yes,Yes,Yes,Fiber optic,No,No,No,No,No,No,Month-to-month,No,Bank transfer (automatic)
71,23.85,1672.1,Female,0,Yes,No,Yes,Yes,No,No internet service,No internet service,No internet service,No internet service,No internet service,No internet service,Two year,No,Mailed check
72,80.85,5824.75,Female,0,Yes,Yes,Yes,Yes,DSL,Yes,Yes,Yes,Yes,No,Yes,Two year,No,Bank transfer (automatic)
70,110.2,7689.8,Female,0,Yes,Yes,Yes,Yes,Fiber optic,No,Yes,Yes,Yes,Yes,Yes,Two year,Yes,Electronic check
56,54.05,2959.8,Male,0,Yes,No,No,No phone service,DSL,No,No,Yes,Yes,Yes,Yes,One year,Yes,Bank transfer (automatic)
47,25.4,1139.2,Male,0,Yes,No,Yes,Yes,No,No internet service,No internet service,No internet service,No internet service,No internet service,No internet service,Month-to-month,No,Electronic check
71,84.2,5956.85,Male,0,Yes,No,Yes,Yes,DSL,No,Yes,Yes,Yes,Yes,Yes,Two year,No,Credit card (automatic)
70,90.85,6470.1,Female,1,Yes,No,Yes,Yes,Fiber optic,Yes,No,No,No,No,Yes,Month-to-month,Yes,Electronic check
58,105.5,6205.5,Female,1,Yes,No,Yes,No,Fiber optic,Yes,Yes,No,Yes,Yes,Yes,One year,Yes,Credit card (automatic)
2,70.4,147.15,Female,0,Yes,Yes,Yes,No,Fiber optic,No,No,No,No,No,No,Month-to-month,No,Electronic check
13,79.25,1111.65,Female,0,No,No,Yes,No,Fiber optic,No,Yes,Yes,No,No,No,Month-to-month,Yes,Electronic check
25,88.95,2291.2,Male,1,No,No,Yes,Yes,Fiber optic,No,Yes,No,No,Yes,No,Month-to-month,Yes,Electronic check
71,105.9,7521.95,Female,1,No,No,Yes,Yes,Fiber optic,No,Yes,Yes,No,Yes,Yes,One year,Yes,Electronic check
32,79.25,2619.15,Male,0,Yes,No,Yes,Yes,Fiber optic,No,No,No,Yes,No,No,One year,Yes,Electronic check
56,80.9,4557.5,Male,0,Yes,No,Yes,No,Fiber optic,No,No,No,No,No,Yes,One year,Yes,Electronic check
4,19.4,93.4,Male,0,No,No,Yes,No,No,No internet service,No internet service,No internet service,No internet service,No internet service,No internet service,Month-to-month,No,Mailed check
40,91.55,3673.6,Female,1,No,No,Yes,No,Fiber optic,No,No,No,No,Yes,Yes,Month-to-month,Yes,Electronic check
30,110.45,3327.05,Female,0,No,No,Yes,Yes,Fiber optic,No,Yes,Yes,Yes,Yes,Yes,One year,No,Credit card (automatic)
72,78.85,5763.15,Male,0,Yes,No,Yes,Yes,DSL,Yes,Yes,Yes,Yes,No,Yes,Two year,No,Bank transfer (automatic)
3,60.25,170.5,Female,0,No,No,Yes,Yes,DSL,No,No,No,No,Yes,No,Month-to-month,Yes,Electronic check
72,68.75,4888.2,Female,0,Yes,Yes,Yes,No,DSL,Yes,Yes,Yes,No,No,Yes,Two year,No,Credit card (automatic)
17,94.8,1563.9,Male,1,Yes,No,Yes,Yes,Fiber optic,No,No,No,No,Yes,Yes,Month-to-month,Yes,Electronic check
1,19.1,19.1,Male,0,No,No,Yes,No,No,No internet service,No internet service,No internet service,No internet service,No internet service,No internet service,Month-to-month,No,Mailed check
43,101.0,4388.4,Male,1,Yes,No,Yes,Yes,Fiber optic,No,Yes,No,No,Yes,Yes,Month-to-month,Yes,Electronic check
50,99.4,5059.75,Male,0,Yes,No,Yes,Yes,Fiber optic,No,No,No,Yes,Yes,Yes,One year,No,Electronic check
35,108.35,3726.15,Female,1,No,No,Yes,Yes,Fiber optic,Yes,Yes,Yes,No,Yes,Yes,One year,Yes,Electronic check
3,26.4,121.25,Male,0,No,Yes,Yes,Yes,No,No internet service,No internet service,No internet service,No internet service,No internet service,No internet service,Two year,Yes,Mailed check
30,89.9,2723.15,Male,0,No,No,Yes,Yes,Fiber optic,No,No,No,Yes,No,Yes,Month-to-month,Yes,Credit card (automatic)
13,79.8,973.45,Male,0,No,No,Yes,No,Fiber optic,No,Yes,Yes,No,No,No,Month-to-month,Yes,Electronic check
6,49.45,314.6,Female,0,No,No,Yes,No,DSL,Yes,No,No,No,No,No,Month-to-month,Yes,Electronic check
23,25.1,611.45,Female,0,Yes,Yes,Yes,Yes,No,No internet service,No internet service,No internet service,No internet service,No internet service,No internet service,Two year,No,Mailed check
56,106.8,5914.4,Female,0,No,No,Yes,Yes,Fiber optic,No,Yes,Yes,No,Yes,Yes,One year,Yes,Electronic check
31,20.1,589.25,Female,0,No,Yes,Yes,No,No,No internet service,No internet service,No internet service,No internet service,No internet service,No internet service,One year,No,Credit card (automatic)
9,70.05,657.5,Male,0,No,No,Yes,No,Fiber optic,No,No,No,No,No,No,Month-to-month,No,Mailed check
50,88.05,4367.35,Female,1,Yes,No,Yes,Yes,Fiber optic,No,Yes,No,No,Yes,No,Month-to-month,Yes,Electronic check
72,24.75,1859.1,Male,0,Yes,Yes,Yes,Yes,No,No internet service,No internet service,No internet service,No internet service,No internet service,No internet service,Two year,No,Credit card (automatic)
12,19.45,227.45,Female,0,No,No,Yes,No,No,No internet service,No internet service,No internet service,No internet service,No internet service,No internet service,Month-to-month,No,Bank transfer (automatic)
26,20.05,505.9,Male,0,Yes,Yes,Yes,No,No,No internet service,No internet service,No internet service,No internet service,No internet service,No internet service,One year,Yes,Bank transfer (automatic)
1,20.1,20.1,Male,0,No,No,Yes,No,No,No internet service,No internet service,No internet service,No internet service,No internet service,No internet service,Month-to-month,No,Mailed check
71,24.55,1719.15,Female,0,No,No,Yes,Yes,No,No internet service,No internet service,No internet service,No internet service,No internet service,No internet service,Two year,No,Electronic check
38,74.05,2802.3,Male,0,Yes,Yes,Yes,No,DSL,Yes,Yes,Yes,Yes,Yes,No,One year,No,Electronic check
57,41.1,2258.25,Female,0,No,No,No,No phone service,DSL,Yes,No,Yes,Yes,No,No,One year,Yes,Credit card (automatic)
57,59.6,3509.4,Male,0,Yes,Yes,Yes,No,DSL,Yes,Yes,No,Yes,No,No,One year,No,Mailed check
10,95.35,898.35,Male,1,No,No,Yes,Yes,Fiber optic,No,No,No,No,Yes,Yes,Month-to-month,Yes,Electronic check
17,19.45,369.05,Male,0,No,No,Yes,No,No,No internet service,No internet service,No internet service,No internet service,No internet service,No internet service,Two year,No,Credit card (automatic)
10,20.55,252.75,Female,0,Yes,No,Yes,No,No,No internet service,No internet service,No internet service,No internet service,No internet service,No internet service,Month-to-month,Yes,Mailed check
14,39.7,692.35,Female,1,No,No,No,No phone service,DSL,Yes,No,Yes,Yes,No,No,Two year,No,Mailed check
34,90.05,3097.0,Male,0,Yes,Yes,Yes,Yes,Fiber optic,No,No,Yes,No,No,Yes,Month-to-month,Yes,Credit card (automatic)
66,62.5,4136.4,Female,0,No,No,No,No phone service,DSL,Yes,Yes,Yes,Yes,Yes,Yes,Two year,Yes,Bank transfer (automatic)
33,44.55,1462.6,Male,0,Yes,No,Yes,No,DSL,No,No,No,No,No,No,Month-to-month,Yes,Credit card (automatic)
17,89.15,1496.9,Female,1,No,No,Yes,No,Fiber optic,No,Yes,Yes,No,Yes,No,Month-to-month,Yes,Electronic check
46,90.95,4236.6,Female,0,Yes,Yes,Yes,No,Fiber optic,No,No,Yes,Yes,No,Yes,One year,No,Bank transfer (automatic)
68,91.7,6424.7,Female,0,Yes,No,Yes,Yes,DSL,Yes,Yes,Yes,Yes,Yes,Yes,Two year,Yes,Electronic check
18,75.9,1373.05,Male,0,No,No,Yes,No,Fiber optic,No,No,No,Yes,No,No,Month-to-month,Yes,Bank transfer (automatic)
1,25.0,25.0,Male,0,No,No,Yes,Yes,No,No internet service,No internet service,No internet service,No internet service,No internet service,No internet service,Month-to-month,Yes,Mailed check
71,86.4,6172.0,Male,0,No,No,Yes,Yes,Fiber optic,No,No,Yes,Yes,No,No,Two year,Yes,Credit card (automatic)
70,79.4,5528.9,Male,0,Yes,No,Yes,Yes,DSL,Yes,Yes,Yes,Yes,Yes,No,One year,No,Bank transfer (automatic)
9,19.6,197.4,Male,0,Yes,Yes,Yes,No,No,No internet service,No internet service,No internet service,No internet service,No internet service,No internet service,Two year,No,Mailed check
31,79.2,2497.2,Female,0,No,No,Yes,No,DSL,No,Yes,Yes,Yes,Yes,Yes,Two year,No,Mailed check
2,20.35,33.2,Male,0,No,No,Yes,No,No,No internet service,No internet service,No internet service,No internet service,No internet service,No internet service,Month-to-month,No,Mailed check
13,35.1,446.1,Female,0,No,No,No,No phone service,DSL,No,No,No,No,No,Yes,Month-to-month,Yes,Electronic check
65,105.05,6914.95,Female,0,Yes,No,Yes,Yes,Fiber optic,Yes,No,Yes,No,Yes,Yes,Month-to-month,Yes,Electronic check
12,84.45,1059.55,Male,0,No,No,Yes,Yes,Fiber optic,No,No,No,No,Yes,No,Month-to-month,Yes,Electronic check
40,61.9,2647.1,Male,0,No,No,Yes,No,DSL,Yes,Yes,No,Yes,No,No,Month-to-month,Yes,Mailed check
21,36.0,780.15,Male,0,No,No,No,No phone service,DSL,No,Yes,No,Yes,No,No,Month-to-month,Yes,Mailed check
29,33.75,1009.25,Male,0,Yes,No,No,No phone service,DSL,No,No,No,No,Yes,No,Month-to-month,No,Mailed check
56,95.65,5471.75,Female,1,Yes,No,Yes,Yes,Fiber optic,Yes,Yes,Yes,Yes,No,No,One year,No,Electronic check
72,104.8,7470.1,Male,0,Yes,No,Yes,Yes,Fiber optic,No,Yes,Yes,No,Yes,Yes,Two year,Yes,Bank transfer (automatic)
10,56.75,503.25,Male,0,No,No,Yes,No,DSL,No,No,No,No,No,Yes,Month-to-month,Yes,Bank transfer (automatic)
18,20.05,358.5,Male,0,No,No,Yes,No,No,No internet service,No internet service,No internet service,No internet service,No internet service,No internet service,Month-to-month,No,Mailed check
3,29.7,91.7,Female,0,Yes,Yes,No,No phone service,DSL,Yes,No,No,No,No,No,Month-to-month,No,Credit card (automatic)
1,20.4,20.4,Female,0,No,No,Yes,No,No,No internet service,No internet service,No internet service,No internet service,No internet service,No internet service,Month-to-month,No,Mailed check
10,54.5,568.2,Male,0,No,No,Yes,Yes,DSL,Yes,No,No,No,No,No,Month-to-month,Yes,Credit card (automatic)
1,71.25,71.25,Female,1,No,No,Yes,No,Fiber optic,No,No,No,No,No,No,Month-to-month,Yes,Electronic check
1,48.6,48.6,Female,0,No,No,Yes,No,DSL,Yes,No,No,No,No,No,Month-to-month,Yes,Credit card (automatic)
30,40.3,1172.95,Female,1,No,No,No,No phone service,DSL,No,No,Yes,No,Yes,No,Month-to-month,Yes,Electronic check
11,59.65,683.25,Male,0,Yes,Yes,Yes,No,DSL,No,No,Yes,No,Yes,No,Month-to-month,Yes,Bank transfer (automatic)
12,80.45,950.2,Male,1,Yes,No,Yes,No,Fiber optic,No,No,No,No,No,Yes,Month-to-month,Yes,Electronic check
72,53.8,3952.45,Female,0,Yes,Yes,No,No phone service,DSL,Yes,No,Yes,No,Yes,Yes,Two year,Yes,Credit card (automatic)
40,105.95,4335.2,Female,0,No,No,Yes,Yes,Fiber optic,No,No,Yes,Yes,Yes,Yes,One year,Yes,Credit card (automatic)
57,53.75,3196.0,Male,0,No,No,No,No phone service,DSL,Yes,No,Yes,No,Yes,Yes,Month-to-month,Yes,Electronic check
25,74.3,1863.8,Female,0,No,No,Yes,No,DSL,Yes,Yes,Yes,Yes,Yes,No,One year,No,Mailed check
3,79.4,205.05,Female,1,No,No,Yes,Yes,Fiber optic,No,Yes,No,No,No,No,Month-to-month,Yes,Electronic check
53,25.1,1275.6,Female,1,Yes,No,Yes,Yes,No,No internet service,No internet service,No internet service,No internet service,No internet service,No internet service,Two year,No,Credit card (automatic)
8,19.35,152.6,Male,0,Yes,Yes,Yes,No,No,No internet service,No internet service,No internet service,No internet service,No internet service,No internet service,Month-to-month,Yes,Mailed check
50,101.9,5265.5,Male,1,Yes,No,Yes,Yes,Fiber optic,Yes,Yes,Yes,No,Yes,No,One year,Yes,Bank transfer (automatic)
64,74.35,4759.55,Female,0,Yes,No,Yes,No,DSL,Yes,Yes,Yes,Yes,No,Yes,Two year,Yes,Mailed check
7,74.35,533.6,Male,0,No,No,Yes,No,Fiber optic,Yes,No,No,No,No,No,Month-to-month,No,Mailed check
7,71.35,515.75,Male,0,Yes,Yes,Yes,No,DSL,Yes,No,Yes,Yes,No,Yes,Month-to-month,Yes,Credit card (automatic)
35,61.0,2130.45,Male,0,Yes,No,Yes,No,DSL,Yes,Yes,Yes,No,No,No,Month-to-month,No,Mailed check
46,56.9,2560.1,Male,0,Yes,Yes,Yes,No,DSL,Yes,No,Yes,Yes,No,No,One year,No,Mailed check
32,94.8,3131.55,Male,0,Yes,Yes,Yes,No,Fiber optic,Yes,Yes,Yes,No,No,Yes,One year,No,Mailed check
29,19.85,573.05,Female,0,Yes,No,Yes,No,No,No internet service,No internet service,No internet service,No internet service,No internet service,No internet service,Month-to-month,No,Mailed check
48,69.7,3023.65,Female,0,Yes,Yes,Yes,No,DSL,Yes,No,Yes,Yes,Yes,No,One year,No,Bank transfer (automatic)
50,84.4,4116.15,Female,0,Yes,Yes,Yes,Yes,Fiber optic,No,No,No,No,Yes,No,Month-to-month,Yes,Bank transfer (automatic)
2,24.3,38.45,Male,0,No,No,No,No phone service,DSL,No,No,No,No,No,No,Month-to-month,No,Mailed check
39,35.55,1309.15,Male,0,No,No,No,No phone service,DSL,No,No,Yes,Yes,No,No,One year,No,Mailed check
20,71.3,1389.2,Male,1,No,No,Yes,No,Fiber optic,No,No,No,No,No,No,Month-to-month,No,Credit card (automatic)
64,99.0,6375.8,Female,0,Yes,No,Yes,No,Fiber optic,Yes,No,Yes,No,Yes,Yes,Two year,Yes,Bank transfer (automatic)
55,25.65,1388.0,Female,0,Yes,Yes,Yes,Yes,No,No internet service,No internet service,No internet service,No internet service,No internet service,No internet service,Two year,Yes,Credit card (automatic)
1,20.25,20.25,Male,0,No,No,Yes,No,No,No internet service,No internet service,No internet service,No internet service,No internet service,No internet service,Month-to-month,No,Mailed check
57,109.4,6252.7,Female,0,Yes,No,Yes,Yes,Fiber optic,No,Yes,Yes,Yes,Yes,Yes,One year,Yes,Bank transfer (automatic)
45,115.65,5125.5,Female,0,No,No,Yes,Yes,Fiber optic,Yes,Yes,Yes,Yes,Yes,Yes,Month-to-month,Yes,Electronic check
15,85.9,1269.55,Female,0,No,Yes,Yes,No,Fiber optic,No,Yes,No,No,No,Yes,Month-to-month,Yes,Bank transfer (automatic)
15,88.15,1390.6,Female,0,Yes,No,Yes,No,Fiber optic,No,No,No,No,Yes,Yes,Month-to-month,No,Electronic check
3,55.3,196.15,Female,0,No,No,Yes,No,DSL,No,No,No,No,No,Yes,Month-to-month,Yes,Electronic check
1,29.7,29.7,Male,0,No,No,No,No phone service,DSL,Yes,No,No,No,No,No,Month-to-month,No,Mailed check
44,106.05,4510.8,Male,0,No,No,Yes,No,Fiber optic,Yes,Yes,Yes,No,Yes,Yes,One year,Yes,Electronic check
24,20.3,459.95,Female,1,No,No,Yes,No,No,No internet service,No internet service,No internet service,No internet service,No internet service,No internet service,Month-to-month,Yes,Mailed check
52,19.35,1031.7,Female,0,Yes,Yes,Yes,No,No,No internet service,No internet service,No internet service,No internet service,No internet service,No internet service,Two year,No,Mailed check
23,88.45,2130.55,Female,1,Yes,Yes,Yes,No,Fiber optic,No,Yes,Yes,No,No,Yes,Month-to-month,Yes,Bank transfer (automatic)
3,79.4,244.65,Female,0,No,No,Yes,No,Fiber optic,No,No,No,No,Yes,No,Month-to-month,Yes,Electronic check
2,79.45,145.15,Male,0,No,No,Yes,Yes,Fiber optic,No,Yes,No,No,No,No,Month-to-month,Yes,Electronic check
34,88.85,3000.25,Male,0,Yes,No,Yes,Yes,Fiber optic,No,Yes,No,No,No,Yes,Month-to-month,No,Mailed check
1,19.3,19.3,Male,0,No,Yes,Yes,No,No,No internet service,No internet service,No internet service,No internet service,No internet service,No internet service,Month-to-month,Yes,Mailed check
2,86.2,178.7,Female,0,No,No,Yes,No,Fiber optic,No,No,Yes,No,No,Yes,Month-to-month,Yes,Mailed check
1,70.3,70.3,Male,0,No,No,Yes,No,Fiber optic,No,No,No,No,No,No,Month-to-month,Yes,Electronic check
35,55.25,1924.1,Male,0,No,No,Yes,Yes,DSL,Yes,No,No,No,No,No,Two year,No,Mailed check
12,76.6,893.0,Female,0,No,Yes,Yes,Yes,Fiber optic,No,No,No,No,No,No,Month-to-month,Yes,Electronic check
1,69.2,69.2,Female,0,No,No,Yes,No,Fiber optic,No,No,No,No,No,No,Month-to-month,Yes,Electronic check
11,20.35,215.25,Male,0,No,No,Yes,No,No,No internet service,No internet service,No internet service,No internet service,No internet service,No internet service,Month-to-month,No,Mailed check
72,111.6,8012.75,Female,0,No,No,Yes,Yes,Fiber optic,No,Yes,Yes,Yes,Yes,Yes,Two year,Yes,Bank transfer (automatic)
46,53.1,2459.8,Female,0,Yes,No,Yes,Yes,DSL,Yes,No,No,No,No,No,Month-to-month,No,Electronic check
15,94.65,1285.05,Female,1,Yes,No,Yes,No,Fiber optic,No,Yes,No,No,Yes,Yes,Month-to-month,Yes,Electronic check
30,85.45,2509.95,Male,0,Yes,Yes,Yes,Yes,Fiber optic,No,No,No,No,Yes,No,Month-to-month,No,Electronic check
3,74.6,239.05,Female,1,Yes,No,Yes,No,Fiber optic,No,Yes,No,No,No,No,Month-to-month,Yes,Bank transfer (automatic)
24,104.15,2494.65,Female,0,No,No,Yes,Yes,Fiber optic,No,Yes,Yes,No,Yes,Yes,Month-to-month,Yes,Electronic check
14,55.0,771.95,Male,0,No,No,No,No phone service,DSL,No,No,Yes,Yes,Yes,Yes,Month-to-month,Yes,Electronic check
15,25.4,399.6,Female,0,No,No,Yes,Yes,No,No internet service,No internet service,No internet service,No internet service,No internet service,No internet service,Month-to-month,Yes,Credit card (automatic)
42,66.5,2762.75,Female,0,No,No,Yes,No,DSL,No,No,Yes,Yes,No,Yes,Two year,No,Credit card (automatic)
66,20.55,1357.1,Male,0,No,Yes,Yes,No,No,No internet service,No internet service,No internet service,No internet service,No internet service,No internet service,Two year,No,Mailed check
68,24.95,1614.9,Female,0,Yes,No,Yes,Yes,No,No internet service,No internet service,No internet service,No internet service,No internet service,No internet service,Two year,Yes,Credit card (automatic)
24,104.65,2542.45,Male,0,Yes,No,Yes,Yes,Fiber optic,No,Yes,Yes,No,Yes,Yes,Month-to-month,Yes,Electronic check
22,49.8,1049.05,Female,0,No,No,Yes,No,DSL,Yes,No,No,No,No,No,Month-to-month,Yes,Electronic check
2,20.45,34.8,Female,0,No,No,Yes,No,No,No internet service,No internet service,No internet service,No internet service,No internet service,No internet service,One year,No,Mailed check
65,71.0,4386.2,Female,0,Yes,No,Yes,No,DSL,Yes,Yes,Yes,No,No,Yes,Two year,No,Bank transfer (automatic)
5,100.5,514.0,Female,0,No,No,Yes,Yes,Fiber optic,No,No,Yes,No,Yes,Yes,Month-to-month,Yes,Electronic check
72,82.15,5784.3,Male,0,Yes,No,Yes,Yes,DSL,No,Yes,Yes,No,Yes,Yes,Two year,No,Bank transfer (automatic)
29,45.0,1228.65,Female,1,Yes,No,No,No phone service,DSL,Yes,No,Yes,No,No,Yes,Month-to-month,Yes,Electronic check
6,75.5,438.0,Male,0,Yes,No,Yes,Yes,Fiber optic,No,No,No,No,No,No,Month-to-month,Yes,Electronic check
69,61.4,4059.85,Female,0,Yes,Yes,Yes,Yes,DSL,Yes,No,No,Yes,No,No,Two year,No,Credit card (automatic)
72,94.25,6849.75,Female,0,Yes,No,Yes,Yes,Fiber optic,Yes,Yes,Yes,Yes,No,No,Two year,Yes,Bank transfer (automatic)
1,20.2,20.2,Male,0,No,No,Yes,No,No,No internet service,No internet service,No internet service,No internet service,No internet service,No internet service,Month-to-month,Yes,Mailed check
7,73.6,520.0,Male,0,No,No,Yes,Yes,Fiber optic,No,No,No,No,No,No,Month-to-month,No,Electronic check
17,51.5,900.5,Male,0,No,No,Yes,No,DSL,No,No,No,Yes,No,No,Month-to-month,No,Mailed check
1,44.7,44.7,Male,0,Yes,No,Yes,No,DSL,No,No,No,No,No,No,Month-to-month,No,Credit card (automatic)
23,79.1,1783.75,Female,0,No,No,Yes,No,Fiber optic,No,Yes,No,Yes,No,No,Month-to-month,Yes,Mailed check
16,49.45,799.0,Male,0,No,No,Yes,No,DSL,No,No,No,Yes,No,No,Month-to-month,Yes,Mailed check
1,54.35,54.35,Male,0,No,No,Yes,Yes,DSL,No,No,Yes,No,No,No,Month-to-month,No,Electronic check
72,25.55,1867.7,Male,0,Yes,Yes,Yes,Yes,No,No internet service,No internet service,No internet service,No internet service,No internet service,No internet service,Two year,No,Credit card (automatic)
7,62.8,418.3,Female,0,No,No,Yes,No,DSL,No,No,Yes,Yes,No,Yes,Month-to-month,No,Bank transfer (automatic)
70,98.7,6858.9,Male,0,Yes,No,Yes,Yes,Fiber optic,No,Yes,Yes,Yes,No,Yes,Two year,Yes,Bank transfer (automatic)
12,29.2,309.1,Female,0,Yes,Yes,No,No phone service,DSL,No,Yes,No,No,No,No,Month-to-month,No,Mailed check
33,24.9,847.8,Male,1,No,No,Yes,Yes,No,No internet service,No internet service,No internet service,No internet service,No internet service,No internet service,One year,Yes,Bank transfer (automatic)
2,75.45,158.4,Female,1,No,No,Yes,Yes,Fiber optic,No,No,No,No,No,No,Month-to-month,Yes,Mailed check
29,103.95,2964.8,Male,1,Yes,Yes,Yes,Yes,Fiber optic,No,No,Yes,No,Yes,Yes,Month-to-month,Yes,Electronic check
5,50.55,244.75,Female,0,No,No,Yes,No,DSL,No,Yes,No,No,No,No,Month-to-month,No,Bank transfer (automatic)
34,64.35,2053.05,Female,0,No,No,Yes,No,DSL,Yes,Yes,No,No,No,Yes,One year,No,Electronic check
4,40.05,162.45,Male,0,No,No,No,No phone service,DSL,No,No,No,Yes,No,Yes,Month-to-month,Yes,Electronic check
5,40.0,223.45,Male,0,No,No,No,No phone service,DSL,Yes,No,Yes,Yes,No,No,Month-to-month,No,Mailed check
34,100.45,3414.65,Female,0,Yes,No,Yes,Yes,Fiber optic,No,No,Yes,No,Yes,Yes,Month-to-month,Yes,Electronic check
12,19.7,220.35,Female,0,No,No,Yes,No,No,No internet service,No internet service,No internet service,No internet service,No internet service,No internet service,Month-to-month,No,Mailed check
64,24.8,1514.85,Male,0,Yes,Yes,Yes,Yes,No,No internet service,No internet service,No internet service,No internet service,No internet service,No internet service,Two year,Yes,Mailed check
36,35.35,1317.95,Male,0,Yes,No,No,No phone service,DSL,Yes,No,Yes,No,No,No,One year,No,Mailed check
30,55.65,1653.85,Male,0,No,No,Yes,No,DSL,Yes,No,Yes,No,No,No,Two year,Yes,Mailed check
6,20.65,109.3,Male,0,No,No,Yes,No,No,No internet service,No internet service,No internet service,No internet service,No internet service,No internet service,Month-to-month,No,Mailed check
66,45.55,3027.25,Female,1,Yes,No,No,No phone service,DSL,No,Yes,Yes,No,Yes,No,One year,No,Bank transfer (automatic)
8,101.15,842.9,Female,0,Yes,No,Yes,No,Fiber optic,No,Yes,Yes,No,Yes,Yes,Month-to-month,No,Electronic check
11,25.0,300.7,Female,0,Yes,Yes,Yes,Yes,No,No internet service,No internet service,No internet service,No internet service,No internet service,No internet service,Two year,No,Mailed check
72,89.85,6697.35,Female,1,Yes,No,Yes,Yes,DSL,Yes,Yes,Yes,Yes,Yes,Yes,Two year,Yes,Bank transfer (automatic)
1,19.5,19.5,Male,0,No,No,Yes,No,No,No internet service,No internet service,No internet service,No internet service,No internet service,No internet service,Month-to-month,Yes,Mailed check
3,80.35,253.8,Male,0,No,No,Yes,No,Fiber optic,No,No,No,No,No,Yes,Month-to-month,Yes,Electronic check
72,95.9,6954.15,Female,0,Yes,Yes,Yes,Yes,Fiber optic,Yes,Yes,No,No,Yes,No,Two year,Yes,Bank transfer (automatic)
45,20.0,886.4,Female,0,Yes,Yes,Yes,No,No,No internet service,No internet service,No internet service,No internet service,No internet service,No internet service,Two year,Yes,Bank transfer (automatic)
9,75.5,637.4,Female,1,No,No,Yes,No,Fiber optic,No,No,Yes,No,No,No,Month-to-month,No,Credit card (automatic)
57,99.65,5497.05,Female,0,Yes,No,Yes,Yes,Fiber optic,Yes,No,No,No,Yes,Yes,Month-to-month,Yes,Electronic check
3,36.45,93.7,Male,1,Yes,No,No,No phone service,DSL,No,No,No,No,Yes,No,Month-to-month,Yes,Mailed check
1,49.0,49.0,Male,0,No,No,Yes,No,DSL,No,No,No,Yes,No,No,Month-to-month,No,Credit card (automatic)
13,104.15,1299.1,Female,0,No,Yes,Yes,Yes,Fiber optic,No,Yes,Yes,No,Yes,Yes,One year,Yes,Credit card (automatic)
53,20.2,1068.15,Male,0,Yes,Yes,Yes,No,No,No internet service,No internet service,No internet service,No internet service,No internet service,No internet service,One year,No,Credit card (automatic)
38,94.65,3624.3,Male,0,Yes,Yes,Yes,Yes,Fiber optic,No,Yes,Yes,No,Yes,No,Month-to-month,Yes,Electronic check
1,79.95,79.95,Male,0,No,No,Yes,No,Fiber optic,No,No,No,No,Yes,No,Month-to-month,Yes,Electronic check
2,20.0,40.9,Female,0,No,No,Yes,No,No,No internet service,No internet service,No internet service,No internet service,No internet service,No internet service,Month-to-month,Yes,Mailed check
12,43.65,526.95,Male,1,No,No,No,No phone service,DSL,No,No,Yes,Yes,No,Yes,Month-to-month,Yes,Electronic check
57,69.75,3894.4,Female,0,No,No,Yes,No,DSL,No,Yes,Yes,Yes,Yes,No,Two year,No,Mailed check
5,20.2,83.75,Male,0,No,Yes,Yes,No,No,No internet service,No internet service,No internet service,No internet service,No internet service,No internet service,Month-to-month,No,Mailed check
4,70.05,266.9,Female,0,No,No,Yes,No,Fiber optic,No,No,No,No,No,No,Month-to-month,Yes,Credit card (automatic)
30,94.1,2804.45,Female,0,Yes,No,Yes,Yes,Fiber optic,No,Yes,No,Yes,Yes,No,Month-to-month,Yes,Credit card (automatic)
25,40.65,970.55,Male,0,No,Yes,No,No phone service,DSL,Yes,No,No,No,Yes,No,One year,Yes,Credit card (automatic)
72,20.7,1492.1,Male,0,Yes,No,Yes,No,No,No internet service,No internet service,No internet service,No internet service,No internet service,No internet service,Two year,No,Bank transfer (automatic)
1,70.85,70.85,Male,1,Yes,No,Yes,No,Fiber optic,No,No,No,No,No,No,Month-to-month,No,Mailed check
51,24.95,1288.0,Female,0,No,No,Yes,Yes,No,No internet service,No internet service,No internet service,No internet service,No internet service,No internet service,Two year,No,Bank transfer (automatic)
1,74.6,74.6,Male,0,Yes,Yes,Yes,No,Fiber optic,No,Yes,No,No,No,No,Month-to-month,No,Credit card (automatic)
32,93.95,2861.45,Male,1,Yes,Yes,Yes,No,Fiber optic,No,Yes,No,No,Yes,Yes,Month-to-month,Yes,Mailed check
1,20.2,20.2,Female,0,No,No,Yes,No,No,No internet service,No internet service,No internet service,No internet service,No internet service,No internet service,Month-to-month,Yes,Mailed check
68,88.0,6161.9,Female,0,Yes,Yes,Yes,Yes,DSL,Yes,Yes,Yes,Yes,Yes,Yes,Two year,No,Credit card (automatic)
21,111.2,2317.1,Male,0,Yes,No,Yes,Yes,Fiber optic,No,Yes,Yes,Yes,Yes,Yes,Month-to-month,Yes,Electronic check
61,101.05,5971.25,Female,0,Yes,No,Yes,Yes,Fiber optic,No,Yes,No,No,Yes,Yes,Two year,Yes,Bank transfer (automatic)
34,25.05,852.7,Male,0,No,No,No,No phone service,DSL,No,No,No,No,No,No,Month-to-month,Yes,Bank transfer (automatic)
38,19.95,756.4,Female,0,Yes,Yes,Yes,No,No,No internet service,No internet service,No internet service,No internet service,No internet service,No internet service,Two year,Yes,Mailed check
12,84.05,966.55,Female,0,No,Yes,Yes,Yes,Fiber optic,No,No,No,No,Yes,No,Month-to-month,Yes,Electronic check
1,54.3,54.3,Male,0,No,No,Yes,Yes,DSL,No,Yes,No,No,No,No,Month-to-month,No,Electronic check
1,21.05,21.05,Male,0,No,Yes,Yes,No,No,No internet service,No internet service,No internet service,No internet service,No internet service,No internet service,Month-to-month,Yes,Mailed check
35,19.7,730.4,Female,0,Yes,Yes,Yes,No,No,No internet service,No internet service,No internet service,No internet service,No internet service,No internet service,Two year,No,Credit card (automatic)
23,86.8,1975.85,Male,1,Yes,No,Yes,Yes,Fiber optic,No,No,No,No,No,Yes,Month-to-month,No,Electronic check
71,76.05,5436.45,Female,0,Yes,Yes,Yes,No,Fiber optic,No,No,Yes,No,No,No,Two year,No,Electronic check
19,44.85,893.55,Female,0,No,No,No,No phone service,DSL,No,No,No,No,Yes,Yes,One year,Yes,Credit card (automatic)
55,50.05,2743.45,Male,1,No,No,No,No phone service,DSL,No,No,Yes,No,Yes,Yes,One year,Yes,Bank transfer (automatic)
31,25.75,755.6,Male,0,Yes,Yes,Yes,Yes,No,No internet service,No internet service,No internet service,No internet service,No internet service,No internet service,Two year,No,Mailed check
3,19.95,58.3,Male,0,No,Yes,Yes,No,No,No internet service,No internet service,No internet service,No internet service,No internet service,No internet service,Month-to-month,No,Mailed check
16,98.75,1587.55,Male,1,Yes,No,Yes,Yes,Fiber optic,No,No,Yes,No,Yes,Yes,Month-to-month,Yes,Electronic check
44,54.3,2317.1,Male,0,Yes,Yes,No,No phone service,DSL,No,No,Yes,Yes,Yes,Yes,One year,Yes,Electronic check
48,103.25,5037.55,Female,0,Yes,Yes,Yes,Yes,Fiber optic,Yes,Yes,No,No,Yes,Yes,One year,Yes,Credit card (automatic)
35,24.3,821.6,Female,0,Yes,Yes,Yes,Yes,No,No internet service,No internet service,No internet service,No internet service,No internet service,No internet service,Two year,No,Bank transfer (automatic)
67,111.3,7567.2,Male,0,Yes,No,Yes,Yes,Fiber optic,No,Yes,Yes,Yes,Yes,Yes,Two year,Yes,Bank transfer (automatic)
68,117.2,8035.95,Male,0,No,No,Yes,Yes,Fiber optic,Yes,Yes,Yes,Yes,Yes,Yes,One year,Yes,Credit card (automatic)
1,69.55,69.55,Female,1,Yes,No,Yes,No,Fiber optic,No,No,No,No,No,No,Month-to-month,Yes,Electronic check
12,49.2,571.15,Male,0,Yes,Yes,Yes,No,DSL,Yes,No,No,No,No,No,Month-to-month,Yes,Electronic check
1,19.65,19.65,Male,0,No,No,Yes,No,No,No internet service,No internet service,No internet service,No internet service,No internet service,No internet service,Month-to-month,No,Mailed check
66,25.45,1699.15,Male,0,No,No,Yes,Yes,No,No internet service,No internet service,No internet service,No internet service,No internet service,No internet service,One year,No,Bank transfer (automatic)
1,56.25,56.25,Female,0,No,No,Yes,No,DSL,No,No,No,No,No,Yes,Month-to-month,Yes,Electronic check
57,103.05,5925.75,Male,0,Yes,No,Yes,Yes,Fiber optic,Yes,Yes,Yes,Yes,Yes,No,Month-to-month,Yes,Electronic check
64,24.05,1559.15,Female,0,Yes,Yes,Yes,Yes,No,No internet service,No internet service,No internet service,No internet service,No internet service,No internet service,Two year,Yes,Mailed check
41,89.55,3729.75,Male,0,No,No,Yes,No,Fiber optic,No,Yes,No,Yes,Yes,No,One year,Yes,Electronic check
62,115.05,7133.45,Female,0,No,No,Yes,Yes,Fiber optic,Yes,Yes,Yes,Yes,Yes,Yes,One year,Yes,Credit card (automatic)
1,75.9,75.9,Male,0,No,No,Yes,No,Fiber optic,No,No,No,Yes,No,No,Month-to-month,Yes,Electronic check
18,73.55,1359.45,Female,1,No,No,Yes,No,Fiber optic,No,Yes,No,No,No,No,Month-to-month,Yes,Electronic check
41,78.45,3126.45,Female,0,Yes,Yes,Yes,No,DSL,Yes,Yes,No,Yes,Yes,Yes,Two year,No,Electronic check
31,79.85,2404.15,Female,0,No,No,Yes,Yes,Fiber optic,No,No,No,Yes,No,No,Month-to-month,Yes,Credit card (automatic)
15,19.8,304.6,Male,0,No,No,Yes,No,No,No internet service,No internet service,No internet service,No internet service,No internet service,No internet service,One year,No,Mailed check
28,101.3,2812.2,Female,1,Yes,No,Yes,Yes,Fiber optic,No,No,No,Yes,Yes,Yes,Month-to-month,Yes,Credit card (automatic)
7,24.35,150.85,Male,0,No,No,No,No phone service,DSL,No,No,No,No,No,No,One year,Yes,Credit card (automatic)
58,94.3,5610.15,Female,0,Yes,No,Yes,Yes,Fiber optic,No,Yes,Yes,No,No,Yes,One year,Yes,Electronic check
51,83.85,4307.1,Male,0,Yes,No,Yes,No,DSL,Yes,Yes,Yes,Yes,Yes,Yes,Two year,Yes,Credit card (automatic)
58,59.75,3624.35,Female,0,Yes,Yes,No,No phone service,DSL,Yes,No,Yes,Yes,Yes,Yes,Two year,No,Mailed check
70,114.6,7882.5,Male,0,No,Yes,Yes,Yes,Fiber optic,Yes,Yes,Yes,Yes,Yes,Yes,Two year,Yes,Electronic check
4,74.45,294.45,Female,1,No,No,Yes,Yes,Fiber optic,No,No,No,No,No,No,Month-to-month,Yes,Electronic check
6,45.0,298.7,Female,0,No,No,No,No phone service,DSL,No,No,No,No,Yes,Yes,Month-to-month,No,Credit card (automatic)
31,20.65,702.05,Male,0,Yes,Yes,Yes,No,No,No internet service,No internet service,No internet service,No internet service,No internet service,No internet service,Month-to-month,Yes,Electronic check
72,90.95,6652.45,Female,0,Yes,Yes,Yes,Yes,DSL,Yes,Yes,Yes,Yes,Yes,Yes,Two year,No,Credit card (automatic)
25,79.85,2015.35,Female,0,No,No,Yes,No,Fiber optic,Yes,Yes,No,No,No,No,Month-to-month,Yes,Bank transfer (automatic)
26,54.75,1406.9,Female,0,No,No,Yes,No,DSL,No,Yes,Yes,No,No,No,Month-to-month,Yes,Credit card (automatic)
1,20.45,20.45,Male,0,No,No,Yes,No,No,No internet service,No internet service,No internet service,No internet service,No internet service,No internet service,Month-to-month,No,Mailed check
7,51.3,419.35,Female,1,No,No,Yes,No,DSL,No,Yes,No,No,No,No,Month-to-month,Yes,Mailed check
25,20.95,495.15,Male,0,Yes,No,Yes,No,No,No internet service,No internet service,No internet service,No internet service,No internet service,No internet service,One year,Yes,Bank transfer (automatic)
72,111.65,7943.45,Female,1,No,No,Yes,Yes,Fiber optic,No,Yes,Yes,Yes,Yes,Yes,Two year,No,Electronic check
55,19.4,1083.0,Female,0,Yes,Yes,Yes,No,No,No internet service,No internet service,No internet service,No internet service,No internet service,No internet service,Two year,No,Credit card (automatic)
7,79.0,522.95,Female,0,No,No,Yes,No,Fiber optic,No,No,No,No,Yes,No,Month-to-month,Yes,Electronic check
68,19.5,1193.55,Male,1,Yes,Yes,Yes,No,No,No internet service,No internet service,No internet service,No internet service,No internet service,No internet service,One year,No,Bank transfer (automatic)
10,45.8,436.2,Male,0,No,No,Yes,No,DSL,No,No,No,No,No,No,Month-to-month,Yes,Credit card (automatic)
64,81.3,5129.3,Female,0,Yes,No,Yes,Yes,DSL,Yes,Yes,Yes,Yes,No,Yes,Two year,Yes,Mailed check
43,26.45,1110.05,Male,0,No,No,Yes,Yes,No,No internet service,No internet service,No internet service,No internet service,No internet service,No internet service,Two year,No,Bank transfer (automatic)
55,69.05,3842.6,Female,0,Yes,Yes,Yes,No,Fiber optic,No,No,No,No,No,No,Two year,Yes,Credit card (automatic)
52,59.85,3103.25,Female,1,No,No,Yes,Yes,DSL,Yes,No,Yes,No,No,No,Two year,No,Bank transfer (automatic)
1,95.0,95.0,Male,0,Yes,No,Yes,No,Fiber optic,Yes,No,No,No,Yes,Yes,Month-to-month,Yes,Electronic check
13,100.75,1313.25,Male,0,No,No,Yes,Yes,Fiber optic,No,No,No,Yes,Yes,Yes,Month-to-month,No,Electronic check
2,20.2,34.75,Male,0,Yes,Yes,Yes,No,No,No internet service,No internet service,No internet service,No internet service,No internet service,No internet service,One year,No,Mailed check
24,101.05,2391.8,Male,0,Yes,No,Yes,Yes,Fiber optic,No,No,Yes,No,Yes,Yes,Month-to-month,Yes,Electronic check
5,75.6,402.5,Female,0,No,No,Yes,Yes,Fiber optic,No,No,No,No,No,No,Month-to-month,No,Electronic check
4,75.35,338.1,Female,0,No,No,Yes,Yes,Fiber optic,No,No,No,No,No,No,Month-to-month,No,Electronic check
45,85.7,3778.1,Female,1,No,No,Yes,No,Fiber optic,Yes,Yes,No,Yes,No,No,Month-to-month,Yes,Bank transfer (automatic)
65,79.4,5071.9,Female,0,Yes,Yes,Yes,Yes,DSL,No,Yes,No,Yes,Yes,Yes,Two year,Yes,Bank transfer (automatic)
1,75.5,75.5,Male,0,No,No,Yes,No,DSL,No,No,Yes,Yes,Yes,Yes,Month-to-month,Yes,Electronic check
27,85.9,2220.1,Male,1,Yes,No,Yes,Yes,Fiber optic,Yes,No,Yes,No,No,No,One year,Yes,Electronic check
42,56.1,2386.85,Male,0,Yes,No,Yes,Yes,DSL,Yes,No,No,No,No,No,One year,No,Credit card (automatic)
72,109.7,7898.45,Male,1,Yes,No,Yes,Yes,Fiber optic,No,Yes,Yes,Yes,Yes,Yes,Two year,No,Credit card (automatic)
9,75.75,655.9,Female,0,Yes,No,Yes,No,Fiber optic,No,No,Yes,No,No,No,Month-to-month,Yes,Bank transfer (automatic)
3,55.9,157.55,Male,0,No,Yes,Yes,No,DSL,Yes,No,Yes,No,No,No,Month-to-month,No,Mailed check
16,35.5,552.7,Female,0,Yes,Yes,No,No phone service,DSL,No,No,No,No,No,Yes,Month-to-month,Yes,Credit card (automatic)
49,99.4,5025.0,Female,0,Yes,No,Yes,No,Fiber optic,No,Yes,Yes,No,Yes,Yes,Month-to-month,No,Electronic check
2,19.95,47.7,Male,0,No,No,Yes,No,No,No internet service,No internet service,No internet service,No internet service,No internet service,No internet service,One year,No,Mailed check
24,70.3,1706.45,Male,0,Yes,Yes,Yes,No,DSL,Yes,Yes,No,Yes,No,Yes,Month-to-month,Yes,Credit card (automatic)
40,55.8,2109.35,Female,1,No,No,No,No phone service,DSL,Yes,Yes,No,No,Yes,Yes,Month-to-month,Yes,Electronic check
39,58.6,2224.5,Female,0,No,No,Yes,No,DSL,No,Yes,No,No,Yes,No,One year,Yes,Credit card (automatic)
36,19.45,754.5,Male,0,Yes,Yes,Yes,No,No,No internet service,No internet service,No internet service,No internet service,No internet service,No internet service,Two year,No,Credit card (automatic)
38,104.85,3887.25,Male,0,No,No,Yes,Yes,Fiber optic,Yes,Yes,No,No,Yes,Yes,One year,Yes,Electronic check
52,85.35,4338.6,Male,0,No,No,Yes,No,Fiber optic,No,Yes,No,No,No,Yes,Month-to-month,Yes,Electronic check
22,83.05,1799.3,Male,0,No,No,Yes,Yes,Fiber optic,No,No,No,No,No,Yes,Month-to-month,No,Electronic check
5,55.75,266.95,Male,0,No,No,Yes,No,DSL,Yes,No,No,Yes,No,No,Month-to-month,Yes,Mailed check
26,19.6,471.85,Male,0,No,No,Yes,No,No,No internet service,No internet service,No internet service,No internet service,No internet service,No internet service,One year,Yes,Bank transfer (automatic)
2,95.15,196.9,Female,0,No,No,Yes,Yes,Fiber optic,No,No,No,No,Yes,Yes,Month-to-month,Yes,Electronic check
7,64.2,475.0,Male,1,Yes,No,Yes,Yes,DSL,Yes,Yes,No,Yes,No,No,Month-to-month,No,Electronic check
4,20.85,62.9,Female,0,Yes,Yes,Yes,No,No,No internet service,No internet service,No internet service,No internet service,No internet service,No internet service,Month-to-month,No,Mailed check
7,40.1,293.3,Female,0,No,No,No,No phone service,DSL,No,Yes,No,No,No,Yes,Month-to-month,Yes,Credit card (automatic)
3,91.5,242.95,Female,0,Yes,No,Yes,Yes,Fiber optic,No,Yes,No,No,No,Yes,Month-to-month,Yes,Credit card (automatic)
1,19.65,19.65,Female,0,No,No,Yes,No,No,No internet service,No internet service,No internet service,No internet service,No internet service,No internet service,Month-to-month,No,Mailed check
29,87.8,2621.75,Female,0,Yes,Yes,Yes,No,Fiber optic,No,No,No,No,Yes,Yes,Month-to-month,Yes,Credit card (automatic)
33,50.0,1750.85,Male,1,Yes,No,No,No phone service,DSL,No,Yes,Yes,Yes,Yes,No,Month-to-month,Yes,Electronic check
24,98.75,2407.3,Female,0,No,No,Yes,Yes,Fiber optic,No,No,Yes,No,Yes,Yes,Month-to-month,Yes,Electronic check
58,86.1,4890.5,Male,0,Yes,No,Yes,Yes,DSL,Yes,Yes,Yes,No,Yes,Yes,Two year,Yes,Electronic check
61,84.9,5264.5,Male,0,Yes,Yes,Yes,No,DSL,Yes,Yes,Yes,Yes,Yes,Yes,One year,No,Bank transfer (automatic)
39,19.85,854.8,Female,0,Yes,Yes,Yes,No,No,No internet service,No internet service,No internet service,No internet service,No internet service,No internet service,Two year,Yes,Bank transfer (automatic)
68,102.1,7149.35,Male,0,No,No,Yes,Yes,Fiber optic,Yes,Yes,Yes,No,No,Yes,Two year,Yes,Bank transfer (automatic)
52,93.25,4631.7,Male,0,Yes,Yes,Yes,Yes,Fiber optic,No,Yes,No,Yes,No,Yes,Month-to-month,Yes,Bank transfer (automatic)
25,19.05,461.3,Female,0,No,No,Yes,No,No,No internet service,No internet service,No internet service,No internet service,No internet service,No internet service,Month-to-month,No,Mailed check
64,111.45,7266.95,Female,0,Yes,Yes,Yes,Yes,Fiber optic,No,Yes,Yes,Yes,Yes,Yes,One year,Yes,Electronic check
65,99.05,6416.7,Female,0,Yes,Yes,Yes,Yes,Fiber optic,Yes,Yes,No,Yes,Yes,No,Two year,Yes,Credit card (automatic)
17,25.65,440.2,Male,0,No,No,No,No phone service,DSL,No,No,No,No,No,No,Month-to-month,Yes,Mailed check
27,88.3,2467.75,Female,1,No,No,Yes,Yes,Fiber optic,No,No,Yes,No,No,Yes,Month-to-month,No,Credit card (automatic)
11,25.2,321.05,Female,0,No,Yes,No,No phone service,DSL,No,No,No,No,No,No,Month-to-month,No,Electronic check
7,70.1,467.55,Male,1,Yes,No,Yes,No,Fiber optic,No,No,No,No,No,No,Month-to-month,Yes,Mailed check
45,19.2,903.7,Male,0,Yes,Yes,Yes,No,No,No internet service,No internet service,No internet service,No internet service,No internet service,No internet service,Two year,No,Electronic check
60,60.2,3582.4,Male,0,Yes,No,No,No phone service,DSL,No,Yes,Yes,Yes,Yes,Yes,Month-to-month,Yes,Bank transfer (automatic)
37,40.2,1478.85,Female,0,No,No,No,No phone service,DSL,No,No,Yes,No,No,Yes,Month-to-month,Yes,Credit card (automatic)
35,25.45,809.25,Male,0,Yes,Yes,Yes,Yes,No,No internet service,No internet service,No internet service,No internet service,No internet service,No internet service,Two year,No,Bank transfer (automatic)
64,65.8,4068.0,Female,0,Yes,Yes,Yes,No,DSL,Yes,No,No,Yes,Yes,No,One year,No,Mailed check
47,67.45,3252.0,Female,1,Yes,No,Yes,Yes,DSL,Yes,Yes,Yes,No,No,No,Month-to-month,Yes,Credit card (automatic)
18,19.8,342.3,Male,0,Yes,Yes,Yes,No,No,No internet service,No internet service,No internet service,No internet service,No internet service,No internet service,One year,No,Bank transfer (automatic)
1,68.65,68.65,Female,0,No,No,Yes,No,Fiber optic,No,No,No,No,No,No,Month-to-month,No,Electronic check
7,95.6,644.35,Male,1,Yes,No,Yes,Yes,Fiber optic,No,No,No,No,Yes,Yes,Month-to-month,Yes,Bank transfer (automatic)
71,105.75,7382.85,Male,1,No,No,Yes,Yes,Fiber optic,No,Yes,No,Yes,Yes,Yes,One year,No,Bank transfer (automatic)
54,45.2,2460.55,Male,0,No,No,No,No phone service,DSL,Yes,No,No,Yes,Yes,No,Two year,No,Credit card (automatic)
62,19.85,1253.65,Male,0,No,No,Yes,No,No,No internet service,No internet service,No internet service,No internet service,No internet service,No internet service,Two year,No,Bank transfer (automatic)
5,90.8,455.5,Female,0,No,No,Yes,Yes,Fiber optic,No,Yes,No,No,Yes,No,Month-to-month,Yes,Electronic check
29,51.6,1442.0,Male,1,Yes,No,Yes,Yes,DSL,No,No,No,No,No,No,Month-to-month,Yes,Electronic check
12,78.3,909.25,Female,0,No,Yes,Yes,Yes,Fiber optic,Yes,No,No,No,No,No,Month-to-month,Yes,Electronic check
10,79.85,887.35,Male,0,No,No,Yes,No,Fiber optic,Yes,No,Yes,No,No,No,Month-to-month,Yes,Mailed check
52,19.6,1012.4,Female,0,Yes,Yes,Yes,No,No,No internet service,No internet service,No internet service,No internet service,No internet service,No internet service,One year,No,Credit card (automatic)
12,59.8,727.8,Male,0,No,No,Yes,No,DSL,No,No,No,Yes,Yes,No,One year,Yes,Electronic check
4,94.9,360.55,Male,0,No,No,Yes,No,Fiber optic,Yes,Yes,No,Yes,No,Yes,Month-to-month,Yes,Mailed check
71,66.8,4689.15,Female,0,Yes,No,No,No phone service,DSL,Yes,Yes,Yes,Yes,Yes,Yes,One year,No,Bank transfer (automatic)
47,85.5,4042.3,Male,1,No,No,Yes,No,Fiber optic,Yes,No,No,No,No,Yes,Month-to-month,No,Mailed check
14,50.45,765.45,Female,0,No,No,Yes,No,DSL,No,Yes,No,No,No,No,Month-to-month,No,Electronic check
56,90.55,5116.6,Female,0,Yes,No,Yes,Yes,Fiber optic,No,Yes,Yes,Yes,No,No,Month-to-month,No,Electronic check
4,70.2,237.95,Male,0,No,No,Yes,No,Fiber optic,No,No,No,No,No,No,Month-to-month,Yes,Electronic check
30,70.4,2044.75,Male,0,No,No,Yes,No,DSL,Yes,Yes,No,Yes,Yes,No,One year,No,Electronic check
53,64.15,3491.55,Male,0,Yes,Yes,Yes,Yes,DSL,Yes,Yes,No,Yes,No,No,One year,No,Bank transfer (automatic)
72,97.7,6869.7,Female,0,Yes,No,Yes,Yes,Fiber optic,No,Yes,No,No,Yes,Yes,Two year,Yes,Credit card (automatic)
2,76.4,160.8,Female,0,No,No,Yes,No,DSL,No,No,Yes,Yes,Yes,Yes,Month-to-month,No,Electronic check
10,45.55,402.6,Male,0,No,No,Yes,No,DSL,No,No,No,No,No,No,Month-to-month,Yes,Electronic check
9,94.75,889.9,Female,0,No,No,Yes,Yes,Fiber optic,No,No,No,No,Yes,Yes,Month-to-month,Yes,Electronic check
28,70.4,1992.2,Female,0,Yes,Yes,Yes,No,Fiber optic,No,No,No,No,No,No,One year,Yes,Bank transfer (automatic)
67,105.6,7112.15,Female,1,Yes,No,Yes,Yes,Fiber optic,Yes,Yes,No,No,Yes,Yes,One year,Yes,Electronic check
67,100.9,6733.15,Male,0,Yes,No,Yes,No,Fiber optic,Yes,Yes,No,No,Yes,Yes,One year,Yes,Credit card (automatic)
3,77.4,206.15,Male,0,No,No,Yes,No,DSL,Yes,No,Yes,No,Yes,Yes,Month-to-month,Yes,Electronic check
1,94.4,94.4,Female,0,No,No,Yes,No,Fiber optic,No,No,Yes,No,Yes,Yes,Month-to-month,No,Electronic check
46,72.8,3249.4,Male,0,No,No,Yes,Yes,Fiber optic,No,No,No,No,No,No,Month-to-month,No,Bank transfer (automatic)
52,85.8,4433.3,Female,0,Yes,Yes,Yes,No,Fiber optic,No,Yes,Yes,Yes,No,No,Month-to-month,No,Bank transfer (automatic)
58,107.75,6332.75,Female,0,No,No,Yes,Yes,Fiber optic,Yes,Yes,Yes,No,Yes,Yes,One year,Yes,Electronic check
17,19.95,310.6,Male,0,No,No,Yes,No,No,No internet service,No internet service,No internet service,No internet service,No internet service,No internet service,One year,No,Mailed check
24,93.0,2248.05,Male,0,Yes,No,Yes,Yes,Fiber optic,No,No,No,No,Yes,Yes,Month-to-month,Yes,Electronic check
3,19.45,69.25,Male,0,No,No,Yes,No,No,No internet service,No internet service,No internet service,No internet service,No internet service,No internet service,One year,Yes,Mailed check
1,78.45,78.45,Female,1,No,No,Yes,No,Fiber optic,No,No,No,No,Yes,No,Month-to-month,No,Electronic check
39,25.45,958.45,Male,0,No,Yes,Yes,Yes,No,No internet service,No internet service,No internet service,No internet service,No internet service,No internet service,One year,No,Bank transfer (automatic)
16,86.25,1340.1,Female,0,No,No,Yes,No,Fiber optic,No,Yes,No,No,No,Yes,Month-to-month,Yes,Electronic check
38,70.15,2497.35,Male,1,No,No,Yes,No,DSL,No,Yes,Yes,Yes,Yes,No,One year,Yes,Credit card (automatic)
39,50.75,2011.4,Female,0,No,No,No,No phone service,DSL,No,No,Yes,No,Yes,Yes,Month-to-month,Yes,Electronic check
72,86.65,6224.8,Male,0,No,No,Yes,Yes,DSL,Yes,Yes,Yes,Yes,Yes,Yes,Two year,No,Bank transfer (automatic)
4,70.65,293.85,Male,1,No,No,Yes,No,Fiber optic,No,No,No,No,No,No,Month-to-month,Yes,Electronic check
35,55.0,2010.55,Male,0,No,No,Yes,No,DSL,No,No,No,No,Yes,No,Month-to-month,No,Mailed check
1,69.6,69.6,Male,0,No,No,Yes,No,Fiber optic,No,No,No,No,No,No,Month-to-month,Yes,Electronic check
6,60.9,414.1,Male,0,No,No,Yes,No,DSL,No,No,Yes,No,Yes,No,Month-to-month,No,Mailed check
1,43.3,43.3,Male,1,No,No,No,No phone service,DSL,No,Yes,Yes,No,No,Yes,Month-to-month,Yes,Electronic check
17,104.2,1743.5,Female,0,Yes,Yes,Yes,Yes,Fiber optic,Yes,No,Yes,No,Yes,Yes,Month-to-month,Yes,Electronic check
61,43.7,2696.55,Female,0,No,No,No,No phone service,DSL,Yes,Yes,Yes,Yes,No,No,One year,No,Credit card (automatic)
7,58.85,465.7,Male,0,Yes,Yes,No,No phone service,DSL,Yes,Yes,Yes,No,Yes,Yes,Month-to-month,No,Mailed check
57,97.55,5598.0,Male,0,Yes,Yes,Yes,No,Fiber optic,No,Yes,Yes,No,Yes,Yes,One year,Yes,Credit card (automatic)
35,50.15,1655.35,Female,0,No,Yes,Yes,Yes,DSL,No,No,No,No,No,No,Month-to-month,No,Mailed check
56,19.8,1119.9,Female,0,Yes,Yes,Yes,No,No,No internet service,No internet service,No internet service,No internet service,No internet service,No internet service,Two year,Yes,Credit card (automatic)
27,81.7,2212.55,Male,0,No,No,Yes,No,DSL,Yes,No,Yes,Yes,Yes,Yes,One year,No,Electronic check
53,46.3,2546.85,Male,0,No,No,No,No phone service,DSL,Yes,Yes,No,No,No,Yes,Month-to-month,Yes,Bank transfer (automatic)
18,23.75,424.5,Male,0,No,No,Yes,Yes,No,No internet service,No internet service,No internet service,No internet service,No internet service,No internet service,One year,No,Mailed check
51,59.9,3043.6,Male,0,No,No,Yes,Yes,DSL,Yes,No,No,Yes,No,No,One year,No,Credit card (automatic)
25,78.35,1837.9,Female,0,No,No,Yes,Yes,DSL,Yes,Yes,Yes,Yes,Yes,No,Month-to-month,Yes,Bank transfer (automatic)
2,80.75,159.45,Female,0,No,No,Yes,No,Fiber optic,No,No,No,No,No,Yes,Month-to-month,No,Electronic check
68,20.5,1424.9,Female,0,No,No,Yes,No,No,No internet service,No internet service,No internet service,No internet service,No internet service,No internet service,Two year,No,Credit card (automatic)
1,50.75,50.75,Male,0,No,No,Yes,No,DSL,Yes,No,No,No,No,No,Month-to-month,Yes,Mailed check
31,66.4,2019.8,Male,0,Yes,No,Yes,No,DSL,No,No,Yes,Yes,No,Yes,Month-to-month,Yes,Credit card (automatic)
66,104.55,6779.05,Female,0,No,No,Yes,Yes,Fiber optic,Yes,Yes,Yes,Yes,Yes,No,One year,Yes,Bank transfer (automatic)
1,19.9,19.9,Female,0,Yes,Yes,Yes,No,No,No internet service,No internet service,No internet service,No internet service,No internet service,No internet service,Month-to-month,Yes,Electronic check
9,20.4,181.8,Male,0,No,No,Yes,No,No,No internet service,No internet service,No internet service,No internet service,No internet service,No internet service,Month-to-month,No,Mailed check
2,74.2,140.1,Male,1,Yes,No,Yes,No,Fiber optic,No,No,Yes,No,No,No,Month-to-month,Yes,Electronic check
6,84.85,523.5,Male,0,No,No,Yes,No,Fiber optic,No,Yes,No,No,Yes,No,Month-to-month,Yes,Electronic check
70,19.55,1462.05,Female,1,Yes,No,Yes,No,No,No internet service,No internet service,No internet service,No internet service,No internet service,No internet service,Two year,Yes,Credit card (automatic)
71,54.5,3778.2,Male,0,Yes,No,Yes,No,DSL,Yes,No,No,Yes,No,No,Two year,No,Bank transfer (automatic)
46,95.65,4664.2,Female,0,No,No,Yes,No,Fiber optic,Yes,Yes,Yes,No,Yes,No,One year,Yes,Credit card (automatic)
24,20.45,527.35,Female,0,No,No,Yes,No,No,No internet service,No internet service,No internet service,No internet service,No internet service,No internet service,One year,No,Credit card (automatic)
40,24.8,1024.7,Female,0,Yes,Yes,Yes,Yes,No,No internet service,No internet service,No internet service,No internet service,No internet service,No internet service,Two year,Yes,Mailed check
21,55.95,1157.05,Female,0,Yes,Yes,No,No phone service,DSL,Yes,No,Yes,No,Yes,Yes,One year,Yes,Electronic check
41,20.65,835.15,Female,0,No,No,Yes,No,No,No internet service,No internet service,No internet service,No internet service,No internet service,No internet service,Two year,No,Mailed check
45,42.3,1840.75,Male,0,No,No,No,No phone service,DSL,Yes,No,Yes,Yes,No,No,One year,No,Bank transfer (automatic)
12,19.3,228.75,Female,0,No,No,Yes,No,No,No internet service,No internet service,No internet service,No internet service,No internet service,No internet service,One year,No,Mailed check
58,75.8,4415.75,Female,0,Yes,Yes,Yes,Yes,DSL,Yes,No,Yes,Yes,Yes,No,Two year,No,Mailed check
49,84.5,4254.85,Male,0,Yes,Yes,Yes,Yes,Fiber optic,No,No,No,No,Yes,No,Month-to-month,No,Electronic check
2,54.45,87.3,Male,0,No,No,Yes,No,DSL,Yes,No,No,Yes,No,No,Month-to-month,Yes,Mailed check
17,85.45,1451.6,Female,0,Yes,Yes,Yes,Yes,Fiber optic,No,No,No,No,No,Yes,Month-to-month,Yes,Electronic check
13,70.15,916.75,Female,1,Yes,No,Yes,No,Fiber optic,No,No,No,No,No,No,Month-to-month,Yes,Electronic check
71,47.05,3263.6,Female,0,Yes,No,No,No phone service,DSL,No,No,Yes,Yes,No,Yes,Two year,Yes,Electronic check
22,20.15,432.5,Male,0,No,Yes,Yes,No,No,No internet service,No internet service,No internet service,No internet service,No internet service,No internet service,Month-to-month,No,Credit card (automatic)
63,19.5,1215.1,Female,0,No,Yes,Yes,No,No,No internet service,No internet service,No internet service,No internet service,No internet service,No internet service,Two year,No,Credit card (automatic)
47,19.65,921.55,Female,0,Yes,No,Yes,No,No,No internet service,No internet service,No internet service,No internet service,No internet service,No internet service,Two year,No,Bank transfer (automatic)
27,53.8,1389.85,Male,0,Yes,No,Yes,No,DSL,No,Yes,No,Yes,No,No,Month-to-month,Yes,Electronic check
55,56.8,3112.05,Female,0,Yes,No,Yes,No,DSL,Yes,Yes,No,Yes,No,No,Two year,No,Mailed check
4,33.65,137.85,Female,0,No,No,No,No phone service,DSL,Yes,Yes,No,No,No,No,Month-to-month,Yes,Electronic check
17,90.2,1454.15,Male,0,Yes,No,Yes,Yes,Fiber optic,Yes,Yes,Yes,No,No,No,Month-to-month,No,Credit card (automatic)
10,20.45,242.4,Male,0,Yes,Yes,Yes,No,No,No internet service,No internet service,No internet service,No internet service,No internet service,No internet service,One year,No,Mailed check
2,45.25,85.5,Female,0,No,No,No,No phone service,DSL,No,No,No,No,Yes,Yes,Month-to-month,Yes,Electronic check
1,70.3,70.3,Male,1,Yes,No,Yes,No,Fiber optic,No,No,No,No,No,No,Month-to-month,Yes,Electronic check
46,79.2,3593.8,Female,0,No,No,Yes,Yes,DSL,Yes,No,Yes,No,Yes,Yes,Two year,No,Mailed check
13,56.0,764.55,Female,0,No,Yes,Yes,No,DSL,Yes,Yes,No,No,No,No,Month-to-month,Yes,Electronic check
68,75.8,5293.95,Male,0,Yes,Yes,Yes,Yes,DSL,No,Yes,Yes,Yes,No,Yes,One year,Yes,Bank transfer (automatic)
60,105.9,6396.45,Female,0,No,No,Yes,Yes,Fiber optic,No,Yes,Yes,No,Yes,Yes,Month-to-month,Yes,Electronic check
47,100.75,4669.2,Male,0,No,No,Yes,Yes,Fiber optic,Yes,Yes,No,Yes,Yes,No,Month-to-month,No,Mailed check
8,20.7,137.6,Female,0,No,No,Yes,No,No,No internet service,No internet service,No internet service,No internet service,No internet service,No internet service,Month-to-month,Yes,Mailed check
63,109.4,7031.45,Male,1,No,No,Yes,Yes,Fiber optic,Yes,Yes,Yes,No,Yes,Yes,Month-to-month,Yes,Bank transfer (automatic)
72,117.6,8308.9,Female,0,Yes,Yes,Yes,Yes,Fiber optic,Yes,Yes,Yes,Yes,Yes,Yes,Two year,Yes,Bank transfer (automatic)
32,35.15,1051.05,Female,0,Yes,Yes,No,No phone service,DSL,Yes,Yes,No,No,No,No,Month-to-month,Yes,Electronic check
23,55.8,1327.85,Female,0,No,No,Yes,No,DSL,No,Yes,Yes,No,No,No,One year,No,Bank transfer (automatic)
2,19.95,38.15,Female,0,No,No,Yes,No,No,No internet service,No internet service,No internet service,No internet service,No internet service,No internet service,Month-to-month,No,Mailed check
19,106.6,1934.45,Female,0,No,No,Yes,No,Fiber optic,Yes,No,Yes,Yes,Yes,Yes,Month-to-month,Yes,Electronic check
1,19.9,19.9,Female,0,No,No,Yes,No,No,No internet service,No internet service,No internet service,No internet service,No internet service,No internet service,Month-to-month,No,Bank transfer (automatic)
8,30.45,226.45,Male,0,No,No,No,No phone service,DSL,Yes,No,No,No,No,No,Month-to-month,Yes,Electronic check
7,64.95,493.65,Female,1,No,No,Yes,No,DSL,No,Yes,Yes,No,Yes,No,Month-to-month,Yes,Electronic check
15,76.5,1155.6,Female,0,Yes,Yes,Yes,No,DSL,No,Yes,Yes,Yes,Yes,Yes,Month-to-month,No,Bank transfer (automatic)
2,71.65,135.75,Female,0,Yes,Yes,Yes,No,Fiber optic,No,No,No,No,No,No,Month-to-month,Yes,Electronic check
37,19.35,683.75,Female,0,Yes,Yes,Yes,No,No,No internet service,No internet service,No internet service,No internet service,No internet service,No internet service,Month-to-month,No,Electronic check
2,44.45,82.7,Female,0,No,No,Yes,No,DSL,No,No,No,No,No,No,Month-to-month,No,Electronic check
71,58.65,4145.25,Female,0,Yes,Yes,No,No phone service,DSL,Yes,Yes,No,Yes,Yes,Yes,Two year,No,Mailed check
72,65.55,4807.45,Male,0,No,No,No,No phone service,DSL,Yes,Yes,Yes,Yes,Yes,Yes,Two year,Yes,Bank transfer (automatic)
8,54.75,445.85,Male,0,Yes,No,Yes,No,DSL,No,Yes,Yes,No,No,No,Month-to-month,Yes,Mailed check
65,67.05,4309.55,Male,0,Yes,No,Yes,Yes,DSL,Yes,Yes,Yes,No,No,No,One year,No,Credit card (automatic)
4,29.05,129.6,Female,0,Yes,No,No,No phone service,DSL,Yes,No,No,No,No,No,Month-to-month,Yes,Electronic check
10,24.8,223.9,Male,0,No,Yes,Yes,Yes,No,No internet service,No internet service,No internet service,No internet service,No internet service,No internet service,Month-to-month,No,Credit card (automatic)
31,75.5,2424.45,Male,0,Yes,No,Yes,No,DSL,Yes,Yes,Yes,Yes,No,Yes,One year,Yes,Credit card (automatic)
12,101.35,1218.55,Male,1,Yes,No,Yes,Yes,Fiber optic,No,Yes,No,No,Yes,Yes,Month-to-month,Yes,Electronic check
2,40.4,77.15,Male,0,No,No,No,No phone service,DSL,No,Yes,Yes,Yes,No,No,Month-to-month,Yes,Credit card (automatic)
14,81.95,1181.75,Male,0,Yes,No,Yes,No,DSL,No,Yes,Yes,Yes,Yes,Yes,Two year,No,Mailed check
1,69.65,69.65,Female,1,No,No,Yes,No,Fiber optic,No,No,No,No,No,No,Month-to-month,Yes,Electronic check
14,46.35,667.7,Male,0,Yes,No,No,No phone service,DSL,No,No,No,No,Yes,Yes,Month-to-month,No,Electronic check
11,78.5,874.2,Male,1,No,No,Yes,No,Fiber optic,No,No,No,No,No,Yes,Month-to-month,Yes,Electronic check
21,61.65,1393.6,Male,0,No,No,Yes,No,DSL,No,No,Yes,No,No,Yes,Month-to-month,No,Mailed check
27,95.0,2462.55,Female,0,Yes,No,Yes,Yes,Fiber optic,No,No,No,No,Yes,Yes,Month-to-month,No,Credit card (automatic)
13,19.55,265.3,Female,0,Yes,Yes,Yes,No,No,No internet service,No internet service,No internet service,No internet service,No internet service,No internet service,Two year,No,Mailed check
18,35.2,607.3,Female,0,No,No,No,No phone service,DSL,No,No,Yes,Yes,No,No,Month-to-month,Yes,Electronic check
26,49.5,1265.65,Female,0,No,Yes,Yes,Yes,DSL,No,No,No,No,No,No,Month-to-month,Yes,Mailed check
70,113.05,7869.05,Female,0,Yes,Yes,Yes,Yes,Fiber optic,Yes,Yes,Yes,Yes,Yes,Yes,Two year,Yes,Credit card (automatic)
66,92.15,6056.9,Female,0,No,No,Yes,Yes,Fiber optic,No,No,Yes,No,Yes,No,One year,Yes,Bank transfer (automatic)
72,63.1,4685.55,Male,1,Yes,No,No,No phone service,DSL,Yes,Yes,Yes,Yes,Yes,Yes,Two year,Yes,Bank transfer (automatic)
63,79.85,4861.45,Female,0,No,No,Yes,Yes,DSL,Yes,Yes,Yes,Yes,Yes,No,Two year,Yes,Credit card (automatic)
2,100.2,198.5,Male,0,No,No,Yes,No,Fiber optic,Yes,Yes,No,No,Yes,Yes,Month-to-month,No,Electronic check
1,20.2,20.2,Male,0,No,No,Yes,No,No,No internet service,No internet service,No internet service,No internet service,No internet service,No internet service,Month-to-month,Yes,Mailed check
1,24.45,24.45,Male,0,No,No,No,No phone service,DSL,No,No,No,No,No,No,Month-to-month,Yes,Mailed check
38,85.4,3297.0,Male,0,Yes,Yes,Yes,Yes,DSL,Yes,No,Yes,Yes,Yes,Yes,Two year,Yes,Bank transfer (automatic)
42,95.25,3959.35,Male,0,Yes,No,Yes,Yes,Fiber optic,No,Yes,Yes,No,Yes,No,Month-to-month,Yes,Bank transfer (automatic)
37,72.1,2658.4,Female,0,Yes,No,Yes,Yes,DSL,No,Yes,No,Yes,No,Yes,One year,No,Mailed check
2,20.3,31.9,Female,0,Yes,Yes,Yes,No,No,No internet service,No internet service,No internet service,No internet service,No internet service,No internet service,One year,No,Mailed check
1,35.05,35.05,Female,0,No,No,No,No phone service,DSL,No,No,No,No,No,Yes,Month-to-month,No,Mailed check
47,85.3,4045.65,Female,0,Yes,No,Yes,No,Fiber optic,No,No,Yes,No,No,Yes,Month-to-month,Yes,Electronic check
50,114.35,5791.1,Male,0,No,No,Yes,Yes,Fiber optic,Yes,Yes,Yes,Yes,Yes,Yes,One year,No,Credit card (automatic)
62,38.6,2345.55,Male,0,Yes,No,No,No phone service,DSL,Yes,Yes,No,Yes,No,No,Two year,Yes,Credit card (automatic)
45,95.0,4368.85,Male,0,Yes,Yes,Yes,Yes,Fiber optic,No,Yes,Yes,No,No,Yes,One year,Yes,Credit card (automatic)
49,99.05,4853.75,Male,0,Yes,No,Yes,Yes,Fiber optic,No,Yes,No,No,Yes,Yes,Month-to-month,Yes,Bank transfer (automatic)
0,56.05,0.0,Female,0,Yes,Yes,No,No phone service,DSL,Yes,Yes,Yes,Yes,Yes,No,Two year,No,Credit card (automatic)
47,109.55,5124.55,Male,0,Yes,No,Yes,Yes,Fiber optic,No,Yes,Yes,Yes,Yes,Yes,Month-to-month,Yes,Electronic check
36,94.7,3512.5,Male,0,No,Yes,Yes,No,Fiber optic,No,Yes,No,No,Yes,Yes,Month-to-month,Yes,Electronic check
30,44.5,1307.8,Male,0,No,Yes,No,No phone service,DSL,No,No,No,No,Yes,Yes,Month-to-month,Yes,Electronic check
3,86.05,244.85,Male,0,No,No,Yes,No,Fiber optic,Yes,No,No,No,No,Yes,Month-to-month,Yes,Mailed check
65,105.5,6985.65,Female,0,Yes,Yes,Yes,Yes,Fiber optic,No,Yes,Yes,No,Yes,Yes,Month-to-month,Yes,Electronic check
71,46.35,3353.4,Male,1,Yes,No,No,No phone service,DSL,Yes,Yes,Yes,Yes,No,No,Two year,No,Credit card (automatic)
72,55.45,4179.2,Male,0,Yes,Yes,No,No phone service,DSL,Yes,Yes,Yes,Yes,No,Yes,Two year,Yes,Credit card (automatic)
10,75.75,777.3,Female,0,No,No,Yes,Yes,Fiber optic,No,No,No,No,No,No,Month-to-month,Yes,Mailed check
44,49.05,2265.0,Female,0,No,No,No,No phone service,DSL,No,No,Yes,No,Yes,Yes,One year,Yes,Electronic check
72,65.65,4664.5,Male,0,Yes,Yes,No,No phone service,DSL,Yes,Yes,Yes,Yes,Yes,Yes,Two year,Yes,Bank transfer (automatic)
72,88.05,6520.8,Female,0,Yes,No,Yes,Yes,DSL,Yes,Yes,Yes,Yes,Yes,Yes,Two year,No,Bank transfer (automatic)
43,110.75,4687.9,Male,1,Yes,Yes,Yes,Yes,Fiber optic,No,Yes,Yes,Yes,Yes,Yes,Month-to-month,Yes,Bank transfer (automatic)
31,98.05,3082.1,Male,0,Yes,Yes,Yes,Yes,Fiber optic,Yes,No,Yes,No,Yes,No,One year,No,Bank transfer (automatic)
10,25.7,251.6,Male,0,No,No,Yes,Yes,No,No internet service,No internet service,No internet service,No internet service,No internet service,No internet service,Two year,No,Bank transfer (automatic)
1,19.45,19.45,Male,0,No,No,Yes,No,No,No internet service,No internet service,No internet service,No internet service,No internet service,No internet service,Month-to-month,No,Electronic check
72,118.2,8547.15,Male,0,No,No,Yes,Yes,Fiber optic,Yes,Yes,Yes,Yes,Yes,Yes,Two year,Yes,Electronic check
44,20.5,865.05,Male,0,Yes,Yes,Yes,No,No,No internet service,No internet service,No internet service,No internet service,No internet service,No internet service,One year,Yes,Bank transfer (automatic)
40,20.4,854.9,Male,0,No,Yes,Yes,No,No,No internet service,No internet service,No internet service,No internet service,No internet service,No internet service,One year,Yes,Bank transfer (automatic)
2,19.25,48.35,Male,0,No,Yes,Yes,No,No,No internet service,No internet service,No internet service,No internet service,No internet service,No internet service,Month-to-month,No,Mailed check
14,75.1,1013.35,Male,1,Yes,No,Yes,Yes,Fiber optic,No,No,No,No,No,No,Month-to-month,Yes,Electronic check
19,89.35,1686.85,Female,0,Yes,Yes,Yes,Yes,Fiber optic,No,No,No,Yes,No,Yes,One year,Yes,Bank transfer (automatic)
1,72.1,72.1,Female,1,No,No,Yes,Yes,Fiber optic,No,No,No,No,No,No,Month-to-month,Yes,Electronic check
5,80.15,385.0,Male,0,Yes,Yes,Yes,Yes,Fiber optic,No,Yes,No,No,No,No,Month-to-month,Yes,Electronic check
22,25.25,555.4,Female,0,Yes,Yes,Yes,Yes,No,No internet service,No internet service,No internet service,No internet service,No internet service,No internet service,Two year,No,Credit card (automatic)
49,52.15,2583.75,Female,0,Yes,No,Yes,Yes,DSL,No,No,No,No,No,No,Month-to-month,Yes,Credit card (automatic)
37,20.15,785.75,Male,0,No,No,Yes,No,No,No internet service,No internet service,No internet service,No internet service,No internet service,No internet service,One year,No,Credit card (automatic)
60,110.0,6668.35,Female,1,Yes,No,Yes,No,Fiber optic,Yes,Yes,Yes,Yes,Yes,Yes,Two year,Yes,Bank transfer (automatic)
1,20.2,20.2,Male,0,No,No,Yes,No,No,No internet service,No internet service,No internet service,No internet service,No internet service,No internet service,Month-to-month,No,Mailed check
24,75.4,1747.85,Female,0,Yes,No,Yes,Yes,Fiber optic,No,No,No,No,No,No,Month-to-month,Yes,Credit card (automatic)
23,19.65,436.9,Male,0,Yes,Yes,Yes,No,No,No internet service,No internet service,No internet service,No internet service,No internet service,No internet service,One year,No,Mailed check
72,111.65,8022.85,Male,1,Yes,No,Yes,Yes,Fiber optic,No,Yes,Yes,Yes,Yes,Yes,Two year,Yes,Bank transfer (automatic)
9,19.9,164.6,Male,0,No,No,Yes,No,No,No internet service,No internet service,No internet service,No internet service,No internet service,No internet service,One year,Yes,Electronic check
13,29.15,357.15,Female,0,No,No,No,No phone service,DSL,No,Yes,No,No,No,No,Month-to-month,No,Electronic check
1,78.65,78.65,Female,0,No,Yes,Yes,No,Fiber optic,No,No,No,No,No,Yes,Month-to-month,No,Electronic check
65,61.35,3874.1,Female,0,Yes,Yes,Yes,No,DSL,Yes,Yes,Yes,No,No,No,One year,No,Bank transfer (automatic)
54,97.2,5129.45,Female,0,No,No,Yes,Yes,Fiber optic,No,Yes,No,No,Yes,Yes,Two year,Yes,Bank transfer (automatic)
10,74.15,811.8,Male,0,No,No,Yes,Yes,Fiber optic,No,No,No,No,No,No,Month-to-month,Yes,Mailed check
65,104.1,6700.05,Male,0,Yes,Yes,Yes,Yes,Fiber optic,No,No,Yes,Yes,Yes,Yes,Two year,Yes,Bank transfer (automatic)
9,68.95,593.85,Male,0,Yes,No,Yes,No,DSL,Yes,Yes,No,Yes,Yes,No,Month-to-month,Yes,Mailed check
47,80.35,3825.85,Female,1,Yes,No,Yes,Yes,Fiber optic,Yes,No,No,No,No,No,Month-to-month,No,Electronic check
10,80.7,788.8,Male,0,No,No,Yes,Yes,Fiber optic,No,Yes,No,No,No,No,Month-to-month,Yes,Bank transfer (automatic)
33,88.95,3027.65,Male,0,No,No,Yes,No,Fiber optic,Yes,No,No,Yes,Yes,No,Two year,Yes,Electronic check
1,75.75,75.75,Male,1,No,No,Yes,Yes,Fiber optic,No,No,No,No,No,No,Month-to-month,Yes,Electronic check
5,43.25,219.0,Male,0,No,No,No,No phone service,DSL,Yes,Yes,Yes,Yes,No,No,Month-to-month,Yes,Mailed check
1,49.65,49.65,Male,0,No,No,Yes,No,DSL,No,No,Yes,No,No,No,Month-to-month,Yes,Mailed check
13,75.3,989.45,Male,0,Yes,No,Yes,Yes,DSL,No,No,Yes,No,Yes,Yes,One year,Yes,Mailed check
15,68.6,1108.6,Male,0,Yes,No,Yes,No,Fiber optic,No,No,No,No,No,No,Month-to-month,Yes,Bank transfer (automatic)
11,79.5,868.5,Male,0,Yes,Yes,Yes,No,Fiber optic,No,No,No,No,Yes,No,Month-to-month,Yes,Bank transfer (automatic)
54,94.75,5121.75,Female,0,No,No,Yes,Yes,Fiber optic,No,Yes,Yes,No,Yes,No,One year,Yes,Bank transfer (automatic)
1,94.6,94.6,Female,0,No,No,Yes,Yes,Fiber optic,No,No,No,No,Yes,Yes,Month-to-month,Yes,Electronic check
66,108.1,7181.95,Female,1,Yes,No,Yes,Yes,Fiber optic,No,Yes,Yes,Yes,Yes,Yes,One year,Yes,Credit card (automatic)
37,26.45,911.6,Female,0,Yes,Yes,Yes,Yes,No,No internet service,No internet service,No internet service,No internet service,No internet service,No internet service,Month-to-month,No,Mailed check
58,93.4,5435.6,Female,0,Yes,Yes,Yes,Yes,Fiber optic,Yes,Yes,No,No,No,Yes,Month-to-month,Yes,Bank transfer (automatic)
72,110.45,7982.5,Female,0,Yes,No,Yes,Yes,Fiber optic,No,Yes,Yes,Yes,Yes,Yes,Two year,Yes,Bank transfer (automatic)
11,66.35,740.8,Female,0,Yes,Yes,Yes,Yes,DSL,No,No,No,Yes,No,Yes,Month-to-month,Yes,Electronic check
1,20.2,20.2,Male,0,No,No,Yes,No,No,No internet service,No internet service,No internet service,No internet service,No internet service,No internet service,Month-to-month,No,Mailed check
56,105.6,6068.65,Female,0,Yes,No,Yes,No,Fiber optic,Yes,Yes,Yes,No,Yes,Yes,One year,Yes,Credit card (automatic)
11,86.2,893.2,Male,0,No,Yes,Yes,Yes,Fiber optic,No,No,No,No,No,Yes,Month-to-month,No,Electronic check
30,104.1,3121.1,Female,1,No,No,Yes,Yes,Fiber optic,No,Yes,Yes,No,Yes,Yes,Month-to-month,Yes,Electronic check
7,19.5,128.6,Male,0,No,No,Yes,No,No,No internet service,No internet service,No internet service,No internet service,No internet service,No internet service,One year,No,Mailed check
61,99.4,5943.65,Male,0,Yes,No,Yes,Yes,Fiber optic,Yes,No,Yes,Yes,Yes,No,Month-to-month,No,Bank transfer (automatic)
7,95.0,655.5,Male,0,No,No,Yes,Yes,Fiber optic,No,No,No,No,Yes,Yes,Month-to-month,No,Mailed check
17,80.05,1345.65,Female,0,No,No,Yes,Yes,Fiber optic,No,No,Yes,No,No,No,Month-to-month,No,Bank transfer (automatic)
33,79.15,2531.4,Female,0,Yes,Yes,Yes,Yes,DSL,No,No,Yes,Yes,Yes,Yes,One year,Yes,Electronic check
45,25.5,1121.05,Female,0,Yes,No,Yes,Yes,No,No internet service,No internet service,No internet service,No internet service,No internet service,No internet service,Two year,No,Mailed check
18,85.45,1505.85,Female,1,No,No,Yes,Yes,Fiber optic,No,Yes,No,Yes,No,No,Month-to-month,Yes,Electronic check
21,80.35,1747.2,Male,0,No,Yes,Yes,Yes,Fiber optic,Yes,No,No,No,No,No,Month-to-month,No,Electronic check
1,20.25,20.25,Female,0,No,No,Yes,No,No,No internet service,No internet service,No internet service,No internet service,No internet service,No internet service,Month-to-month,Yes,Mailed check
1,20.2,20.2,Male,0,Yes,Yes,Yes,No,No,No internet service,No internet service,No internet service,No internet service,No internet service,No internet service,One year,Yes,Electronic check
43,75.35,3161.4,Male,0,No,No,Yes,Yes,Fiber optic,No,No,No,No,No,No,Month-to-month,Yes,Credit card (automatic)
3,84.3,235.05,Male,0,No,No,Yes,No,Fiber optic,No,Yes,No,No,No,Yes,Month-to-month,No,Electronic check
1,45.3,45.3,Female,0,No,No,Yes,No,DSL,No,No,No,No,No,No,Month-to-month,Yes,Mailed check
1,24.4,24.4,Female,0,No,No,No,No phone service,DSL,No,No,No,No,No,No,Month-to-month,No,Mailed check
7,79.65,604.7,Female,0,No,No,Yes,Yes,Fiber optic,Yes,No,No,No,No,No,Month-to-month,Yes,Mailed check
26,85.9,2196.45,Female,0,Yes,No,Yes,No,Fiber optic,No,No,No,Yes,No,Yes,Month-to-month,No,Credit card (automatic)
1,74.7,74.7,Male,1,No,No,Yes,Yes,Fiber optic,No,No,No,No,No,No,Month-to-month,Yes,Electronic check
11,20.55,184.95,Male,0,Yes,No,Yes,No,No,No internet service,No internet service,No internet service,No internet service,No internet service,No internet service,One year,Yes,Mailed check
46,30.75,1489.3,Male,0,No,No,No,No phone service,DSL,Yes,No,No,No,No,No,One year,Yes,Bank transfer (automatic)
71,83.2,6126.1,Male,0,Yes,No,Yes,Yes,DSL,Yes,No,Yes,Yes,Yes,Yes,Two year,No,Electronic check
20,19.7,415.9,Male,0,No,No,Yes,No,No,No internet service,No internet service,No internet service,No internet service,No internet service,No internet service,One year,Yes,Mailed check
26,20.25,493.95,Female,0,Yes,Yes,Yes,No,No,No internet service,No internet service,No internet service,No internet service,No internet service,No internet service,Month-to-month,Yes,Credit card (automatic)
7,61.4,438.9,Female,0,No,No,Yes,No,DSL,Yes,Yes,Yes,No,No,No,Month-to-month,No,Electronic check
62,43.7,2618.3,Male,0,No,No,No,No phone service,DSL,Yes,Yes,Yes,Yes,No,No,Two year,Yes,Bank transfer (automatic)
67,102.9,6989.7,Male,1,Yes,No,Yes,Yes,Fiber optic,No,Yes,No,Yes,Yes,Yes,Two year,No,Bank transfer (automatic)
72,89.1,6352.4,Female,1,Yes,No,Yes,Yes,DSL,Yes,Yes,Yes,Yes,Yes,Yes,Two year,No,Credit card (automatic)
48,65.65,3094.65,Female,0,Yes,No,Yes,No,DSL,No,Yes,Yes,No,No,Yes,One year,Yes,Electronic check
68,99.55,6668.0,Male,0,Yes,Yes,Yes,No,Fiber optic,Yes,No,No,Yes,Yes,Yes,Two year,Yes,Electronic check
25,85.9,2199.05,Male,0,Yes,Yes,Yes,No,Fiber optic,No,No,No,Yes,Yes,No,Month-to-month,No,Electronic check
18,71.1,1247.75,Female,0,No,No,Yes,No,Fiber optic,No,No,No,No,No,No,Month-to-month,Yes,Electronic check
64,102.1,6688.1,Male,1,No,No,Yes,Yes,Fiber optic,No,No,Yes,Yes,Yes,Yes,One year,No,Electronic check
16,80.75,1321.3,Male,0,Yes,No,Yes,No,Fiber optic,Yes,Yes,No,No,No,No,Month-to-month,No,Bank transfer (automatic)
54,18.95,1031.1,Female,1,Yes,No,Yes,No,No,No internet service,No internet service,No internet service,No internet service,No internet service,No internet service,Two year,Yes,Mailed check
56,99.75,5608.4,Female,0,Yes,Yes,Yes,Yes,Fiber optic,No,Yes,Yes,Yes,No,Yes,One year,Yes,Credit card (automatic)
71,87.95,6365.35,Female,0,Yes,No,Yes,Yes,DSL,Yes,Yes,Yes,Yes,Yes,Yes,Two year,No,Bank transfer (automatic)
9,70.5,597.9,Male,0,No,No,Yes,No,Fiber optic,No,No,No,No,No,No,Month-to-month,Yes,Electronic check
12,20.3,224.5,Female,0,Yes,Yes,Yes,No,No,No internet service,No internet service,No internet service,No internet service,No internet service,No internet service,Two year,No,Bank transfer (automatic)
33,59.45,1884.65,Female,1,No,No,No,No phone service,DSL,Yes,Yes,Yes,No,Yes,Yes,Month-to-month,Yes,Bank transfer (automatic)
60,24.15,1505.9,Male,0,Yes,No,Yes,Yes,No,No internet service,No internet service,No internet service,No internet service,No internet service,No internet service,One year,No,Bank transfer (automatic)
1,100.8,100.8,Female,1,Yes,No,Yes,Yes,Fiber optic,No,No,Yes,No,Yes,Yes,Month-to-month,Yes,Electronic check
2,19.75,39.3,Male,0,No,No,Yes,No,No,No internet service,No internet service,No internet service,No internet service,No internet service,No internet service,Month-to-month,No,Mailed check
35,100.25,3527.6,Female,0,No,No,Yes,Yes,Fiber optic,No,No,Yes,No,Yes,Yes,Month-to-month,Yes,Electronic check
4,30.5,118.4,Male,0,No,No,No,No phone service,DSL,No,No,No,Yes,No,No,Month-to-month,No,Electronic check
22,59.75,1374.35,Male,0,Yes,No,Yes,No,DSL,Yes,No,No,No,Yes,No,One year,Yes,Bank transfer (automatic)
1,20.3,20.3,Male,0,No,No,Yes,No,No,No internet service,No internet service,No internet service,No internet service,No internet service,No internet service,Month-to-month,No,Mailed check
8,85.65,659.45,Male,0,Yes,No,Yes,Yes,Fiber optic,No,No,No,No,No,Yes,Month-to-month,Yes,Bank transfer (automatic)
11,72.9,818.45,Male,0,No,No,Yes,No,Fiber optic,No,No,Yes,No,No,No,Month-to-month,No,Electronic check
72,25.7,1937.4,Female,1,Yes,No,Yes,Yes,No,No internet service,No internet service,No internet service,No internet service,No internet service,No internet service,Two year,Yes,Credit card (automatic)
22,19.25,412.55,Female,0,No,No,Yes,No,No,No internet service,No internet service,No internet service,No internet service,No internet service,No internet service,One year,Yes,Mailed check
3,70.25,229.7,Female,0,No,No,Yes,No,Fiber optic,No,No,No,No,No,No,Month-to-month,Yes,Electronic check
7,86.8,620.35,Male,0,No,No,Yes,Yes,Fiber optic,No,No,No,No,No,Yes,Month-to-month,Yes,Electronic check
32,72.8,2333.05,Male,0,Yes,No,Yes,Yes,DSL,Yes,No,No,Yes,Yes,No,One year,Yes,Credit card (automatic)
1,19.1,19.1,Female,0,No,No,Yes,No,No,No internet service,No internet service,No internet service,No internet service,No internet service,No internet service,Month-to-month,No,Mailed check
2,91.15,168.5,Female,0,No,No,Yes,No,Fiber optic,Yes,Yes,No,No,Yes,No,Month-to-month,Yes,Electronic check
23,84.4,1936.85,Female,0,Yes,Yes,Yes,No,Fiber optic,Yes,Yes,No,Yes,No,No,Month-to-month,No,Mailed check
9,99.45,919.4,Male,1,No,No,Yes,Yes,Fiber optic,No,Yes,No,No,Yes,Yes,Month-to-month,Yes,Credit card (automatic)
16,96.15,1529.2,Female,1,No,No,Yes,Yes,Fiber optic,No,No,No,No,Yes,Yes,Month-to-month,Yes,Electronic check
42,40.15,1626.05,Male,0,Yes,No,No,No phone service,DSL,Yes,No,No,No,Yes,No,Month-to-month,Yes,Bank transfer (automatic)
64,53.85,3399.85,Female,0,Yes,Yes,Yes,Yes,DSL,No,Yes,No,No,No,No,One year,Yes,Bank transfer (automatic)
56,25.15,1327.15,Male,0,Yes,No,Yes,Yes,No,No internet service,No internet service,No internet service,No internet service,No internet service,No internet service,Two year,Yes,Credit card (automatic)
53,69.7,3729.6,Male,0,Yes,Yes,Yes,No,DSL,Yes,Yes,No,Yes,Yes,No,Two year,Yes,Mailed check
38,94.9,3616.25,Male,0,Yes,Yes,Yes,Yes,Fiber optic,No,No,Yes,Yes,Yes,No,Two year,Yes,Bank transfer (automatic)
4,44.8,176.2,Male,0,No,No,Yes,No,DSL,No,No,No,No,No,No,Month-to-month,Yes,Credit card (automatic)
6,19.55,122.9,Male,0,Yes,Yes,Yes,No,No,No internet service,No internet service,No internet service,No internet service,No internet service,No internet service,Month-to-month,No,Mailed check
58,55.5,3166.9,Female,0,Yes,Yes,No,No phone service,DSL,No,No,Yes,Yes,Yes,Yes,Two year,Yes,Credit card (automatic)
22,20.75,452.35,Female,0,Yes,Yes,Yes,No,No,No internet service,No internet service,No internet service,No internet service,No internet service,No internet service,One year,No,Bank transfer (automatic)
36,79.2,2854.95,Male,0,No,No,Yes,No,DSL,Yes,No,Yes,Yes,Yes,Yes,Month-to-month,Yes,Credit card (automatic)
68,20.05,1386.9,Female,0,No,No,Yes,No,No,No internet service,No internet service,No internet service,No internet service,No internet service,No internet service,Two year,No,Bank transfer (automatic)
15,75.3,1147.45,Female,1,No,No,Yes,No,Fiber optic,No,Yes,No,No,No,No,Month-to-month,Yes,Credit card (automatic)
66,90.05,5965.95,Female,0,No,No,Yes,Yes,DSL,Yes,Yes,Yes,Yes,Yes,Yes,Two year,Yes,Credit card (automatic)
6,44.6,260.8,Male,0,Yes,Yes,Yes,No,DSL,No,No,No,No,No,No,Month-to-month,Yes,Bank transfer (automatic)
41,109.1,4454.25,Female,0,Yes,Yes,Yes,Yes,Fiber optic,No,Yes,Yes,Yes,Yes,Yes,One year,Yes,Bank transfer (automatic)
59,65.5,3801.3,Female,0,Yes,Yes,Yes,Yes,DSL,Yes,Yes,No,Yes,No,No,One year,No,Mailed check
14,19.9,283.75,Male,0,No,No,Yes,No,No,No internet service,No internet service,No internet service,No internet service,No internet service,No internet service,Month-to-month,No,Mailed check
9,79.55,723.4,Female,0,No,No,Yes,No,Fiber optic,No,No,No,No,No,Yes,Month-to-month,Yes,Electronic check
68,83.65,5733.4,Female,0,Yes,Yes,Yes,Yes,Fiber optic,No,Yes,No,Yes,No,No,One year,Yes,Bank transfer (automatic)
12,83.8,1029.75,Male,1,No,No,Yes,No,Fiber optic,No,Yes,Yes,Yes,No,No,Month-to-month,Yes,Mailed check
4,84.8,371.9,Male,0,Yes,Yes,Yes,Yes,Fiber optic,No,Yes,Yes,No,No,No,Month-to-month,Yes,Bank transfer (automatic)
68,107.15,7379.8,Male,1,Yes,Yes,Yes,Yes,Fiber optic,No,No,Yes,Yes,Yes,Yes,One year,Yes,Credit card (automatic)
65,74.2,4805.65,Male,0,No,No,Yes,Yes,DSL,No,Yes,Yes,Yes,No,Yes,Two year,Yes,Credit card (automatic)
18,19.65,391.7,Female,0,No,No,Yes,No,No,No internet service,No internet service,No internet service,No internet service,No internet service,No internet service,Month-to-month,No,Mailed check
12,100.15,1164.3,Female,0,No,No,Yes,Yes,Fiber optic,No,No,Yes,No,Yes,Yes,Month-to-month,Yes,Bank transfer (automatic)
56,85.6,4902.8,Female,0,Yes,No,Yes,Yes,Fiber optic,No,No,No,No,Yes,No,Month-to-month,Yes,Bank transfer (automatic)
10,94.85,953.45,Female,0,No,No,Yes,Yes,Fiber optic,No,Yes,Yes,No,No,Yes,Month-to-month,Yes,Electronic check
1,47.95,47.95,Male,0,No,No,Yes,No,DSL,Yes,No,No,No,No,No,Month-to-month,No,Electronic check
71,113.65,8166.8,Female,0,Yes,Yes,Yes,Yes,Fiber optic,Yes,Yes,Yes,Yes,Yes,Yes,Two year,No,Credit card (automatic)
67,118.35,7804.15,Male,0,No,No,Yes,Yes,Fiber optic,Yes,Yes,Yes,Yes,Yes,Yes,One year,Yes,Bank transfer (automatic)
2,61.2,125.95,Female,0,No,Yes,Yes,No,DSL,Yes,No,No,No,No,Yes,Month-to-month,Yes,Credit card (automatic)
24,96.55,2263.45,Female,1,Yes,Yes,Yes,No,Fiber optic,No,No,Yes,No,Yes,Yes,Two year,Yes,Electronic check
62,84.95,5150.55,Female,0,Yes,No,Yes,Yes,DSL,Yes,Yes,No,Yes,Yes,Yes,Two year,Yes,Electronic check
45,95.95,4456.65,Male,0,Yes,Yes,Yes,Yes,Fiber optic,No,Yes,Yes,No,No,Yes,Month-to-month,Yes,Bank transfer (automatic)
72,117.5,8670.1,Female,0,Yes,Yes,Yes,Yes,Fiber optic,Yes,Yes,Yes,Yes,Yes,Yes,Two year,No,Credit card (automatic)
7,70.75,450.8,Female,0,No,No,Yes,No,DSL,No,No,No,Yes,Yes,Yes,Month-to-month,Yes,Credit card (automatic)
5,94.85,462.8,Male,0,No,No,Yes,Yes,Fiber optic,No,No,No,No,Yes,Yes,Month-to-month,Yes,Bank transfer (automatic)
61,62.15,3778.85,Male,0,Yes,No,No,No phone service,DSL,Yes,No,Yes,Yes,Yes,Yes,Two year,Yes,Mailed check
22,81.7,1820.9,Female,1,No,No,Yes,No,Fiber optic,Yes,Yes,No,No,No,No,Month-to-month,No,Electronic check
4,25.3,116.95,Female,0,No,No,Yes,Yes,No,No internet service,No internet service,No internet service,No internet service,No internet service,No internet service,Two year,Yes,Credit card (automatic)
69,19.1,1268.85,Male,0,No,No,Yes,No,No,No internet service,No internet service,No internet service,No internet service,No internet service,No internet service,Two year,Yes,Mailed check
1,89.15,89.15,Male,0,Yes,Yes,Yes,No,Fiber optic,No,No,No,No,Yes,Yes,Month-to-month,No,Mailed check
13,19.95,243.65,Male,0,No,No,Yes,No,No,No internet service,No internet service,No internet service,No internet service,No internet service,No internet service,Two year,No,Mailed check
1,84.3,84.3,Female,0,No,No,Yes,No,Fiber optic,No,Yes,No,No,Yes,No,Month-to-month,No,Electronic check
14,31.1,419.7,Male,0,No,No,No,No phone service,DSL,No,Yes,No,No,No,No,Month-to-month,Yes,Mailed check
7,80.3,526.7,Female,0,No,No,Yes,No,Fiber optic,No,No,No,No,Yes,No,Month-to-month,Yes,Mailed check
13,75.0,999.45,Female,0,No,No,Yes,Yes,Fiber optic,No,No,No,No,No,No,Month-to-month,Yes,Mailed check
66,63.85,4174.35,Female,1,No,No,Yes,Yes,DSL,Yes,Yes,No,Yes,No,No,One year,Yes,Credit card (automatic)
72,114.45,8100.55,Male,0,Yes,Yes,Yes,Yes,Fiber optic,Yes,Yes,Yes,Yes,Yes,Yes,Two year,No,Bank transfer (automatic)
13,24.5,343.6,Male,0,Yes,Yes,Yes,Yes,No,No internet service,No internet service,No internet service,No internet service,No internet service,No internet service,One year,No,Bank transfer (automatic)
1,19.55,19.55,Male,0,No,No,Yes,No,No,No internet service,No internet service,No internet service,No internet service,No internet service,No internet service,Month-to-month,No,Mailed check
25,48.25,1293.8,Female,0,No,No,No,No phone service,DSL,No,No,Yes,No,Yes,Yes,Month-to-month,Yes,Electronic check
23,96.9,2085.45,Male,0,No,No,Yes,Yes,Fiber optic,No,No,Yes,Yes,Yes,No,Month-to-month,Yes,Credit card (automatic)
32,104.9,3351.55,Male,1,Yes,No,Yes,Yes,Fiber optic,No,No,Yes,Yes,Yes,Yes,Month-to-month,Yes,Electronic check
67,54.2,3838.2,Male,0,Yes,Yes,Yes,No,DSL,Yes,Yes,No,No,No,No,Two year,Yes,Bank transfer (automatic)
5,68.95,351.5,Female,0,Yes,No,Yes,No,Fiber optic,No,No,No,No,No,No,Month-to-month,Yes,Electronic check
17,19.4,358.05,Female,0,No,No,Yes,No,No,No internet service,No internet service,No internet service,No internet service,No internet service,No internet service,Two year,No,Mailed check
31,50.05,1523.4,Male,0,No,No,No,No phone service,DSL,No,No,Yes,No,Yes,Yes,One year,Yes,Electronic check
54,74.55,4191.45,Male,0,Yes,No,Yes,No,DSL,Yes,Yes,No,No,Yes,Yes,Two year,Yes,Bank transfer (automatic)
54,80.6,4299.95,Female,0,No,No,Yes,No,DSL,Yes,No,Yes,Yes,Yes,Yes,Two year,No,Electronic check
52,108.1,5839.3,Female,1,No,No,Yes,Yes,Fiber optic,Yes,Yes,Yes,No,Yes,Yes,Month-to-month,No,Credit card (automatic)
67,106.6,7244.7,Female,0,No,Yes,Yes,Yes,Fiber optic,No,Yes,No,Yes,Yes,Yes,One year,Yes,Bank transfer (automatic)
41,79.9,3326.2,Female,0,Yes,Yes,Yes,Yes,DSL,Yes,Yes,Yes,Yes,No,Yes,Month-to-month,No,Credit card (automatic)
13,20.0,218.55,Male,0,Yes,Yes,Yes,No,No,No internet service,No internet service,No internet service,No internet service,No internet service,No internet service,One year,No,Mailed check
46,20.2,917.45,Male,0,Yes,Yes,Yes,No,No,No internet service,No internet service,No internet service,No internet service,No internet service,No internet service,Two year,Yes,Mailed check
42,33.55,1445.3,Female,0,Yes,No,No,No phone service,DSL,No,Yes,No,Yes,No,No,One year,No,Mailed check
44,20.05,845.25,Male,0,No,No,Yes,No,No,No internet service,No internet service,No internet service,No internet service,No internet service,No internet service,Two year,No,Mailed check
53,19.9,1110.05,Male,0,Yes,No,Yes,No,No,No internet service,No internet service,No internet service,No internet service,No internet service,No internet service,Two year,No,Credit card (automatic)
64,102.45,6654.1,Male,0,Yes,No,Yes,No,Fiber optic,No,Yes,Yes,Yes,Yes,Yes,One year,Yes,Credit card (automatic)
68,96.55,6581.9,Female,1,Yes,No,Yes,Yes,Fiber optic,Yes,Yes,No,No,No,Yes,One year,Yes,Credit card (automatic)
40,80.75,3208.65,Female,0,No,No,Yes,Yes,DSL,No,No,Yes,Yes,Yes,Yes,One year,Yes,Mailed check
32,74.9,2303.35,Male,1,Yes,No,Yes,Yes,Fiber optic,No,No,No,No,No,No,Month-to-month,Yes,Electronic check
34,40.55,1325.85,Male,0,Yes,Yes,No,No phone service,DSL,No,No,No,Yes,Yes,No,Two year,Yes,Electronic check
23,90.15,2044.95,Female,0,Yes,No,Yes,Yes,Fiber optic,No,No,Yes,No,No,Yes,Month-to-month,No,Mailed check
1,50.1,50.1,Female,0,No,No,Yes,Yes,DSL,No,No,No,No,No,No,Month-to-month,Yes,Mailed check
1,73.55,73.55,Male,1,Yes,No,Yes,Yes,Fiber optic,No,No,No,No,No,No,Month-to-month,Yes,Electronic check
12,54.3,654.5,Female,0,No,No,Yes,No,DSL,No,Yes,No,Yes,No,No,Month-to-month,Yes,Electronic check
71,106.75,7283.25,Female,0,No,No,Yes,Yes,Fiber optic,Yes,Yes,Yes,No,Yes,Yes,Two year,Yes,Credit card (automatic)
59,20.35,1267.0,Female,0,Yes,No,Yes,No,No,No internet service,No internet service,No internet service,No internet service,No internet service,No internet service,One year,No,Mailed check
24,102.95,2496.7,Male,1,No,No,Yes,Yes,Fiber optic,No,Yes,Yes,No,Yes,Yes,Month-to-month,Yes,Credit card (automatic)
36,54.1,1992.85,Male,1,Yes,No,Yes,No,DSL,No,No,Yes,Yes,No,No,One year,No,Credit card (automatic)
12,50.95,605.75,Male,0,No,No,No,No phone service,DSL,Yes,Yes,No,Yes,Yes,No,Month-to-month,Yes,Bank transfer (automatic)
47,86.05,3865.6,Male,1,No,No,Yes,Yes,Fiber optic,No,No,No,No,Yes,No,Month-to-month,Yes,Credit card (automatic)
60,93.25,5774.55,Male,1,Yes,Yes,Yes,Yes,Fiber optic,Yes,Yes,No,No,No,Yes,Month-to-month,Yes,Electronic check
1,50.45,50.45,Male,0,No,No,Yes,Yes,DSL,No,No,No,No,No,No,Month-to-month,Yes,Electronic check
72,65.5,4919.7,Female,0,Yes,No,No,No phone service,DSL,Yes,Yes,Yes,Yes,Yes,Yes,Two year,No,Bank transfer (automatic)
8,84.9,764.95,Female,0,Yes,No,Yes,Yes,Fiber optic,No,No,No,No,No,Yes,Month-to-month,Yes,Electronic check
67,104.6,6885.75,Male,0,Yes,Yes,Yes,Yes,Fiber optic,Yes,No,No,Yes,Yes,Yes,Two year,No,Bank transfer (automatic)
55,94.45,5073.1,Female,0,Yes,No,Yes,Yes,Fiber optic,No,Yes,Yes,No,Yes,No,Month-to-month,Yes,Credit card (automatic)
17,88.25,1460.65,Female,0,Yes,Yes,Yes,Yes,Fiber optic,No,No,Yes,No,Yes,No,Month-to-month,No,Electronic check
50,109.65,5551.15,Female,0,No,No,Yes,Yes,Fiber optic,Yes,Yes,No,Yes,Yes,Yes,Two year,Yes,Electronic check
50,108.55,5610.7,Female,0,Yes,No,Yes,Yes,Fiber optic,Yes,Yes,No,Yes,Yes,Yes,One year,No,Electronic check
3,58.7,168.6,Female,0,Yes,Yes,Yes,No,DSL,No,Yes,No,No,Yes,No,Month-to-month,Yes,Credit card (automatic)
72,25.45,1866.45,Female,0,No,No,Yes,Yes,No,No internet service,No internet service,No internet service,No internet service,No internet service,No internet service,Two year,No,Credit card (automatic)
14,78.85,1043.8,Female,1,No,No,Yes,No,Fiber optic,Yes,Yes,No,No,No,No,Month-to-month,No,Electronic check
11,82.9,880.05,Female,1,Yes,No,Yes,No,Fiber optic,No,No,No,Yes,Yes,No,Month-to-month,Yes,Electronic check
6,80.5,502.85,Female,0,Yes,Yes,Yes,Yes,Fiber optic,No,No,No,Yes,No,No,Month-to-month,Yes,Electronic check
71,100.55,7113.75,Male,0,Yes,Yes,Yes,Yes,Fiber optic,No,Yes,No,No,Yes,Yes,One year,No,Bank transfer (automatic)
60,94.1,5475.9,Female,0,Yes,No,Yes,Yes,Fiber optic,Yes,Yes,No,No,No,Yes,Month-to-month,Yes,Credit card (automatic)
39,104.7,4134.85,Female,0,Yes,No,Yes,No,Fiber optic,Yes,No,Yes,Yes,Yes,Yes,One year,Yes,Credit card (automatic)
11,45.2,492.0,Male,0,No,No,Yes,No,DSL,No,No,No,No,No,No,Month-to-month,No,Credit card (automatic)
23,73.65,1642.75,Female,0,Yes,No,Yes,Yes,DSL,No,No,No,Yes,Yes,Yes,Month-to-month,Yes,Credit card (automatic)
9,85.05,746.5,Male,1,No,No,Yes,Yes,Fiber optic,No,No,No,No,No,Yes,Month-to-month,Yes,Electronic check
53,95.95,5036.9,Male,0,No,Yes,Yes,No,Fiber optic,Yes,Yes,Yes,No,No,Yes,One year,No,Electronic check
66,90.95,5930.05,Female,0,No,Yes,Yes,Yes,Fiber optic,Yes,No,Yes,Yes,No,No,Two year,Yes,Credit card (automatic)
1,69.85,69.85,Male,0,No,No,Yes,No,Fiber optic,No,No,No,No,No,No,Month-to-month,Yes,Electronic check
56,24.95,1468.9,Female,0,Yes,Yes,Yes,Yes,No,No internet service,No internet service,No internet service,No internet service,No internet service,No internet service,Two year,Yes,Credit card (automatic)
22,75.8,1615.1,Female,0,Yes,Yes,Yes,Yes,Fiber optic,No,No,No,No,No,No,Month-to-month,Yes,Bank transfer (automatic)
35,49.2,1701.65,Male,0,No,No,No,No phone service,DSL,No,No,Yes,No,Yes,Yes,Month-to-month,No,Electronic check
59,99.5,5890.0,Female,1,No,No,Yes,Yes,Fiber optic,No,No,Yes,No,Yes,Yes,One year,Yes,Electronic check
26,50.35,1277.5,Female,0,No,No,No,No phone service,DSL,No,No,Yes,No,Yes,Yes,Month-to-month,Yes,Credit card (automatic)
54,110.35,5893.15,Female,0,Yes,No,Yes,Yes,Fiber optic,No,Yes,Yes,Yes,Yes,Yes,One year,No,Electronic check
72,98.2,7015.9,Female,0,Yes,No,Yes,Yes,Fiber optic,Yes,No,Yes,Yes,Yes,No,Two year,Yes,Bank transfer (automatic)
26,54.55,1362.85,Male,0,No,No,No,No phone service,DSL,Yes,No,No,Yes,Yes,Yes,One year,No,Credit card (automatic)
22,84.3,1855.65,Female,0,No,No,Yes,No,Fiber optic,No,Yes,No,No,No,Yes,Month-to-month,Yes,Mailed check
61,59.8,3641.5,Female,0,Yes,Yes,Yes,Yes,DSL,Yes,Yes,No,No,No,No,Month-to-month,No,Electronic check
2,74.75,144.8,Male,0,No,No,Yes,No,Fiber optic,No,Yes,No,No,No,No,Month-to-month,Yes,Electronic check
10,84.7,832.05,Female,0,No,No,Yes,No,Fiber optic,Yes,No,No,No,Yes,No,Month-to-month,Yes,Mailed check
67,50.9,3281.65,Male,0,Yes,Yes,No,No phone service,DSL,Yes,No,No,No,Yes,Yes,Two year,No,Credit card (automatic)
35,20.2,684.4,Male,0,No,No,Yes,No,No,No internet service,No internet service,No internet service,No internet service,No internet service,No internet service,Two year,Yes,Mailed check
1,85.7,85.7,Female,1,No,No,Yes,Yes,Fiber optic,No,No,No,No,Yes,No,Month-to-month,Yes,Electronic check
29,76.0,2215.25,Female,0,No,No,Yes,Yes,Fiber optic,No,No,No,No,No,No,Month-to-month,Yes,Credit card (automatic)
30,19.3,602.9,Female,0,Yes,Yes,Yes,No,No,No internet service,No internet service,No internet service,No internet service,No internet service,No internet service,Two year,No,Mailed check
17,20.5,365.8,Male,0,No,No,Yes,No,No,No internet service,No internet service,No internet service,No internet service,No internet service,No internet service,One year,Yes,Mailed check
5,24.3,132.25,Female,0,Yes,Yes,Yes,Yes,No,No internet service,No internet service,No internet service,No internet service,No internet service,No internet service,Month-to-month,Yes,Mailed check
33,93.8,3124.5,Female,0,Yes,Yes,Yes,No,Fiber optic,No,No,Yes,No,Yes,Yes,One year,Yes,Electronic check
65,24.75,1715.1,Male,0,Yes,Yes,Yes,Yes,No,No internet service,No internet service,No internet service,No internet service,No internet service,No internet service,Two year,No,Credit card (automatic)
26,89.15,2277.65,Female,1,No,No,Yes,Yes,Fiber optic,No,Yes,No,No,Yes,No,Month-to-month,Yes,Electronic check
42,45.1,2049.05,Male,0,Yes,Yes,No,No phone service,DSL,No,Yes,Yes,No,No,Yes,One year,Yes,Credit card (automatic)
9,19.85,178.8,Male,0,No,No,Yes,No,No,No internet service,No internet service,No internet service,No internet service,No internet service,No internet service,Month-to-month,No,Mailed check
3,50.65,151.3,Female,0,No,No,Yes,Yes,DSL,No,No,No,No,No,No,Month-to-month,Yes,Mailed check
3,20.0,49.65,Male,0,Yes,No,Yes,No,No,No internet service,No internet service,No internet service,No internet service,No internet service,No internet service,Month-to-month,No,Bank transfer (automatic)
69,35.75,2492.25,Male,0,No,No,No,No phone service,DSL,No,Yes,Yes,No,No,No,One year,Yes,Bank transfer (automatic)
65,19.35,1319.95,Female,0,Yes,No,Yes,No,No,No internet service,No internet service,No internet service,No internet service,No internet service,No internet service,Two year,No,Bank transfer (automatic)
5,63.95,318.1,Male,0,No,No,Yes,No,DSL,No,No,Yes,Yes,Yes,No,Month-to-month,Yes,Credit card (automatic)
68,24.15,1498.85,Male,0,No,No,Yes,Yes,No,No internet service,No internet service,No internet service,No internet service,No internet service,No internet service,Two year,Yes,Bank transfer (automatic)
1,74.35,74.35,Female,0,No,No,Yes,No,Fiber optic,No,Yes,No,No,No,No,Month-to-month,No,Electronic check
72,116.85,8477.7,Female,0,Yes,Yes,Yes,Yes,Fiber optic,Yes,Yes,Yes,Yes,Yes,Yes,Two year,Yes,Bank transfer (automatic)
29,98.8,2807.1,Male,0,No,No,Yes,No,Fiber optic,No,No,Yes,Yes,Yes,Yes,Month-to-month,Yes,Credit card (automatic)
41,19.3,772.4,Female,0,Yes,Yes,Yes,No,No,No internet service,No internet service,No internet service,No internet service,No internet service,No internet service,Two year,No,Bank transfer (automatic)
3,19.8,58.15,Male,0,No,No,Yes,No,No,No internet service,No internet service,No internet service,No internet service,No internet service,No internet service,Month-to-month,Yes,Mailed check
35,89.85,3161.2,Male,0,Yes,No,Yes,Yes,Fiber optic,No,No,No,Yes,No,Yes,Month-to-month,Yes,Bank transfer (automatic)
43,77.85,3365.85,Male,0,No,No,Yes,Yes,Fiber optic,No,Yes,No,No,No,No,Month-to-month,Yes,Electronic check
40,70.75,2921.75,Male,0,Yes,No,Yes,Yes,DSL,No,Yes,No,Yes,Yes,No,One year,No,Credit card (automatic)
49,88.2,4159.45,Male,1,Yes,No,Yes,Yes,Fiber optic,Yes,Yes,Yes,No,No,No,Month-to-month,Yes,Electronic check
21,80.9,1714.95,Female,0,Yes,No,Yes,No,DSL,Yes,No,Yes,Yes,Yes,Yes,One year,No,Mailed check
12,19.45,246.25,Female,0,No,No,Yes,No,No,No internet service,No internet service,No internet service,No internet service,No internet service,No internet service,Month-to-month,No,Mailed check
51,75.2,3901.25,Male,0,Yes,No,Yes,Yes,DSL,No,No,No,Yes,Yes,Yes,Two year,Yes,Bank transfer (automatic)
2,44.9,111.05,Male,0,No,No,Yes,No,DSL,No,No,No,No,No,No,Month-to-month,No,Bank transfer (automatic)
32,69.75,2347.9,Male,0,Yes,Yes,Yes,No,Fiber optic,No,No,No,No,No,No,Month-to-month,Yes,Bank transfer (automatic)
49,90.05,4547.25,Male,1,Yes,No,Yes,Yes,Fiber optic,No,Yes,No,No,No,Yes,Month-to-month,No,Credit card (automatic)
67,54.9,3725.5,Female,1,No,No,Yes,Yes,DSL,No,Yes,No,No,No,No,Month-to-month,No,Electronic check
14,19.5,272.0,Female,0,Yes,Yes,Yes,No,No,No internet service,No internet service,No internet service,No internet service,No internet service,No internet service,One year,Yes,Mailed check
3,20.2,65.95,Female,0,No,No,Yes,No,No,No internet service,No internet service,No internet service,No internet service,No internet service,No internet service,Month-to-month,No,Electronic check
66,102.4,6471.85,Female,1,No,No,Yes,Yes,Fiber optic,Yes,No,No,No,Yes,Yes,Two year,Yes,Bank transfer (automatic)
1,20.4,20.4,Male,0,No,No,Yes,No,No,No internet service,No internet service,No internet service,No internet service,No internet service,No internet service,Month-to-month,No,Mailed check
55,98.8,5617.75,Male,1,No,No,Yes,Yes,Fiber optic,Yes,No,No,No,Yes,Yes,Month-to-month,Yes,Electronic check
66,103.15,7031.3,Male,0,Yes,Yes,Yes,No,Fiber optic,Yes,Yes,Yes,No,Yes,Yes,One year,Yes,Bank transfer (automatic)
14,89.95,1178.4,Male,0,No,No,Yes,Yes,Fiber optic,No,No,No,Yes,Yes,No,Month-to-month,Yes,Electronic check
72,97.85,6841.3,Female,0,Yes,No,Yes,Yes,Fiber optic,No,No,Yes,No,Yes,Yes,Two year,Yes,Electronic check
14,78.1,1122.4,Female,0,Yes,No,Yes,No,Fiber optic,No,No,No,No,No,Yes,Month-to-month,Yes,Electronic check
58,19.85,1158.85,Female,0,Yes,Yes,Yes,No,No,No internet service,No internet service,No internet service,No internet service,No internet service,No internet service,Two year,Yes,Mailed check
1,79.35,79.35,Female,0,No,Yes,Yes,No,Fiber optic,No,No,No,No,Yes,No,Month-to-month,Yes,Electronic check
9,74.55,622.9,Female,1,No,No,Yes,Yes,Fiber optic,No,No,No,No,No,No,Month-to-month,Yes,Electronic check
34,103.8,3470.8,Male,0,No,Yes,Yes,Yes,Fiber optic,Yes,Yes,No,No,Yes,Yes,One year,Yes,Electronic check
56,52.7,3019.7,Male,0,No,No,Yes,No,DSL,Yes,No,Yes,No,No,No,One year,No,Mailed check
69,59.75,4069.9,Male,0,Yes,Yes,Yes,No,DSL,Yes,Yes,Yes,No,No,No,Two year,Yes,Bank transfer (automatic)
5,19.25,86.05,Male,0,No,No,Yes,No,No,No internet service,No internet service,No internet service,No internet service,No internet service,No internet service,Month-to-month,Yes,Mailed check
71,23.9,1626.4,Male,0,Yes,Yes,Yes,Yes,No,No internet service,No internet service,No internet service,No internet service,No internet service,No internet service,Two year,No,Credit card (automatic)
47,58.9,2813.05,Female,0,No,No,Yes,No,DSL,Yes,Yes,No,Yes,No,No,One year,Yes,Mailed check
65,25.75,1654.75,Male,0,No,No,Yes,Yes,No,No internet service,No internet service,No internet service,No internet service,No internet service,No internet service,Two year,No,Mailed check
71,24.65,1766.75,Male,1,No,No,Yes,Yes,No,No internet service,No internet service,No internet service,No internet service,No internet service,No internet service,Two year,Yes,Mailed check
57,86.9,4939.25,Male,0,No,No,Yes,Yes,Fiber optic,No,No,No,No,Yes,No,One year,Yes,Electronic check
72,117.35,8436.25,Female,1,No,No,Yes,Yes,Fiber optic,Yes,Yes,Yes,Yes,Yes,Yes,Two year,Yes,Credit card (automatic)
2,51.4,96.8,Female,0,No,No,No,No phone service,DSL,No,Yes,No,No,Yes,Yes,Month-to-month,No,Electronic check
27,19.4,460.25,Male,0,No,No,Yes,No,No,No internet service,No internet service,No internet service,No internet service,No internet service,No internet service,Month-to-month,Yes,Credit card (automatic)
66,99.5,6710.5,Male,0,No,No,Yes,No,Fiber optic,No,Yes,Yes,No,Yes,Yes,Month-to-month,No,Electronic check
45,84.35,3858.05,Male,0,Yes,Yes,Yes,No,DSL,Yes,Yes,Yes,Yes,Yes,Yes,Two year,Yes,Mailed check
43,56.15,2499.3,Female,0,Yes,Yes,Yes,No,DSL,No,No,No,No,Yes,No,Month-to-month,No,Electronic check
49,59.75,2934.3,Female,0,No,No,Yes,Yes,DSL,Yes,Yes,No,No,No,No,Month-to-month,Yes,Credit card (automatic)
47,75.45,3545.1,Female,0,No,No,Yes,No,Fiber optic,Yes,No,No,No,No,No,Month-to-month,No,Credit card (automatic)
12,19.7,258.35,Male,0,Yes,Yes,Yes,No,No,No internet service,No internet service,No internet service,No internet service,No internet service,No internet service,Two year,No,Mailed check
26,100.5,2599.95,Female,0,No,No,Yes,Yes,Fiber optic,No,No,Yes,No,Yes,Yes,Month-to-month,Yes,Bank transfer (automatic)
1,74.7,74.7,Male,1,No,No,Yes,No,Fiber optic,No,No,No,Yes,No,No,Month-to-month,No,Electronic check
5,89.8,502.6,Male,1,No,No,Yes,Yes,Fiber optic,No,Yes,No,No,No,Yes,Month-to-month,Yes,Electronic check
71,25.45,1789.65,Male,1,Yes,No,Yes,Yes,No,No internet service,No internet service,No internet service,No internet service,No internet service,No internet service,Two year,No,Credit card (automatic)
45,105.15,4730.9,Female,0,Yes,Yes,Yes,Yes,Fiber optic,Yes,Yes,No,No,Yes,Yes,Month-to-month,Yes,Electronic check
5,20.35,92.75,Male,0,No,No,Yes,No,No,No internet service,No internet service,No internet service,No internet service,No internet service,No internet service,Month-to-month,No,Mailed check
42,94.2,4186.3,Female,0,Yes,Yes,Yes,Yes,Fiber optic,No,No,No,No,Yes,Yes,Month-to-month,Yes,Electronic check
8,19.55,161.15,Male,0,Yes,No,Yes,No,No,No internet service,No internet service,No internet service,No internet service,No internet service,No internet service,Month-to-month,Yes,Bank transfer (automatic)
60,115.25,6758.45,Female,0,Yes,Yes,Yes,Yes,Fiber optic,Yes,Yes,Yes,Yes,Yes,Yes,Two year,No,Credit card (automatic)
1,35.9,35.9,Male,0,No,No,No,No phone service,DSL,No,No,No,No,No,Yes,Month-to-month,No,Electronic check
64,92.85,5980.75,Female,0,Yes,Yes,Yes,Yes,Fiber optic,No,Yes,Yes,No,No,Yes,One year,Yes,Electronic check
9,80.55,653.9,Female,0,No,No,Yes,No,Fiber optic,No,Yes,Yes,No,No,No,Month-to-month,No,Electronic check
41,88.5,3645.05,Female,0,No,Yes,Yes,Yes,Fiber optic,No,Yes,No,No,Yes,No,Month-to-month,Yes,Bank transfer (automatic)
1,42.9,42.9,Male,0,No,No,Yes,No,DSL,No,No,No,No,No,No,Month-to-month,Yes,Electronic check
12,73.3,828.05,Male,1,No,No,Yes,Yes,Fiber optic,No,No,No,No,No,No,Month-to-month,Yes,Credit card (automatic)
11,80.5,896.9,Male,0,Yes,No,Yes,Yes,Fiber optic,No,Yes,No,No,No,No,Month-to-month,Yes,Bank transfer (automatic)
12,112.95,1384.75,Male,0,No,No,Yes,Yes,Fiber optic,No,Yes,Yes,Yes,Yes,Yes,Month-to-month,Yes,Mailed check
12,35.5,432.25,Male,0,Yes,Yes,No,No phone service,DSL,No,Yes,No,Yes,No,No,Month-to-month,No,Mailed check
64,81.25,5567.55,Male,0,No,No,Yes,Yes,DSL,Yes,Yes,Yes,Yes,Yes,No,One year,No,Electronic check
71,80.45,5662.25,Female,0,Yes,No,Yes,Yes,DSL,No,No,Yes,Yes,Yes,Yes,Two year,Yes,Bank transfer (automatic)
24,69.45,1614.05,Female,0,Yes,No,Yes,No,DSL,No,Yes,No,No,Yes,Yes,Month-to-month,Yes,Bank transfer (automatic)
55,55.25,3119.9,Male,0,Yes,Yes,Yes,No,DSL,No,No,Yes,Yes,No,No,Two year,Yes,Credit card (automatic)
1,70.1,70.1,Female,0,No,No,Yes,No,Fiber optic,No,No,No,No,No,No,Month-to-month,No,Electronic check
67,35.7,2545.7,Female,0,Yes,Yes,No,No phone service,DSL,Yes,No,No,Yes,No,No,Two year,No,Credit card (automatic)
15,96.3,1426.75,Female,1,No,No,Yes,No,Fiber optic,Yes,No,Yes,Yes,No,Yes,Month-to-month,Yes,Mailed check
69,20.15,1337.5,Female,0,Yes,Yes,Yes,No,No,No internet service,No internet service,No internet service,No internet service,No internet service,No internet service,Two year,No,Bank transfer (automatic)
15,101.35,1553.95,Male,0,No,No,Yes,No,Fiber optic,No,No,Yes,Yes,Yes,Yes,Month-to-month,Yes,Electronic check
72,25.85,1872.2,Male,0,Yes,No,Yes,Yes,No,No internet service,No internet service,No internet service,No internet service,No internet service,No internet service,Two year,No,Credit card (automatic)
44,88.4,3912.9,Male,1,Yes,No,Yes,Yes,Fiber optic,No,Yes,No,No,No,Yes,One year,No,Mailed check
2,79.75,159.4,Female,1,No,No,Yes,No,Fiber optic,No,No,No,No,No,Yes,Month-to-month,Yes,Bank transfer (automatic)
60,50.8,3027.4,Female,0,No,No,No,No phone service,DSL,No,Yes,No,No,Yes,Yes,Month-to-month,Yes,Electronic check
1,45.6,45.6,Male,0,No,No,Yes,No,DSL,No,No,No,No,No,No,Month-to-month,Yes,Electronic check
3,53.4,188.7,Male,0,No,No,Yes,No,DSL,No,No,No,No,Yes,No,Month-to-month,No,Credit card (automatic)
46,99.8,4391.25,Female,0,No,Yes,Yes,No,Fiber optic,No,Yes,Yes,No,Yes,Yes,Month-to-month,Yes,Electronic check
36,53.1,1901.25,Female,0,No,No,No,No phone service,DSL,Yes,Yes,Yes,Yes,No,Yes,Two year,Yes,Mailed check
18,74.7,1294.6,Female,1,No,No,Yes,No,Fiber optic,No,Yes,No,No,No,No,Month-to-month,Yes,Electronic check
70,108.15,7930.55,Female,0,Yes,Yes,Yes,Yes,Fiber optic,Yes,Yes,Yes,No,Yes,Yes,One year,Yes,Credit card (automatic)
66,66.9,4370.25,Female,0,Yes,No,Yes,Yes,DSL,Yes,Yes,Yes,No,No,No,Two year,No,Bank transfer (automatic)
49,103.7,5036.3,Male,0,No,No,Yes,Yes,Fiber optic,No,Yes,Yes,No,Yes,Yes,Month-to-month,Yes,Bank transfer (automatic)
11,55.05,608.15,Male,0,Yes,No,Yes,No,DSL,No,No,No,No,Yes,No,Month-to-month,Yes,Bank transfer (automatic)
72,105.75,7629.85,Female,1,Yes,No,Yes,Yes,Fiber optic,No,Yes,Yes,No,Yes,Yes,One year,Yes,Credit card (automatic)
38,78.95,2862.55,Male,0,Yes,Yes,Yes,Yes,DSL,No,Yes,Yes,No,Yes,Yes,One year,No,Credit card (automatic)
12,50.25,593.75,Male,0,No,No,Yes,No,DSL,No,No,No,Yes,No,No,Month-to-month,No,Bank transfer (automatic)
14,19.75,309.35,Male,0,Yes,Yes,Yes,No,No,No internet service,No internet service,No internet service,No internet service,No internet service,No internet service,One year,No,Mailed check
64,47.85,3147.5,Female,0,Yes,No,No,No phone service,DSL,Yes,No,Yes,Yes,No,Yes,Two year,No,Electronic check
1,19.2,19.2,Male,0,No,Yes,Yes,No,No,No internet service,No internet service,No internet service,No internet service,No internet service,No internet service,Month-to-month,Yes,Mailed check
1,20.55,20.55,Female,0,Yes,Yes,Yes,No,No,No internet service,No internet service,No internet service,No internet service,No internet service,No internet service,Month-to-month,No,Mailed check
22,20.3,475.1,Male,0,No,No,Yes,No,No,No internet service,No internet service,No internet service,No internet service,No internet service,No internet service,One year,No,Mailed check
2,20.25,36.8,Male,0,No,No,Yes,No,No,No internet service,No internet service,No internet service,No internet service,No internet service,No internet service,Month-to-month,No,Mailed check
72,19.3,1414.8,Male,0,No,No,Yes,No,No,No internet service,No internet service,No internet service,No internet service,No internet service,No internet service,Two year,No,Bank transfer (automatic)
1,34.7,34.7,Female,0,No,No,No,No phone service,DSL,No,No,No,No,Yes,No,Month-to-month,Yes,Electronic check
63,84.65,5377.8,Male,0,Yes,No,Yes,Yes,Fiber optic,Yes,No,No,Yes,No,No,Two year,Yes,Credit card (automatic)
72,113.8,7845.8,Male,1,No,No,Yes,Yes,Fiber optic,Yes,Yes,Yes,Yes,Yes,Yes,Two year,No,Bank transfer (automatic)
47,94.9,4615.25,Female,0,No,No,Yes,Yes,Fiber optic,Yes,No,Yes,No,Yes,No,One year,No,Credit card (automatic)
22,24.85,493.4,Male,0,No,No,Yes,Yes,No,No internet service,No internet service,No internet service,No internet service,No internet service,No internet service,Month-to-month,Yes,Credit card (automatic)
1,70.25,70.25,Female,0,No,No,Yes,No,Fiber optic,No,No,No,No,No,No,Month-to-month,Yes,Electronic check
1,24.7,24.7,Female,0,No,Yes,No,No phone service,DSL,No,No,No,No,No,No,Month-to-month,No,Mailed check
2,45.85,81.0,Male,0,No,No,Yes,No,DSL,No,No,No,No,No,No,Month-to-month,No,Mailed check
23,68.75,1689.45,Female,0,Yes,No,Yes,No,DSL,Yes,No,Yes,Yes,No,Yes,One year,Yes,Bank transfer (automatic)
20,81.0,1683.7,Female,0,Yes,No,Yes,No,Fiber optic,No,No,Yes,Yes,No,No,Month-to-month,Yes,Mailed check
67,69.2,4671.65,Male,0,Yes,No,Yes,No,DSL,Yes,Yes,No,Yes,No,Yes,Two year,Yes,Credit card (automatic)
32,87.65,2766.4,Male,0,No,No,Yes,Yes,Fiber optic,Yes,No,No,Yes,No,No,Month-to-month,No,Bank transfer (automatic)
72,26.45,1914.5,Female,0,Yes,No,Yes,Yes,No,No internet service,No internet service,No internet service,No internet service,No internet service,No internet service,Two year,No,Credit card (automatic)
72,83.7,6096.9,Female,0,Yes,Yes,Yes,No,DSL,Yes,Yes,Yes,Yes,Yes,Yes,Two year,Yes,Bank transfer (automatic)
24,19.7,494.05,Female,0,Yes,Yes,Yes,No,No,No internet service,No internet service,No internet service,No internet service,No internet service,No internet service,Two year,Yes,Mailed check
5,51.0,305.95,Male,0,No,No,No,No phone service,DSL,No,Yes,No,No,Yes,Yes,Month-to-month,Yes,Mailed check
68,95.1,6683.4,Male,0,Yes,Yes,Yes,No,Fiber optic,Yes,Yes,No,Yes,No,Yes,Two year,No,Bank transfer (automatic)
13,19.95,253.8,Male,0,No,No,Yes,No,No,No internet service,No internet service,No internet service,No internet service,No internet service,No internet service,One year,Yes,Electronic check
20,19.5,413.0,Female,0,No,No,Yes,No,No,No internet service,No internet service,No internet service,No internet service,No internet service,No internet service,Month-to-month,Yes,Bank transfer (automatic)
71,25.95,1801.9,Female,0,Yes,No,Yes,Yes,No,No internet service,No internet service,No internet service,No internet service,No internet service,No internet service,Two year,Yes,Credit card (automatic)
2,49.25,97.0,Male,0,No,No,Yes,No,DSL,No,Yes,No,No,No,No,Month-to-month,No,Mailed check
65,93.55,6069.25,Male,0,No,No,Yes,Yes,Fiber optic,Yes,No,No,Yes,No,Yes,One year,No,Electronic check
1,69.55,69.55,Female,0,No,No,Yes,No,Fiber optic,No,No,No,No,No,No,Month-to-month,No,Mailed check
16,100.0,1534.75,Female,0,Yes,No,Yes,Yes,Fiber optic,No,Yes,No,No,Yes,Yes,Month-to-month,Yes,Electronic check
35,61.2,2021.2,Male,0,No,No,Yes,No,DSL,Yes,Yes,Yes,No,No,No,One year,No,Mailed check
9,19.85,183.15,Male,1,Yes,No,Yes,No,No,No internet service,No internet service,No internet service,No internet service,No internet service,No internet service,One year,No,Credit card (automatic)
4,51.75,201.1,Male,0,No,No,Yes,Yes,DSL,No,No,No,No,No,No,Month-to-month,No,Credit card (automatic)
16,88.45,1422.1,Female,0,No,No,Yes,Yes,Fiber optic,No,No,Yes,No,No,Yes,Month-to-month,Yes,Electronic check
7,93.85,635.6,Male,0,No,No,Yes,Yes,Fiber optic,No,No,No,No,Yes,Yes,Month-to-month,Yes,Electronic check
24,20.4,482.8,Female,0,Yes,No,Yes,No,No,No internet service,No internet service,No internet service,No internet service,No internet service,No internet service,One year,No,Credit card (automatic)
63,108.75,6871.7,Female,0,Yes,No,Yes,Yes,Fiber optic,No,Yes,Yes,Yes,Yes,Yes,Month-to-month,Yes,Electronic check
21,41.9,840.1,Female,1,No,No,No,No phone service,DSL,Yes,No,No,No,Yes,No,Month-to-month,Yes,Electronic check
35,62.1,2096.1,Female,0,No,No,Yes,No,DSL,No,No,Yes,No,No,Yes,Month-to-month,Yes,Electronic check
27,76.1,2093.4,Female,0,Yes,No,Yes,No,Fiber optic,No,Yes,No,No,No,No,Month-to-month,Yes,Electronic check
1,71.35,71.35,Female,0,No,No,Yes,No,Fiber optic,No,No,No,No,No,No,Month-to-month,No,Electronic check
3,83.9,267.4,Female,1,Yes,No,Yes,No,Fiber optic,No,No,No,Yes,Yes,No,Month-to-month,Yes,Mailed check
67,105.65,6717.9,Female,0,Yes,Yes,Yes,Yes,Fiber optic,No,No,Yes,Yes,Yes,Yes,Two year,Yes,Bank transfer (automatic)
71,90.35,6325.25,Male,0,Yes,Yes,Yes,Yes,DSL,Yes,Yes,Yes,Yes,Yes,Yes,Two year,No,Electronic check
52,79.2,4016.3,Male,0,Yes,Yes,Yes,No,DSL,Yes,Yes,Yes,No,Yes,Yes,Two year,No,Electronic check
56,80.3,4513.65,Female,0,Yes,No,Yes,No,Fiber optic,Yes,No,Yes,No,No,No,Two year,No,Bank transfer (automatic)
69,110.5,7455.45,Female,0,No,No,Yes,Yes,Fiber optic,No,Yes,Yes,Yes,Yes,Yes,Two year,Yes,Bank transfer (automatic)
60,99.65,5941.05,Female,0,No,No,Yes,No,Fiber optic,No,Yes,Yes,No,Yes,Yes,Two year,Yes,Electronic check
1,25.1,25.1,Female,0,No,No,No,No phone service,DSL,No,No,No,No,No,No,Month-to-month,Yes,Mailed check
37,19.85,784.25,Female,0,No,No,Yes,No,No,No internet service,No internet service,No internet service,No internet service,No internet service,No internet service,Two year,No,Mailed check
16,85.05,1391.15,Male,1,Yes,No,Yes,Yes,Fiber optic,No,No,No,No,Yes,No,Month-to-month,Yes,Credit card (automatic)
18,20.35,369.6,Female,1,No,No,Yes,No,No,No internet service,No internet service,No internet service,No internet service,No internet service,No internet service,One year,No,Bank transfer (automatic)
3,89.85,248.4,Male,0,Yes,Yes,Yes,No,Fiber optic,Yes,Yes,No,No,Yes,No,Month-to-month,No,Electronic check
7,44.65,322.5,Male,0,No,No,Yes,No,DSL,No,No,No,No,No,No,Month-to-month,Yes,Bank transfer (automatic)
68,83.0,5685.8,Female,0,Yes,Yes,Yes,Yes,Fiber optic,No,No,No,No,Yes,No,One year,Yes,Electronic check
6,45.5,285.2,Female,0,Yes,Yes,Yes,No,DSL,No,No,No,No,No,No,Month-to-month,No,Mailed check
45,20.85,892.15,Female,0,Yes,Yes,Yes,No,No,No internet service,No internet service,No internet service,No internet service,No internet service,No internet service,Two year,No,Mailed check
60,19.65,1161.75,Male,0,Yes,Yes,Yes,No,No,No internet service,No internet service,No internet service,No internet service,No internet service,No internet service,Two year,No,Credit card (automatic)
20,84.35,1745.2,Male,1,No,No,Yes,Yes,Fiber optic,No,No,No,No,Yes,No,Month-to-month,Yes,Electronic check
70,114.95,7711.25,Male,0,No,No,Yes,Yes,Fiber optic,Yes,Yes,Yes,Yes,Yes,Yes,Two year,Yes,Bank transfer (automatic)
2,55.1,113.35,Male,0,No,No,Yes,No,DSL,Yes,No,Yes,No,No,No,Month-to-month,Yes,Mailed check
42,105.2,4599.15,Female,1,Yes,No,Yes,Yes,Fiber optic,Yes,No,Yes,No,Yes,Yes,One year,Yes,Bank transfer (automatic)
1,79.65,79.65,Female,0,No,No,Yes,No,Fiber optic,No,No,No,No,Yes,No,Month-to-month,Yes,Electronic check
54,84.4,4484.05,Male,0,No,No,Yes,No,Fiber optic,Yes,No,Yes,Yes,No,No,One year,No,Electronic check
41,94.3,3893.6,Female,0,Yes,Yes,Yes,Yes,Fiber optic,Yes,Yes,No,No,Yes,No,Month-to-month,Yes,Bank transfer (automatic)
72,21.0,1493.75,Male,0,Yes,Yes,Yes,No,No,No internet service,No internet service,No internet service,No internet service,No internet service,No internet service,Two year,No,Bank transfer (automatic)
64,99.25,6549.45,Male,0,No,No,Yes,Yes,Fiber optic,Yes,No,Yes,Yes,No,Yes,Two year,No,Credit card (automatic)
72,105.25,7609.75,Male,0,Yes,Yes,Yes,Yes,Fiber optic,Yes,No,Yes,No,Yes,Yes,Two year,No,Bank transfer (automatic)
6,50.95,307.6,Female,0,No,No,No,No phone service,DSL,Yes,Yes,No,Yes,No,Yes,Month-to-month,No,Credit card (automatic)
13,53.45,718.1,Female,0,No,Yes,Yes,No,DSL,No,No,Yes,Yes,No,No,Month-to-month,No,Mailed check
23,54.4,1249.25,Female,0,No,No,Yes,Yes,DSL,Yes,No,No,No,No,No,Month-to-month,No,Electronic check
1,79.1,79.1,Male,1,No,No,Yes,No,Fiber optic,No,No,No,No,Yes,No,Month-to-month,Yes,Electronic check
30,95.0,2852.4,Male,0,No,No,Yes,Yes,Fiber optic,Yes,Yes,Yes,Yes,No,No,Month-to-month,Yes,Credit card (automatic)
72,112.1,7965.95,Female,0,Yes,No,Yes,Yes,Fiber optic,Yes,Yes,Yes,Yes,Yes,Yes,Two year,No,Credit card (automatic)
20,78.8,1641.3,Male,0,No,No,Yes,No,Fiber optic,No,No,No,No,Yes,No,Month-to-month,No,Electronic check
4,54.3,195.3,Male,0,No,No,Yes,No,DSL,No,No,No,No,No,Yes,Month-to-month,No,Electronic check
4,88.95,355.2,Female,0,No,No,Yes,Yes,Fiber optic,No,Yes,No,No,No,Yes,Month-to-month,Yes,Electronic check
9,19.7,180.7,Male,0,No,No,Yes,No,No,No internet service,No internet service,No internet service,No internet service,No internet service,No internet service,Month-to-month,No,Credit card (automatic)
17,55.85,937.5,Female,0,No,Yes,Yes,Yes,DSL,No,No,Yes,No,No,No,One year,Yes,Mailed check
42,54.75,2348.45,Female,0,No,No,No,No phone service,DSL,Yes,Yes,Yes,Yes,No,Yes,One year,Yes,Electronic check
2,20.05,33.7,Male,0,No,No,Yes,No,No,No internet service,No internet service,No internet service,No internet service,No internet service,No internet service,Month-to-month,No,Mailed check
19,66.4,1286.05,Male,1,Yes,No,Yes,No,DSL,Yes,No,Yes,No,Yes,No,Month-to-month,No,Bank transfer (automatic)
65,89.75,5769.6,Male,0,Yes,No,Yes,Yes,Fiber optic,Yes,Yes,Yes,No,No,No,One year,No,Electronic check
3,40.3,92.5,Female,0,Yes,Yes,No,No phone service,DSL,No,Yes,No,No,No,Yes,Month-to-month,No,Mailed check
14,92.9,1337.45,Male,0,No,No,Yes,No,Fiber optic,No,No,No,No,Yes,Yes,Month-to-month,Yes,Electronic check
15,19.75,311.6,Male,0,No,No,Yes,No,No,No internet service,No internet service,No internet service,No internet service,No internet service,No internet service,Month-to-month,No,Mailed check
12,99.45,1200.15,Male,1,No,No,Yes,Yes,Fiber optic,No,No,Yes,No,Yes,Yes,Month-to-month,Yes,Electronic check
38,80.45,3162.65,Male,1,No,Yes,Yes,Yes,Fiber optic,Yes,No,No,No,No,No,Month-to-month,Yes,Mailed check
55,77.75,4458.15,Female,0,Yes,No,Yes,Yes,Fiber optic,No,No,Yes,No,No,No,Month-to-month,Yes,Electronic check
1,50.15,50.15,Female,0,No,No,Yes,No,DSL,Yes,No,No,No,No,No,Month-to-month,No,Electronic check
68,101.05,6770.5,Male,0,Yes,Yes,Yes,Yes,Fiber optic,No,Yes,No,No,Yes,Yes,One year,Yes,Credit card (automatic)
68,79.6,5515.8,Female,0,Yes,No,Yes,No,DSL,Yes,Yes,No,Yes,Yes,Yes,Two year,Yes,Bank transfer (automatic)
11,19.7,216.2,Female,0,No,Yes,Yes,No,No,No internet service,No internet service,No internet service,No internet service,No internet service,No internet service,Month-to-month,No,Credit card (automatic)
36,96.5,3436.1,Male,1,Yes,No,Yes,Yes,Fiber optic,No,Yes,No,No,Yes,Yes,Month-to-month,Yes,Electronic check
53,65.0,3363.8,Male,0,Yes,Yes,Yes,No,DSL,No,Yes,No,Yes,Yes,No,Month-to-month,No,Credit card (automatic)
29,75.3,2263.4,Male,0,Yes,No,Yes,No,Fiber optic,No,No,Yes,No,No,No,Month-to-month,Yes,Credit card (automatic)
1,19.45,19.45,Male,0,No,No,Yes,No,No,No internet service,No internet service,No internet service,No internet service,No internet service,No internet service,Month-to-month,No,Mailed check
63,63.55,4014.2,Female,0,Yes,Yes,Yes,No,DSL,Yes,Yes,Yes,Yes,No,No,Two year,No,Mailed check
33,95.8,3036.75,Male,0,Yes,No,Yes,No,Fiber optic,No,No,Yes,No,Yes,Yes,One year,Yes,Electronic check
9,71.0,672.55,Female,0,No,No,Yes,No,Fiber optic,No,No,No,No,No,No,Month-to-month,No,Electronic check
48,97.05,4692.95,Female,0,Yes,No,Yes,No,Fiber optic,No,Yes,Yes,No,Yes,Yes,One year,Yes,Electronic check
37,98.8,3475.55,Male,0,No,No,Yes,Yes,Fiber optic,No,No,No,Yes,Yes,Yes,Month-to-month,No,Bank transfer (automatic)
3,19.65,60.65,Female,0,Yes,Yes,Yes,No,No,No internet service,No internet service,No internet service,No internet service,No internet service,No internet service,Month-to-month,No,Mailed check
51,107.45,5680.9,Female,0,No,No,Yes,Yes,Fiber optic,Yes,Yes,Yes,No,Yes,Yes,One year,No,Bank transfer (automatic)
52,104.45,5481.25,Male,1,Yes,No,Yes,No,Fiber optic,Yes,No,Yes,Yes,Yes,Yes,One year,Yes,Bank transfer (automatic)
58,109.45,6144.55,Female,0,Yes,No,Yes,Yes,Fiber optic,Yes,Yes,Yes,No,Yes,Yes,Two year,Yes,Bank transfer (automatic)
33,54.6,1803.7,Male,1,No,No,No,No phone service,DSL,No,No,Yes,Yes,Yes,Yes,Month-to-month,Yes,Electronic check
35,62.15,2215.45,Female,0,Yes,No,Yes,No,DSL,Yes,No,No,No,Yes,No,One year,Yes,Bank transfer (automatic)
70,24.05,1764.75,Female,0,Yes,Yes,Yes,Yes,No,No internet service,No internet service,No internet service,No internet service,No internet service,No internet service,Two year,No,Mailed check
35,100.8,3437.5,Male,1,Yes,No,Yes,Yes,Fiber optic,No,No,Yes,No,Yes,Yes,Month-to-month,Yes,Electronic check
6,50.05,288.35,Male,0,No,No,Yes,No,DSL,No,No,No,Yes,No,No,Month-to-month,No,Mailed check
18,20.15,390.85,Female,0,No,Yes,Yes,No,No,No internet service,No internet service,No internet service,No internet service,No internet service,No internet service,One year,No,Bank transfer (automatic)
1,75.35,75.35,Male,0,No,Yes,Yes,No,Fiber optic,No,Yes,No,No,No,No,Month-to-month,Yes,Electronic check
1,74.95,74.95,Male,0,No,No,Yes,Yes,Fiber optic,No,No,No,No,No,No,Month-to-month,Yes,Electronic check
32,19.4,641.15,Female,0,Yes,No,Yes,No,No,No internet service,No internet service,No internet service,No internet service,No internet service,No internet service,Month-to-month,No,Bank transfer (automatic)
33,94.5,3105.55,Male,1,Yes,No,Yes,Yes,Fiber optic,No,No,No,No,Yes,Yes,Month-to-month,Yes,Electronic check
72,49.2,3580.95,Female,0,Yes,No,No,No phone service,DSL,Yes,Yes,Yes,No,No,Yes,Two year,Yes,Electronic check
68,24.0,1664.3,Male,0,Yes,Yes,Yes,Yes,No,No internet service,No internet service,No internet service,No internet service,No internet service,No internet service,Two year,Yes,Bank transfer (automatic)
51,44.45,2181.55,Male,0,No,No,No,No phone service,DSL,Yes,No,No,Yes,No,Yes,Month-to-month,Yes,Credit card (automatic)
55,66.05,3462.1,Female,0,Yes,No,Yes,Yes,DSL,Yes,Yes,No,Yes,No,No,One year,Yes,Credit card (automatic)
42,20.75,844.45,Female,0,No,No,Yes,No,No,No internet service,No internet service,No internet service,No internet service,No internet service,No internet service,Two year,Yes,Bank transfer (automatic)
24,53.6,1315.35,Male,0,Yes,No,Yes,No,DSL,Yes,No,No,Yes,No,No,Month-to-month,No,Mailed check
64,97.0,6430.9,Female,1,Yes,No,Yes,No,Fiber optic,Yes,Yes,Yes,No,No,Yes,One year,No,Bank transfer (automatic)
51,85.5,4421.95,Female,0,Yes,Yes,Yes,No,DSL,Yes,Yes,Yes,Yes,Yes,Yes,Two year,No,Credit card (automatic)
1,45.4,45.4,Female,0,No,No,Yes,No,DSL,No,No,No,No,No,No,Month-to-month,Yes,Mailed check
10,92.5,934.1,Male,1,Yes,No,Yes,No,Fiber optic,No,Yes,Yes,Yes,Yes,No,Month-to-month,Yes,Mailed check
1,25.15,25.15,Female,0,No,No,No,No phone service,DSL,No,No,No,No,No,No,Month-to-month,Yes,Mailed check
14,95.8,1346.3,Female,1,Yes,Yes,Yes,Yes,Fiber optic,No,No,No,No,Yes,Yes,Month-to-month,Yes,Electronic check
27,75.2,1929.35,Female,1,Yes,No,Yes,No,Fiber optic,Yes,No,No,No,No,No,Month-to-month,Yes,Bank transfer (automatic)
16,19.3,360.35,Female,0,No,Yes,Yes,No,No,No internet service,No internet service,No internet service,No internet service,No internet service,No internet service,One year,Yes,Bank transfer (automatic)
40,65.1,2586.0,Female,0,No,No,Yes,No,DSL,Yes,Yes,No,No,Yes,No,Month-to-month,No,Mailed check
5,75.9,357.75,Male,0,No,No,Yes,Yes,Fiber optic,No,No,No,No,No,No,Month-to-month,Yes,Bank transfer (automatic)
27,20.05,552.9,Male,0,No,Yes,Yes,No,No,No internet service,No internet service,No internet service,No internet service,No internet service,No internet service,One year,No,Credit card (automatic)
13,90.5,1201.15,Male,1,No,No,Yes,No,Fiber optic,No,No,No,No,Yes,Yes,Month-to-month,Yes,Electronic check
48,99.7,4977.2,Female,0,Yes,Yes,Yes,No,Fiber optic,Yes,No,Yes,No,Yes,Yes,One year,Yes,Bank transfer (automatic)
3,94.9,273.2,Female,0,Yes,No,Yes,Yes,Fiber optic,No,No,No,No,Yes,Yes,Month-to-month,No,Electronic check
64,111.6,7099.0,Male,1,Yes,Yes,Yes,Yes,Fiber optic,Yes,No,Yes,Yes,Yes,Yes,Two year,Yes,Bank transfer (automatic)
2,53.85,108.15,Male,0,No,No,Yes,No,DSL,Yes,Yes,No,No,No,No,Month-to-month,Yes,Mailed check
71,24.45,1681.6,Female,0,Yes,No,Yes,Yes,No,No internet service,No internet service,No internet service,No internet service,No internet service,No internet service,Two year,Yes,Credit card (automatic)
26,19.8,457.3,Male,0,No,No,Yes,No,No,No internet service,No internet service,No internet service,No internet service,No internet service,No internet service,One year,No,Credit card (automatic)
72,92.0,6782.15,Male,0,Yes,No,Yes,Yes,DSL,Yes,Yes,Yes,Yes,Yes,Yes,Two year,Yes,Credit card (automatic)
29,84.3,2357.75,Male,1,Yes,No,Yes,Yes,Fiber optic,No,No,No,No,No,Yes,Month-to-month,Yes,Electronic check
4,49.25,208.45,Male,0,No,No,Yes,No,DSL,No,Yes,No,No,No,No,Month-to-month,No,Mailed check
40,50.85,2036.55,Female,0,Yes,Yes,No,No phone service,DSL,No,Yes,No,No,Yes,Yes,Month-to-month,Yes,Electronic check
16,79.5,1264.2,Female,0,No,Yes,Yes,Yes,Fiber optic,No,No,No,Yes,No,No,One year,Yes,Credit card (automatic)
52,79.75,4217.8,Male,0,No,No,Yes,Yes,DSL,Yes,No,No,Yes,Yes,Yes,Two year,Yes,Credit card (automatic)
33,107.55,3645.5,Female,0,No,No,Yes,Yes,Fiber optic,No,Yes,Yes,No,Yes,Yes,Month-to-month,No,Electronic check
41,20.0,810.3,Female,0,No,No,Yes,No,No,No internet service,No internet service,No internet service,No internet service,No internet service,No internet service,Two year,No,Mailed check
5,80.6,415.55,Male,0,No,No,Yes,No,Fiber optic,No,No,No,No,Yes,No,Month-to-month,Yes,Electronic check
42,100.4,4303.65,Female,0,Yes,Yes,Yes,No,Fiber optic,No,No,Yes,Yes,Yes,Yes,Two year,Yes,Electronic check
68,54.4,3723.65,Female,0,Yes,No,No,No phone service,DSL,Yes,No,Yes,No,Yes,Yes,One year,Yes,Electronic check
58,108.85,6287.25,Male,1,Yes,No,Yes,Yes,Fiber optic,Yes,Yes,Yes,No,Yes,Yes,One year,Yes,Electronic check
8,21.05,139.75,Female,0,Yes,Yes,Yes,No,No,No internet service,No internet service,No internet service,No internet service,No internet service,No internet service,Month-to-month,No,Credit card (automatic)
36,20.85,720.05,Male,0,Yes,No,Yes,No,No,No internet service,No internet service,No internet service,No internet service,No internet service,No internet service,One year,No,Bank transfer (automatic)
2,19.65,31.2,Male,0,No,No,Yes,No,No,No internet service,No internet service,No internet service,No internet service,No internet service,No internet service,Month-to-month,Yes,Electronic check
18,88.85,1594.75,Female,0,Yes,No,Yes,Yes,Fiber optic,No,No,No,Yes,Yes,No,Month-to-month,Yes,Electronic check
72,84.9,6065.3,Female,0,Yes,No,Yes,Yes,DSL,Yes,No,Yes,Yes,Yes,Yes,Two year,Yes,Bank transfer (automatic)
61,106.45,6300.15,Male,0,No,No,Yes,Yes,Fiber optic,Yes,No,Yes,No,Yes,Yes,Month-to-month,Yes,Electronic check
39,19.35,779.2,Male,0,No,Yes,Yes,No,No,No internet service,No internet service,No internet service,No internet service,No internet service,No internet service,One year,No,Bank transfer (automatic)
2,20.1,39.8,Female,0,No,No,Yes,No,No,No internet service,No internet service,No internet service,No internet service,No internet service,No internet service,Month-to-month,No,Mailed check
72,24.75,1777.6,Male,0,No,No,Yes,Yes,No,No internet service,No internet service,No internet service,No internet service,No internet service,No internet service,Two year,No,Bank transfer (automatic)
1,20.5,20.5,Female,0,Yes,Yes,Yes,No,No,No internet service,No internet service,No internet service,No internet service,No internet service,No internet service,Month-to-month,Yes,Mailed check
35,95.5,3418.2,Male,0,No,No,Yes,Yes,Fiber optic,No,No,Yes,Yes,Yes,No,Month-to-month,No,Electronic check
32,36.25,1151.05,Male,0,Yes,Yes,No,No phone service,DSL,No,No,Yes,Yes,No,No,One year,Yes,Mailed check
64,66.15,4392.5,Male,0,Yes,No,Yes,Yes,DSL,Yes,No,No,No,Yes,No,One year,Yes,Credit card (automatic)
33,59.4,1952.8,Female,0,No,No,Yes,Yes,DSL,Yes,No,No,Yes,No,No,One year,No,Electronic check
50,80.05,4042.2,Female,0,Yes,Yes,Yes,Yes,DSL,Yes,Yes,Yes,Yes,No,Yes,One year,Yes,Bank transfer (automatic)
1,45.65,45.65,Male,0,No,No,Yes,No,DSL,No,No,No,No,No,No,Month-to-month,Yes,Electronic check
10,24.5,270.15,Female,0,No,No,Yes,Yes,No,No internet service,No internet service,No internet service,No internet service,No internet service,No internet service,Month-to-month,Yes,Mailed check
72,74.4,5360.75,Male,1,Yes,No,Yes,No,DSL,Yes,Yes,Yes,Yes,Yes,No,Two year,No,Bank transfer (automatic)
3,79.1,246.5,Female,0,No,No,Yes,No,Fiber optic,Yes,Yes,No,No,No,No,Month-to-month,Yes,Electronic check
3,75.3,244.1,Female,0,No,No,Yes,No,DSL,No,Yes,No,Yes,Yes,Yes,Month-to-month,Yes,Electronic check
51,60.5,3145.15,Female,0,Yes,No,Yes,No,DSL,Yes,Yes,No,Yes,No,No,One year,Yes,Bank transfer (automatic)
11,20.45,237.3,Male,0,No,No,Yes,No,No,No internet service,No internet service,No internet service,No internet service,No internet service,No internet service,Month-to-month,Yes,Credit card (automatic)
53,103.85,5485.5,Male,1,Yes,No,Yes,Yes,Fiber optic,No,Yes,Yes,No,Yes,Yes,Month-to-month,Yes,Electronic check
72,108.5,8003.8,Female,0,Yes,No,Yes,Yes,Fiber optic,No,Yes,Yes,Yes,Yes,Yes,One year,Yes,Bank transfer (automatic)
13,20.85,272.35,Female,0,Yes,Yes,Yes,No,No,No internet service,No internet service,No internet service,No internet service,No internet service,No internet service,Two year,No,Mailed check
65,105.85,6725.5,Female,1,Yes,No,Yes,No,Fiber optic,No,Yes,Yes,Yes,Yes,Yes,Two year,Yes,Credit card (automatic)
68,100.2,6851.65,Female,1,Yes,No,Yes,Yes,Fiber optic,No,Yes,No,No,Yes,Yes,Month-to-month,Yes,Electronic check
1,89.1,89.1,Male,0,No,No,Yes,No,Fiber optic,No,No,No,No,Yes,Yes,Month-to-month,Yes,Electronic check
61,20.55,1305.95,Male,0,Yes,Yes,Yes,No,No,No internet service,No internet service,No internet service,No internet service,No internet service,No internet service,Two year,No,Credit card (automatic)
1,90.55,90.55,Female,0,No,No,Yes,No,Fiber optic,No,No,No,No,Yes,Yes,Month-to-month,No,Electronic check
18,50.3,908.75,Female,0,Yes,No,Yes,No,DSL,No,No,No,Yes,No,No,Month-to-month,Yes,Mailed check
39,40.3,1630.4,Female,0,No,No,No,No phone service,DSL,Yes,Yes,No,Yes,No,No,One year,Yes,Bank transfer (automatic)
36,25.1,930.95,Male,0,Yes,Yes,Yes,Yes,No,No internet service,No internet service,No internet service,No internet service,No internet service,No internet service,Two year,No,Credit card (automatic)
64,105.65,6903.1,Male,0,No,No,Yes,Yes,Fiber optic,No,Yes,No,Yes,Yes,Yes,One year,Yes,Credit card (automatic)
2,70.1,141.65,Male,1,Yes,No,Yes,No,Fiber optic,No,No,No,No,No,No,Month-to-month,No,Electronic check
49,78.0,3824.2,Female,0,Yes,Yes,Yes,No,DSL,No,Yes,Yes,No,Yes,Yes,One year,No,Credit card (automatic)
65,108.65,6937.95,Male,0,Yes,Yes,Yes,Yes,Fiber optic,Yes,No,Yes,Yes,Yes,Yes,Two year,No,Bank transfer (automatic)
71,96.35,6766.95,Female,1,Yes,No,Yes,Yes,Fiber optic,Yes,Yes,Yes,Yes,No,No,Two year,Yes,Credit card (automatic)
69,26.0,1796.55,Male,0,Yes,Yes,Yes,Yes,No,No internet service,No internet service,No internet service,No internet service,No internet service,No internet service,Two year,Yes,Bank transfer (automatic)
30,54.45,1588.7,Male,0,Yes,Yes,Yes,Yes,DSL,Yes,No,No,No,No,No,Month-to-month,Yes,Bank transfer (automatic)
71,19.1,1372.45,Female,0,Yes,No,Yes,No,No,No internet service,No internet service,No internet service,No internet service,No internet service,No internet service,Two year,No,Credit card (automatic)
11,25.2,245.15,Female,0,No,No,Yes,Yes,No,No internet service,No internet service,No internet service,No internet service,No internet service,No internet service,One year,No,Electronic check
3,75.1,270.7,Female,0,No,No,Yes,Yes,Fiber optic,No,No,No,No,No,No,Month-to-month,Yes,Credit card (automatic)
19,88.2,1775.8,Male,1,No,No,Yes,Yes,Fiber optic,No,Yes,No,No,Yes,No,Month-to-month,Yes,Electronic check
29,80.15,2265.25,Male,0,Yes,No,Yes,Yes,Fiber optic,No,Yes,No,No,No,No,Month-to-month,Yes,Bank transfer (automatic)
7,89.0,605.45,Male,1,Yes,No,Yes,No,Fiber optic,No,No,No,No,Yes,Yes,Month-to-month,Yes,Electronic check
32,96.15,3019.25,Male,1,No,No,Yes,Yes,Fiber optic,No,No,No,No,Yes,Yes,Month-to-month,Yes,Credit card (automatic)
70,25.35,1715.15,Male,0,Yes,Yes,Yes,Yes,No,No internet service,No internet service,No internet service,No internet service,No internet service,No internet service,Two year,No,Mailed check
65,94.4,6126.15,Female,1,Yes,No,Yes,No,Fiber optic,Yes,Yes,Yes,No,No,Yes,Month-to-month,No,Electronic check
71,109.6,7854.15,Male,0,Yes,No,Yes,Yes,Fiber optic,Yes,Yes,Yes,No,Yes,Yes,One year,Yes,Electronic check
37,19.8,726.1,Male,0,Yes,Yes,Yes,No,No,No internet service,No internet service,No internet service,No internet service,No internet service,No internet service,Two year,No,Bank transfer (automatic)
12,53.65,696.35,Male,0,Yes,Yes,Yes,No,DSL,No,No,No,No,No,Yes,One year,No,Credit card (automatic)
3,86.85,220.95,Female,1,No,No,Yes,No,Fiber optic,No,No,Yes,No,Yes,No,Month-to-month,Yes,Electronic check
33,20.1,579.4,Female,0,Yes,Yes,Yes,No,No,No internet service,No internet service,No internet service,No internet service,No internet service,No internet service,One year,No,Mailed check
16,94.65,1461.15,Female,0,Yes,No,Yes,No,Fiber optic,No,Yes,No,No,Yes,Yes,Month-to-month,Yes,Bank transfer (automatic)
34,56.95,1889.5,Male,0,No,No,Yes,No,DSL,Yes,No,Yes,No,No,No,One year,No,Mailed check
31,20.45,638.55,Male,0,No,No,Yes,No,No,No internet service,No internet service,No internet service,No internet service,No internet service,No internet service,Two year,No,Mailed check
32,104.05,3416.85,Female,0,No,No,Yes,Yes,Fiber optic,No,Yes,Yes,No,Yes,Yes,One year,Yes,Credit card (automatic)
15,83.2,1130.0,Female,0,No,No,Yes,No,Fiber optic,No,Yes,No,No,Yes,No,Month-to-month,Yes,Bank transfer (automatic)
16,19.75,284.35,Male,0,No,No,Yes,No,No,No internet service,No internet service,No internet service,No internet service,No internet service,No internet service,Two year,No,Mailed check
36,51.05,1815.0,Female,0,Yes,Yes,Yes,No,DSL,Yes,No,No,No,No,No,Month-to-month,No,Credit card (automatic)
65,70.95,4555.2,Male,1,Yes,No,Yes,No,Fiber optic,No,No,No,No,No,No,One year,Yes,Bank transfer (automatic)
11,19.95,214.75,Male,1,Yes,No,Yes,No,No,No internet service,No internet service,No internet service,No internet service,No internet service,No internet service,Month-to-month,No,Mailed check
71,108.05,7532.15,Male,0,No,No,Yes,Yes,Fiber optic,Yes,No,Yes,Yes,Yes,Yes,Two year,Yes,Electronic check
24,20.25,439.75,Male,0,Yes,Yes,Yes,No,No,No internet service,No internet service,No internet service,No internet service,No internet service,No internet service,One year,No,Mailed check
3,64.6,174.2,Female,0,No,No,Yes,Yes,DSL,No,No,No,Yes,Yes,No,Month-to-month,No,Electronic check
2,70.2,115.95,Female,1,No,No,Yes,No,Fiber optic,No,No,No,No,No,No,Month-to-month,Yes,Bank transfer (automatic)
38,20.4,743.5,Male,0,Yes,No,Yes,No,No,No internet service,No internet service,No internet service,No internet service,No internet service,No internet service,Two year,No,Bank transfer (automatic)
18,33.6,550.35,Male,0,No,No,No,No phone service,DSL,Yes,No,Yes,No,No,No,Month-to-month,No,Mailed check
7,34.65,246.6,Female,0,Yes,Yes,No,No phone service,DSL,Yes,No,No,Yes,No,No,Month-to-month,No,Mailed check
57,107.95,5969.85,Male,0,Yes,No,Yes,Yes,Fiber optic,No,No,Yes,Yes,Yes,Yes,Two year,No,Electronic check
70,104.8,7308.95,Male,1,Yes,No,Yes,Yes,Fiber optic,No,Yes,Yes,No,Yes,Yes,One year,Yes,Electronic check
1,19.2,19.2,Male,0,No,No,Yes,No,No,No internet service,No internet service,No internet service,No internet service,No internet service,No internet service,Month-to-month,No,Electronic check
26,74.95,1834.95,Female,0,No,No,Yes,Yes,Fiber optic,No,No,No,No,No,No,Month-to-month,Yes,Bank transfer (automatic)
1,55.3,55.3,Female,0,Yes,No,Yes,No,DSL,No,No,No,No,Yes,No,Month-to-month,Yes,Mailed check
71,109.25,7707.7,Female,0,Yes,No,Yes,Yes,Fiber optic,No,Yes,Yes,Yes,Yes,Yes,Two year,No,Electronic check
1,75.45,75.45,Male,0,No,No,Yes,Yes,Fiber optic,No,No,No,No,No,No,Month-to-month,Yes,Electronic check
58,64.9,3795.45,Female,0,No,No,Yes,No,DSL,Yes,Yes,Yes,Yes,No,No,Two year,Yes,Credit card (automatic)
36,34.85,1267.2,Female,0,No,No,No,No phone service,DSL,No,Yes,No,Yes,No,No,Month-to-month,Yes,Bank transfer (automatic)
1,74.3,74.3,Female,0,No,No,Yes,No,Fiber optic,No,Yes,No,No,No,No,Month-to-month,Yes,Credit card (automatic)
46,19.4,967.85,Female,0,Yes,Yes,Yes,No,No,No internet service,No internet service,No internet service,No internet service,No internet service,No internet service,Two year,No,Mailed check
38,68.15,2656.3,Female,0,No,No,Yes,Yes,DSL,No,Yes,No,Yes,No,Yes,Month-to-month,No,Credit card (automatic)
51,79.15,4018.55,Female,0,Yes,Yes,Yes,No,Fiber optic,Yes,Yes,No,No,No,No,Month-to-month,Yes,Bank transfer (automatic)
4,87.1,341.45,Female,0,No,Yes,Yes,Yes,Fiber optic,No,No,Yes,Yes,No,No,Month-to-month,Yes,Mailed check
46,99.65,4630.2,Female,0,Yes,Yes,Yes,Yes,Fiber optic,Yes,No,Yes,Yes,No,Yes,Two year,No,Mailed check
55,50.55,2832.75,Female,0,No,No,Yes,No,DSL,Yes,No,No,No,No,No,Month-to-month,Yes,Credit card (automatic)
50,103.7,5071.05,Male,0,Yes,Yes,Yes,Yes,Fiber optic,No,Yes,No,Yes,Yes,Yes,Month-to-month,No,Electronic check
72,64.75,4804.75,Female,0,Yes,No,Yes,Yes,DSL,Yes,Yes,No,Yes,No,No,Two year,No,Bank transfer (automatic)
63,97.45,6253.0,Female,0,No,No,Yes,Yes,Fiber optic,No,Yes,No,No,Yes,Yes,Two year,No,Bank transfer (automatic)
58,25.3,1474.35,Male,0,No,No,Yes,Yes,No,No internet service,No internet service,No internet service,No internet service,No internet service,No internet service,Two year,Yes,Credit card (automatic)
68,60.65,3975.9,Female,1,Yes,No,Yes,No,DSL,No,Yes,Yes,Yes,No,No,One year,Yes,Bank transfer (automatic)
12,95.5,1115.15,Female,0,No,No,Yes,No,Fiber optic,No,No,Yes,No,Yes,Yes,One year,No,Mailed check
53,74.1,3833.95,Female,0,Yes,No,Yes,Yes,DSL,Yes,Yes,Yes,No,No,Yes,One year,No,Bank transfer (automatic)
70,79.25,5731.85,Male,0,Yes,Yes,Yes,Yes,DSL,Yes,Yes,Yes,Yes,Yes,No,Two year,Yes,Bank transfer (automatic)
33,24.5,740.3,Female,0,Yes,Yes,Yes,Yes,No,No internet service,No internet service,No internet service,No internet service,No internet service,No internet service,Two year,Yes,Mailed check
11,99.5,1056.95,Female,0,Yes,No,Yes,Yes,Fiber optic,No,No,Yes,No,Yes,Yes,Month-to-month,Yes,Electronic check
10,74.75,799.65,Female,0,No,No,Yes,Yes,Fiber optic,No,No,No,No,No,No,Month-to-month,Yes,Electronic check
6,19.55,128.6,Male,0,No,Yes,Yes,No,No,No internet service,No internet service,No internet service,No internet service,No internet service,No internet service,Month-to-month,No,Mailed check
31,19.55,658.95,Female,0,Yes,Yes,Yes,No,No,No internet service,No internet service,No internet service,No internet service,No internet service,No internet service,Month-to-month,Yes,Mailed check
20,73.65,1463.5,Male,1,Yes,No,Yes,No,Fiber optic,No,Yes,No,No,No,No,Month-to-month,Yes,Electronic check
69,29.8,2134.3,Male,1,Yes,No,No,No phone service,DSL,No,No,Yes,No,No,No,One year,Yes,Credit card (automatic)
1,80.55,80.55,Male,0,Yes,No,Yes,No,Fiber optic,No,No,No,No,Yes,No,Month-to-month,Yes,Electronic check
56,85.65,4824.45,Male,1,Yes,No,Yes,No,DSL,Yes,Yes,Yes,Yes,Yes,Yes,Two year,Yes,Bank transfer (automatic)
40,20.4,745.3,Male,0,Yes,Yes,Yes,No,No,No internet service,No internet service,No internet service,No internet service,No internet service,No internet service,Month-to-month,Yes,Bank transfer (automatic)
72,91.35,6697.2,Female,0,No,No,Yes,Yes,DSL,Yes,Yes,Yes,Yes,Yes,Yes,Two year,Yes,Bank transfer (automatic)
34,71.55,2427.35,Male,1,Yes,No,Yes,No,Fiber optic,No,No,No,No,No,No,Month-to-month,No,Credit card (automatic)
31,104.2,3243.45,Female,0,Yes,Yes,Yes,Yes,Fiber optic,No,No,Yes,Yes,Yes,Yes,Month-to-month,Yes,Electronic check
34,84.05,2909.95,Male,0,Yes,Yes,Yes,No,Fiber optic,No,No,Yes,No,Yes,No,Month-to-month,Yes,Mailed check
19,20.2,387.4,Male,0,Yes,Yes,Yes,No,No,No internet service,No internet service,No internet service,No internet service,No internet service,No internet service,Two year,No,Mailed check
71,70.85,4973.4,Male,0,Yes,Yes,Yes,No,DSL,Yes,No,Yes,Yes,No,Yes,Two year,Yes,Credit card (automatic)
1,20.25,20.25,Female,0,No,No,Yes,No,No,No internet service,No internet service,No internet service,No internet service,No internet service,No internet service,Month-to-month,Yes,Mailed check
72,112.25,8041.65,Male,0,Yes,Yes,Yes,Yes,Fiber optic,No,Yes,Yes,Yes,Yes,Yes,Two year,Yes,Bank transfer (automatic)
1,74.6,74.6,Male,0,Yes,No,Yes,Yes,Fiber optic,No,No,No,No,No,No,Month-to-month,Yes,Bank transfer (automatic)
16,80.55,1248.9,Male,0,No,No,Yes,Yes,Fiber optic,No,Yes,No,No,No,No,Month-to-month,Yes,Mailed check
47,87.2,4017.45,Male,0,Yes,Yes,Yes,Yes,Fiber optic,No,Yes,No,No,Yes,No,Month-to-month,No,Electronic check
13,93.8,1261.0,Male,1,Yes,No,Yes,Yes,Fiber optic,Yes,Yes,No,No,No,Yes,Month-to-month,No,Credit card (automatic)
60,89.45,5294.6,Female,1,Yes,No,Yes,Yes,Fiber optic,No,Yes,No,No,No,Yes,Month-to-month,No,Electronic check
60,59.85,3590.2,Female,0,Yes,Yes,No,No phone service,DSL,Yes,No,Yes,Yes,Yes,Yes,Two year,No,Credit card (automatic)
16,75.1,1212.85,Female,0,No,No,Yes,No,Fiber optic,No,Yes,No,No,No,No,Month-to-month,No,Bank transfer (automatic)
12,20.15,260.7,Female,0,No,No,Yes,No,No,No internet service,No internet service,No internet service,No internet service,No internet service,No internet service,One year,No,Electronic check
33,103.7,3467.0,Female,0,Yes,Yes,Yes,Yes,Fiber optic,Yes,No,Yes,No,Yes,Yes,One year,Yes,Mailed check
26,84.95,2169.75,Female,1,Yes,No,Yes,No,Fiber optic,No,Yes,No,No,No,Yes,Month-to-month,No,Electronic check
3,88.35,262.05,Male,0,No,No,Yes,No,Fiber optic,No,No,Yes,Yes,Yes,No,Month-to-month,Yes,Mailed check
1,79.7,79.7,Female,0,No,No,Yes,No,Fiber optic,No,No,No,No,No,Yes,Month-to-month,Yes,Electronic check
56,105.45,5916.95,Female,0,No,No,Yes,Yes,Fiber optic,No,Yes,No,Yes,Yes,Yes,Month-to-month,Yes,Bank transfer (automatic)
24,83.15,2033.05,Female,0,Yes,Yes,Yes,Yes,Fiber optic,No,Yes,Yes,No,No,No,One year,No,Bank transfer (automatic)
1,45.7,45.7,Female,0,Yes,Yes,Yes,No,DSL,No,No,No,No,No,No,Month-to-month,Yes,Electronic check
70,105.35,7511.9,Male,1,Yes,No,Yes,No,Fiber optic,Yes,Yes,Yes,No,Yes,Yes,Two year,No,Credit card (automatic)
47,63.8,3007.25,Female,0,Yes,Yes,Yes,No,DSL,No,Yes,No,Yes,No,Yes,Two year,No,Bank transfer (automatic)
23,30.35,678.75,Male,0,Yes,Yes,No,No phone service,DSL,No,No,No,Yes,No,No,Month-to-month,Yes,Bank transfer (automatic)
58,82.5,4828.05,Male,0,Yes,Yes,Yes,Yes,Fiber optic,No,No,No,No,Yes,No,Two year,No,Bank transfer (automatic)
30,21.25,711.9,Male,0,Yes,Yes,Yes,No,No,No internet service,No internet service,No internet service,No internet service,No internet service,No internet service,Two year,No,Mailed check
70,104.0,7250.15,Male,0,No,No,Yes,Yes,Fiber optic,Yes,No,No,Yes,Yes,Yes,Two year,Yes,Credit card (automatic)
72,80.45,5886.85,Female,0,Yes,Yes,Yes,No,DSL,Yes,No,Yes,Yes,Yes,Yes,Two year,Yes,Bank transfer (automatic)
7,20.35,150.6,Female,0,No,No,Yes,No,No,No internet service,No internet service,No internet service,No internet service,No internet service,No internet service,Month-to-month,No,Mailed check
1,18.9,18.9,Male,0,No,No,Yes,No,No,No internet service,No internet service,No internet service,No internet service,No internet service,No internet service,Month-to-month,No,Mailed check
62,26.0,1638.7,Female,0,No,Yes,Yes,Yes,No,No internet service,No internet service,No internet service,No internet service,No internet service,No internet service,Two year,No,Bank transfer (automatic)
72,25.65,1887.0,Female,0,Yes,No,Yes,Yes,No,No internet service,No internet service,No internet service,No internet service,No internet service,No internet service,Two year,No,Bank transfer (automatic)
23,90.05,2169.8,Female,0,No,No,Yes,Yes,Fiber optic,Yes,No,No,No,Yes,No,Month-to-month,Yes,Bank transfer (automatic)
4,35.0,135.75,Female,0,No,No,No,No phone service,DSL,Yes,No,Yes,No,No,No,Month-to-month,No,Mailed check
15,56.15,931.9,Female,0,No,No,Yes,No,DSL,No,No,No,No,Yes,No,One year,No,Mailed check
65,109.15,6941.2,Male,0,No,No,Yes,Yes,Fiber optic,No,Yes,Yes,Yes,Yes,Yes,Month-to-month,Yes,Electronic check
51,76.4,3966.3,Male,0,Yes,Yes,Yes,No,DSL,Yes,No,No,Yes,Yes,Yes,One year,Yes,Bank transfer (automatic)
28,19.55,543.8,Female,0,Yes,Yes,Yes,No,No,No internet service,No internet service,No internet service,No internet service,No internet service,No internet service,Month-to-month,Yes,Bank transfer (automatic)
1,75.1,75.1,Female,0,No,No,Yes,Yes,Fiber optic,No,No,No,No,No,No,Month-to-month,Yes,Electronic check
1,74.7,74.7,Female,0,No,No,Yes,No,Fiber optic,No,Yes,No,No,No,No,Month-to-month,Yes,Electronic check
63,39.35,2395.05,Male,0,Yes,Yes,No,No phone service,DSL,No,Yes,Yes,Yes,No,No,Two year,No,Bank transfer (automatic)
38,20.2,746.05,Female,0,Yes,Yes,Yes,No,No,No internet service,No internet service,No internet service,No internet service,No internet service,No internet service,Two year,Yes,Mailed check
5,20.05,94.15,Male,1,No,No,Yes,No,No,No internet service,No internet service,No internet service,No internet service,No internet service,No internet service,Month-to-month,No,Bank transfer (automatic)
18,19.25,331.35,Male,0,No,No,Yes,No,No,No internet service,No internet service,No internet service,No internet service,No internet service,No internet service,Month-to-month,No,Mailed check
3,105.0,294.45,Male,1,No,No,Yes,Yes,Fiber optic,No,Yes,Yes,No,Yes,Yes,Month-to-month,Yes,Electronic check
56,36.1,1971.5,Male,0,Yes,Yes,No,No phone service,DSL,No,Yes,Yes,No,No,No,One year,Yes,Credit card (automatic)
67,104.0,7039.05,Female,0,No,Yes,Yes,Yes,Fiber optic,No,Yes,No,Yes,Yes,Yes,Two year,Yes,Electronic check
21,104.35,2271.85,Male,1,No,No,Yes,Yes,Fiber optic,No,Yes,Yes,No,Yes,Yes,Month-to-month,Yes,Electronic check
68,110.8,7553.6,Female,0,Yes,No,Yes,Yes,Fiber optic,Yes,Yes,Yes,No,Yes,Yes,Two year,Yes,Bank transfer (automatic)
14,100.2,1369.8,Female,1,Yes,No,Yes,Yes,Fiber optic,No,Yes,No,No,Yes,Yes,Month-to-month,Yes,Electronic check
16,65.2,1043.35,Female,0,No,No,Yes,Yes,DSL,No,No,Yes,No,No,Yes,Month-to-month,Yes,Credit card (automatic)
60,71.75,4374.55,Male,1,No,No,Yes,Yes,DSL,Yes,Yes,No,No,No,Yes,One year,Yes,Electronic check
72,64.45,4528.0,Female,0,Yes,Yes,No,No phone service,DSL,Yes,Yes,Yes,Yes,Yes,Yes,Two year,No,Bank transfer (automatic)
51,23.95,1216.35,Male,0,Yes,Yes,Yes,Yes,No,No internet service,No internet service,No internet service,No internet service,No internet service,No internet service,One year,Yes,Mailed check
1,19.75,19.75,Male,0,No,No,Yes,No,No,No internet service,No internet service,No internet service,No internet service,No internet service,No internet service,Month-to-month,Yes,Mailed check
31,20.9,689.35,Female,0,No,No,Yes,No,No,No internet service,No internet service,No internet service,No internet service,No internet service,No internet service,Two year,No,Credit card (automatic)
6,69.25,418.4,Female,0,No,No,Yes,No,Fiber optic,No,No,No,No,No,No,Month-to-month,Yes,Mailed check
58,102.1,5885.4,Female,0,Yes,No,Yes,Yes,Fiber optic,No,No,Yes,Yes,Yes,Yes,Month-to-month,Yes,Credit card (automatic)
17,66.7,1077.05,Male,0,Yes,Yes,Yes,Yes,DSL,No,Yes,Yes,Yes,No,No,Month-to-month,Yes,Mailed check
56,101.05,5594.0,Male,1,No,No,Yes,Yes,Fiber optic,No,No,Yes,No,Yes,Yes,Month-to-month,Yes,Electronic check
13,74.3,940.35,Female,1,No,No,Yes,No,Fiber optic,No,No,Yes,No,No,No,Month-to-month,Yes,Electronic check
71,90.55,6404.0,Male,0,Yes,No,Yes,Yes,DSL,Yes,Yes,Yes,Yes,Yes,Yes,Two year,No,Bank transfer (automatic)
16,94.25,1483.25,Male,0,No,No,Yes,No,Fiber optic,Yes,No,No,No,Yes,Yes,Month-to-month,Yes,Electronic check
12,56.65,654.85,Male,0,No,No,Yes,No,DSL,Yes,No,No,Yes,No,No,Month-to-month,No,Mailed check
1,19.8,19.8,Female,0,No,No,Yes,No,No,No internet service,No internet service,No internet service,No internet service,No internet service,No internet service,Month-to-month,No,Credit card (automatic)
1,20.95,20.95,Male,0,No,No,Yes,No,No,No internet service,No internet service,No internet service,No internet service,No internet service,No internet service,Month-to-month,No,Bank transfer (automatic)
4,69.35,261.65,Male,1,No,No,Yes,No,Fiber optic,No,No,No,No,No,No,Month-to-month,No,Electronic check
35,19.85,739.35,Female,0,Yes,Yes,Yes,No,No,No internet service,No internet service,No internet service,No internet service,No internet service,No internet service,Two year,Yes,Mailed check
44,68.85,2958.95,Male,0,No,No,Yes,No,Fiber optic,No,No,No,No,No,No,Month-to-month,No,Credit card (automatic)
72,100.9,7459.05,Male,0,No,No,Yes,Yes,Fiber optic,No,Yes,Yes,No,Yes,Yes,Two year,Yes,Bank transfer (automatic)
33,100.6,3270.25,Male,1,Yes,No,Yes,Yes,Fiber optic,No,Yes,No,No,Yes,Yes,Month-to-month,Yes,Bank transfer (automatic)
2,68.95,119.75,Female,0,No,No,Yes,No,Fiber optic,No,No,No,No,No,No,Month-to-month,No,Electronic check
3,20.4,63.15,Female,0,No,No,Yes,No,No,No internet service,No internet service,No internet service,No internet service,No internet service,No internet service,Month-to-month,No,Mailed check
41,68.5,2839.95,Male,0,Yes,Yes,Yes,Yes,DSL,No,Yes,Yes,No,Yes,No,One year,No,Bank transfer (automatic)
52,20.4,1090.65,Female,0,Yes,Yes,Yes,No,No,No internet service,No internet service,No internet service,No internet service,No internet service,No internet service,One year,Yes,Electronic check
10,46.0,492.1,Male,0,No,No,Yes,No,DSL,No,No,No,No,No,No,Month-to-month,No,Mailed check
62,96.75,6125.4,Male,0,No,No,Yes,Yes,Fiber optic,No,No,Yes,No,Yes,Yes,One year,Yes,Electronic check
4,20.05,85.5,Female,0,No,Yes,Yes,No,No,No internet service,No internet service,No internet service,No internet service,No internet service,No internet service,Month-to-month,Yes,Bank transfer (automatic)
29,78.9,2384.15,Female,0,No,No,Yes,No,Fiber optic,No,No,No,No,Yes,No,Month-to-month,Yes,Electronic check
12,43.8,540.95,Female,0,No,No,Yes,No,DSL,No,No,No,No,No,No,Month-to-month,No,Bank transfer (automatic)
25,60.35,1404.65,Male,0,Yes,Yes,Yes,Yes,DSL,No,No,No,No,Yes,No,Month-to-month,No,Electronic check
2,76.5,162.45,Male,0,No,No,Yes,Yes,Fiber optic,No,No,No,No,No,No,Month-to-month,Yes,Electronic check
38,25.05,963.95,Male,0,Yes,Yes,Yes,Yes,No,No internet service,No internet service,No internet service,No internet service,No internet service,No internet service,Two year,No,Credit card (automatic)
25,105.95,2655.25,Male,1,No,No,Yes,Yes,Fiber optic,No,Yes,Yes,No,Yes,Yes,Month-to-month,No,Mailed check
44,25.7,1110.5,Male,0,Yes,Yes,Yes,Yes,No,No internet service,No internet service,No internet service,No internet service,No internet service,No internet service,One year,No,Mailed check
4,45.3,196.95,Female,0,No,No,Yes,No,DSL,No,No,No,No,No,No,Month-to-month,Yes,Mailed check
10,29.65,291.4,Female,1,No,No,No,No phone service,DSL,No,No,No,Yes,No,No,Month-to-month,Yes,Electronic check
68,86.45,5762.95,Female,0,Yes,No,Yes,Yes,Fiber optic,No,Yes,Yes,No,No,No,One year,No,Credit card (automatic)
44,19.55,819.95,Male,0,No,Yes,Yes,No,No,No internet service,No internet service,No internet service,No internet service,No internet service,No internet service,Two year,No,Bank transfer (automatic)
43,25.7,1188.2,Female,0,No,No,Yes,Yes,No,No internet service,No internet service,No internet service,No internet service,No internet service,No internet service,Two year,Yes,Credit card (automatic)
53,90.8,4921.2,Female,0,No,No,Yes,Yes,Fiber optic,Yes,Yes,Yes,No,No,No,Month-to-month,No,Electronic check
21,58.85,1215.45,Female,0,Yes,Yes,Yes,No,DSL,No,Yes,No,No,Yes,No,One year,Yes,Credit card (automatic)
2,95.1,180.25,Male,1,No,No,Yes,No,Fiber optic,No,Yes,Yes,Yes,No,Yes,Month-to-month,Yes,Credit card (automatic)
69,114.35,7665.8,Male,0,Yes,Yes,Yes,Yes,Fiber optic,Yes,Yes,Yes,Yes,Yes,Yes,Two year,Yes,Bank transfer (automatic)
19,86.85,1564.4,Female,0,Yes,No,Yes,Yes,Fiber optic,No,No,No,No,Yes,No,Month-to-month,Yes,Electronic check
1,60.0,60.0,Female,0,No,Yes,Yes,No,DSL,Yes,Yes,No,Yes,No,No,Month-to-month,Yes,Electronic check
24,81.0,1923.85,Male,0,Yes,Yes,Yes,Yes,DSL,Yes,No,No,Yes,Yes,Yes,Month-to-month,No,Bank transfer (automatic)
63,80.3,4896.35,Male,0,Yes,Yes,Yes,No,Fiber optic,No,Yes,Yes,No,No,No,Month-to-month,Yes,Credit card (automatic)
5,45.7,198.0,Female,1,No,No,No,No phone service,DSL,No,No,No,No,Yes,Yes,Month-to-month,No,Electronic check
12,96.0,1062.1,Female,0,No,No,Yes,No,Fiber optic,No,No,Yes,No,Yes,Yes,Month-to-month,Yes,Electronic check
21,43.55,1011.5,Male,0,No,No,No,No phone service,DSL,Yes,No,No,Yes,Yes,No,Month-to-month,Yes,Mailed check
21,71.7,1497.05,Female,1,Yes,No,Yes,Yes,DSL,No,Yes,Yes,No,No,Yes,One year,No,Bank transfer (automatic)
56,81.25,4620.4,Female,0,Yes,Yes,Yes,Yes,DSL,Yes,Yes,Yes,Yes,Yes,No,Two year,No,Credit card (automatic)
17,19.55,280.85,Female,0,No,No,Yes,No,No,No internet service,No internet service,No internet service,No internet service,No internet service,No internet service,One year,No,Mailed check
48,20.0,935.9,Female,0,Yes,Yes,Yes,No,No,No internet service,No internet service,No internet service,No internet service,No internet service,No internet service,Two year,No,Mailed check
20,19.7,395.6,Female,0,Yes,Yes,Yes,No,No,No internet service,No internet service,No internet service,No internet service,No internet service,No internet service,One year,No,Bank transfer (automatic)
25,69.3,1813.1,Female,1,Yes,No,Yes,No,Fiber optic,No,No,No,No,No,No,Month-to-month,Yes,Electronic check
1,19.9,19.9,Female,0,No,No,Yes,No,No,No internet service,No internet service,No internet service,No internet service,No internet service,No internet service,Month-to-month,No,Mailed check
22,94.65,2104.55,Male,0,No,No,Yes,Yes,Fiber optic,No,No,No,No,Yes,Yes,Month-to-month,Yes,Credit card (automatic)
57,71.1,4140.1,Male,1,Yes,No,Yes,Yes,DSL,No,Yes,Yes,No,Yes,No,One year,Yes,Credit card (automatic)
12,25.4,313.0,Male,0,Yes,Yes,Yes,Yes,No,No internet service,No internet service,No internet service,No internet service,No internet service,No internet service,Two year,Yes,Bank transfer (automatic)
24,101.25,2440.15,Male,1,No,No,Yes,Yes,Fiber optic,No,Yes,No,No,Yes,Yes,Month-to-month,Yes,Electronic check
39,99.95,3767.4,Female,0,Yes,Yes,Yes,Yes,Fiber optic,No,No,No,Yes,Yes,Yes,Month-to-month,Yes,Credit card (automatic)
29,101.45,2948.6,Male,1,No,No,Yes,No,Fiber optic,No,Yes,Yes,No,Yes,Yes,Month-to-month,Yes,Bank transfer (automatic)
32,18.95,613.95,Male,0,Yes,Yes,Yes,No,No,No internet service,No internet service,No internet service,No internet service,No internet service,No internet service,Two year,No,Mailed check
50,39.45,2021.35,Male,0,Yes,Yes,No,No phone service,DSL,Yes,No,No,No,Yes,No,Month-to-month,Yes,Credit card (automatic)
33,61.05,2018.4,Male,0,Yes,No,Yes,No,DSL,Yes,Yes,No,Yes,No,No,Two year,Yes,Mailed check
61,20.55,1252.0,Male,0,Yes,No,Yes,No,No,No internet service,No internet service,No internet service,No internet service,No internet service,No internet service,One year,Yes,Credit card (automatic)
66,104.25,6860.6,Male,0,No,No,Yes,Yes,Fiber optic,No,Yes,No,Yes,Yes,Yes,One year,Yes,Electronic check
34,25.6,917.15,Female,0,Yes,Yes,Yes,Yes,No,No internet service,No internet service,No internet service,No internet service,No internet service,No internet service,One year,Yes,Credit card (automatic)
70,25.4,1782.05,Male,0,Yes,Yes,Yes,Yes,No,No internet service,No internet service,No internet service,No internet service,No internet service,No internet service,Two year,No,Mailed check
13,74.65,966.25,Female,0,No,No,Yes,No,Fiber optic,No,Yes,No,No,No,No,One year,Yes,Mailed check
72,110.3,7966.9,Male,0,Yes,Yes,Yes,Yes,Fiber optic,Yes,Yes,Yes,No,Yes,Yes,Two year,Yes,Bank transfer (automatic)
13,67.8,842.25,Female,0,No,No,Yes,No,DSL,Yes,Yes,No,Yes,No,Yes,Month-to-month,No,Bank transfer (automatic)
9,45.4,418.8,Male,0,No,No,No,No phone service,DSL,No,No,No,No,Yes,Yes,Month-to-month,Yes,Electronic check
40,67.45,2731.0,Male,0,No,No,Yes,No,DSL,Yes,No,Yes,No,No,Yes,Month-to-month,No,Electronic check
23,99.85,2331.3,Male,0,Yes,Yes,Yes,No,Fiber optic,Yes,No,No,Yes,Yes,Yes,Month-to-month,Yes,Electronic check
58,103.25,6017.65,Male,0,No,No,Yes,Yes,Fiber optic,No,Yes,Yes,No,Yes,Yes,One year,Yes,Bank transfer (automatic)
5,79.9,343.95,Male,1,Yes,No,Yes,Yes,Fiber optic,No,No,Yes,No,No,No,Month-to-month,Yes,Bank transfer (automatic)
36,76.35,2606.35,Female,0,No,No,Yes,No,DSL,Yes,Yes,Yes,Yes,Yes,No,One year,Yes,Mailed check
70,76.1,5264.25,Male,0,Yes,No,Yes,Yes,DSL,No,Yes,Yes,Yes,Yes,No,Two year,No,Credit card (automatic)
4,80.1,336.15,Male,0,No,No,Yes,Yes,Fiber optic,Yes,No,No,No,No,No,Month-to-month,Yes,Electronic check
41,19.75,899.45,Male,0,Yes,No,Yes,No,No,No internet service,No internet service,No internet service,No internet service,No internet service,No internet service,Two year,Yes,Electronic check
57,20.1,1087.7,Female,0,Yes,Yes,Yes,No,No,No internet service,No internet service,No internet service,No internet service,No internet service,No internet service,Two year,Yes,Bank transfer (automatic)
61,51.35,3244.4,Female,0,Yes,Yes,No,No phone service,DSL,No,Yes,Yes,Yes,Yes,No,Two year,No,Credit card (automatic)
56,98.6,5581.05,Male,0,No,No,Yes,Yes,Fiber optic,No,Yes,No,No,Yes,Yes,Month-to-month,No,Electronic check
46,24.45,1066.15,Female,0,Yes,No,Yes,Yes,No,No internet service,No internet service,No internet service,No internet service,No internet service,No internet service,One year,Yes,Bank transfer (automatic)
37,78.9,2976.95,Female,0,No,No,Yes,Yes,DSL,Yes,Yes,Yes,Yes,Yes,No,Month-to-month,Yes,Credit card (automatic)
15,20.0,288.05,Male,0,Yes,Yes,Yes,No,No,No internet service,No internet service,No internet service,No internet service,No internet service,No internet service,Month-to-month,Yes,Electronic check
2,75.9,143.35,Female,0,No,No,Yes,Yes,Fiber optic,No,No,No,No,No,No,Month-to-month,Yes,Electronic check
68,44.95,3085.35,Female,0,No,No,No,No phone service,DSL,No,Yes,No,Yes,No,Yes,Month-to-month,No,Electronic check
8,54.4,475.1,Male,0,Yes,Yes,Yes,No,DSL,No,No,No,No,Yes,No,Month-to-month,Yes,Electronic check
26,73.5,1905.7,Female,0,Yes,No,Yes,No,DSL,No,Yes,Yes,No,Yes,Yes,Two year,Yes,Credit card (automatic)
34,85.35,2896.6,Female,0,No,No,Yes,Yes,Fiber optic,No,No,No,No,Yes,No,Month-to-month,No,Electronic check
12,95.7,1184.0,Male,0,No,No,Yes,No,Fiber optic,No,No,Yes,No,Yes,Yes,One year,No,Electronic check
51,78.65,3950.85,Female,0,Yes,No,Yes,Yes,DSL,No,Yes,No,Yes,Yes,Yes,One year,Yes,Credit card (automatic)
14,90.9,1259.0,Female,0,Yes,Yes,Yes,Yes,Fiber optic,No,Yes,No,No,No,Yes,Month-to-month,Yes,Bank transfer (automatic)
5,21.05,113.85,Male,0,No,No,Yes,No,No,No internet service,No internet service,No internet service,No internet service,No internet service,No internet service,Month-to-month,No,Mailed check
12,26.4,314.95,Male,0,Yes,Yes,Yes,Yes,No,No internet service,No internet service,No internet service,No internet service,No internet service,No internet service,One year,No,Mailed check
28,92.9,2768.35,Male,0,Yes,Yes,Yes,No,Fiber optic,No,Yes,Yes,Yes,Yes,No,One year,No,Bank transfer (automatic)
51,87.55,4475.9,Female,0,No,No,Yes,No,Fiber optic,No,No,No,No,Yes,Yes,One year,No,Credit card (automatic)
34,85.2,2874.45,Male,1,Yes,No,Yes,No,Fiber optic,No,No,Yes,No,Yes,No,Month-to-month,Yes,Credit card (automatic)
7,48.8,349.8,Female,0,Yes,Yes,Yes,Yes,DSL,No,No,No,No,No,No,Month-to-month,No,Electronic check
4,25.15,99.95,Female,0,Yes,No,No,No phone service,DSL,No,No,No,No,No,No,Month-to-month,Yes,Electronic check
19,19.7,386.5,Male,0,No,No,Yes,No,No,No internet service,No internet service,No internet service,No internet service,No internet service,No internet service,One year,Yes,Credit card (automatic)
1,70.55,70.55,Female,1,No,No,Yes,No,Fiber optic,No,No,No,No,No,No,Month-to-month,Yes,Electronic check
9,80.85,751.65,Female,1,No,No,Yes,No,Fiber optic,No,No,No,No,Yes,No,Month-to-month,Yes,Electronic check
24,24.7,571.75,Female,0,Yes,Yes,Yes,Yes,No,No internet service,No internet service,No internet service,No internet service,No internet service,No internet service,Two year,No,Mailed check
1,70.5,70.5,Female,0,No,No,Yes,No,Fiber optic,No,No,No,No,No,No,Month-to-month,No,Electronic check
39,51.05,2066.0,Female,0,Yes,Yes,Yes,No,DSL,Yes,No,No,No,No,No,Month-to-month,No,Credit card (automatic)
35,56.85,1861.1,Female,0,Yes,No,Yes,No,DSL,No,Yes,No,Yes,No,No,Month-to-month,No,Electronic check
24,60.45,1440.75,Male,0,No,No,Yes,No,DSL,Yes,Yes,No,Yes,No,No,Month-to-month,No,Bank transfer (automatic)
20,19.4,374.5,Male,0,No,Yes,Yes,No,No,No internet service,No internet service,No internet service,No internet service,No internet service,No internet service,Month-to-month,Yes,Electronic check
65,95.5,6153.85,Female,0,No,No,Yes,Yes,Fiber optic,No,Yes,Yes,No,Yes,No,One year,Yes,Electronic check
1,45.85,45.85,Male,0,Yes,Yes,Yes,No,DSL,No,No,No,No,No,No,Month-to-month,Yes,Mailed check
51,80.0,4242.35,Male,0,No,No,Yes,Yes,Fiber optic,No,No,Yes,No,No,No,Month-to-month,No,Credit card (automatic)
1,75.1,75.1,Male,0,No,No,Yes,Yes,Fiber optic,No,No,No,No,No,No,Month-to-month,Yes,Electronic check
69,90.65,6322.1,Male,0,No,No,Yes,Yes,DSL,Yes,Yes,Yes,Yes,Yes,Yes,Two year,No,Mailed check
69,89.95,6143.15,Male,1,Yes,No,Yes,Yes,Fiber optic,No,Yes,No,No,Yes,No,Month-to-month,Yes,Electronic check
59,99.5,5861.75,Male,0,Yes,Yes,Yes,Yes,Fiber optic,No,No,Yes,No,Yes,Yes,Two year,Yes,Credit card (automatic)
11,75.9,866.4,Male,0,No,No,Yes,No,Fiber optic,No,Yes,No,No,No,No,Month-to-month,Yes,Mailed check
6,80.25,493.4,Male,0,No,No,Yes,No,DSL,Yes,No,Yes,Yes,Yes,Yes,Two year,Yes,Mailed check
69,24.6,1678.05,Female,0,No,No,Yes,Yes,No,No internet service,No internet service,No internet service,No internet service,No internet service,No internet service,Two year,No,Credit card (automatic)
1,90.6,90.6,Female,0,No,No,Yes,No,Fiber optic,No,No,No,No,Yes,Yes,Month-to-month,No,Electronic check
13,95.25,1233.65,Male,1,Yes,No,Yes,Yes,Fiber optic,No,No,No,No,Yes,Yes,Month-to-month,Yes,Electronic check
41,113.6,4594.95,Female,0,Yes,No,Yes,Yes,Fiber optic,Yes,Yes,Yes,Yes,Yes,Yes,Month-to-month,Yes,Bank transfer (automatic)
37,95.15,3532.85,Female,0,Yes,Yes,Yes,Yes,Fiber optic,No,Yes,Yes,No,No,Yes,Month-to-month,Yes,Electronic check
71,24.65,1710.15,Female,0,Yes,No,Yes,Yes,No,No internet service,No internet service,No internet service,No internet service,No internet service,No internet service,Two year,Yes,Bank transfer (automatic)
20,95.5,1916.2,Female,0,Yes,Yes,Yes,Yes,Fiber optic,No,No,Yes,Yes,No,Yes,Month-to-month,Yes,Bank transfer (automatic)
11,78.0,851.8,Male,0,No,Yes,Yes,Yes,Fiber optic,No,No,Yes,No,No,No,Month-to-month,Yes,Mailed check
25,104.95,2566.5,Female,0,Yes,No,Yes,Yes,Fiber optic,No,No,Yes,Yes,Yes,Yes,Month-to-month,Yes,Bank transfer (automatic)
11,20.05,237.7,Female,0,No,No,Yes,No,No,No internet service,No internet service,No internet service,No internet service,No internet service,No internet service,One year,No,Credit card (automatic)
71,100.2,7209.0,Male,0,Yes,Yes,Yes,No,Fiber optic,Yes,Yes,Yes,Yes,Yes,No,Two year,No,Credit card (automatic)
71,105.55,7405.5,Male,0,Yes,Yes,Yes,Yes,Fiber optic,Yes,No,Yes,No,Yes,Yes,Two year,No,Electronic check
21,73.7,1558.7,Male,0,No,No,Yes,Yes,Fiber optic,No,No,No,No,No,No,Month-to-month,Yes,Electronic check
9,88.4,788.6,Female,0,No,No,Yes,No,Fiber optic,No,No,No,No,Yes,Yes,Month-to-month,Yes,Mailed check
42,73.15,3088.25,Male,0,Yes,Yes,Yes,No,DSL,No,No,Yes,Yes,Yes,Yes,One year,No,Electronic check
6,95.75,573.75,Male,1,Yes,No,Yes,No,Fiber optic,No,No,Yes,No,Yes,Yes,Month-to-month,Yes,Electronic check
49,106.65,5174.35,Female,0,Yes,No,Yes,Yes,Fiber optic,Yes,Yes,Yes,Yes,No,Yes,Two year,No,Credit card (automatic)
51,93.8,4539.35,Female,0,Yes,Yes,Yes,Yes,Fiber optic,Yes,Yes,No,No,No,Yes,Month-to-month,Yes,Electronic check
35,101.4,3496.3,Male,1,No,No,Yes,Yes,Fiber optic,No,No,Yes,No,Yes,Yes,Month-to-month,Yes,Electronic check
4,45.25,155.35,Male,0,Yes,Yes,Yes,No,DSL,No,No,No,No,No,No,Month-to-month,No,Mailed check
49,100.85,4847.35,Female,0,Yes,No,Yes,Yes,Fiber optic,Yes,No,No,No,Yes,Yes,Month-to-month,Yes,Mailed check
1,19.7,19.7,Male,0,Yes,Yes,Yes,No,No,No internet service,No internet service,No internet service,No internet service,No internet service,No internet service,Month-to-month,No,Mailed check
18,75.4,1380.4,Female,0,No,No,Yes,No,Fiber optic,Yes,No,No,No,No,No,Month-to-month,Yes,Electronic check
1,44.05,44.05,Male,0,No,No,Yes,No,DSL,No,No,No,No,No,No,Month-to-month,Yes,Bank transfer (automatic)
17,19.35,307.0,Female,0,Yes,No,Yes,No,No,No internet service,No internet service,No internet service,No internet service,No internet service,No internet service,One year,No,Mailed check
39,54.85,2191.7,Male,0,No,Yes,No,No phone service,DSL,No,No,Yes,Yes,Yes,Yes,One year,No,Bank transfer (automatic)
72,55.3,3983.6,Male,0,Yes,Yes,Yes,Yes,DSL,Yes,No,No,No,No,No,Two year,No,Bank transfer (automatic)
54,101.5,5373.1,Female,1,Yes,No,Yes,Yes,Fiber optic,No,Yes,No,No,Yes,Yes,One year,Yes,Credit card (automatic)
21,74.05,1565.7,Female,0,Yes,Yes,Yes,No,Fiber optic,No,Yes,No,No,No,No,Month-to-month,Yes,Bank transfer (automatic)
20,20.05,406.05,Female,0,Yes,Yes,Yes,No,No,No internet service,No internet service,No internet service,No internet service,No internet service,No internet service,Month-to-month,No,Mailed check
3,75.15,216.75,Female,0,Yes,No,Yes,Yes,Fiber optic,No,No,No,No,No,No,Month-to-month,Yes,Credit card (automatic)
42,49.55,2077.95,Female,0,No,No,Yes,No,DSL,No,Yes,No,No,No,No,Month-to-month,Yes,Electronic check
27,56.7,1652.95,Female,0,No,No,Yes,No,DSL,Yes,Yes,No,No,No,No,Month-to-month,Yes,Mailed check
1,20.95,20.95,Female,0,No,No,Yes,No,No,No internet service,No internet service,No internet service,No internet service,No internet service,No internet service,Month-to-month,No,Mailed check
55,77.8,4323.35,Male,0,No,No,Yes,Yes,DSL,No,No,Yes,No,Yes,Yes,Two year,Yes,Bank transfer (automatic)
1,70.85,70.85,Female,0,No,No,Yes,No,Fiber optic,No,No,No,No,No,No,Month-to-month,Yes,Electronic check
49,84.35,4059.35,Male,0,Yes,No,Yes,Yes,DSL,Yes,No,Yes,Yes,Yes,Yes,One year,No,Electronic check
15,74.4,1074.3,Male,1,No,No,Yes,No,Fiber optic,No,Yes,No,No,No,No,Month-to-month,Yes,Electronic check
18,20.05,388.6,Male,0,No,No,Yes,No,No,No internet service,No internet service,No internet service,No internet service,No internet service,No internet service,Two year,No,Credit card (automatic)
30,90.05,2627.2,Female,1,Yes,No,Yes,Yes,Fiber optic,No,Yes,No,No,Yes,No,Month-to-month,Yes,Electronic check
72,87.1,6230.1,Male,0,Yes,No,Yes,Yes,DSL,Yes,Yes,Yes,Yes,Yes,Yes,Two year,Yes,Bank transfer (automatic)
56,64.65,3665.55,Male,0,No,No,Yes,Yes,DSL,Yes,Yes,No,Yes,No,No,One year,Yes,Bank transfer (automatic)
54,74.0,3919.15,Male,1,Yes,No,Yes,Yes,Fiber optic,No,No,No,No,No,No,Month-to-month,No,Bank transfer (automatic)
59,107.0,6152.3,Female,0,Yes,No,Yes,Yes,Fiber optic,Yes,Yes,Yes,Yes,No,Yes,One year,Yes,Credit card (automatic)
48,78.75,3682.45,Male,0,No,Yes,Yes,Yes,DSL,Yes,No,Yes,No,Yes,Yes,One year,Yes,Credit card (automatic)
8,19.05,201.7,Female,0,Yes,Yes,Yes,No,No,No internet service,No internet service,No internet service,No internet service,No internet service,No internet service,Two year,No,Mailed check
72,73.0,5265.2,Female,0,No,No,Yes,No,DSL,Yes,Yes,Yes,Yes,No,Yes,Two year,Yes,Credit card (automatic)
62,110.8,6840.95,Female,0,Yes,Yes,Yes,Yes,Fiber optic,No,Yes,Yes,Yes,Yes,Yes,One year,Yes,Electronic check
4,19.9,76.65,Male,0,Yes,Yes,Yes,No,No,No internet service,No internet service,No internet service,No internet service,No internet service,No internet service,Two year,No,Mailed check
18,49.85,865.75,Female,1,No,No,Yes,No,DSL,No,Yes,No,No,No,No,Month-to-month,Yes,Credit card (automatic)
41,99.8,4259.3,Male,1,Yes,No,Yes,Yes,Fiber optic,No,No,Yes,No,Yes,Yes,Month-to-month,Yes,Electronic check
1,70.1,70.1,Female,0,No,No,Yes,No,Fiber optic,No,No,No,No,No,No,Month-to-month,Yes,Electronic check
5,28.45,131.05,Female,1,No,No,No,No phone service,DSL,No,Yes,No,No,No,No,Month-to-month,No,Electronic check
34,62.65,2274.9,Female,0,Yes,No,Yes,Yes,DSL,Yes,Yes,No,Yes,No,No,Month-to-month,No,Electronic check
42,19.8,849.9,Male,0,No,No,Yes,No,No,No internet service,No internet service,No internet service,No internet service,No internet service,No internet service,One year,No,Bank transfer (automatic)
19,89.65,1761.05,Female,0,Yes,No,Yes,Yes,Fiber optic,No,No,Yes,No,No,Yes,Month-to-month,No,Mailed check
69,54.95,3772.5,Female,0,Yes,Yes,No,No phone service,DSL,No,Yes,Yes,No,Yes,Yes,Two year,Yes,Credit card (automatic)
37,100.05,3810.55,Female,0,No,No,Yes,Yes,Fiber optic,No,No,Yes,No,Yes,Yes,Month-to-month,Yes,Electronic check
72,109.2,7878.3,Male,0,No,No,Yes,Yes,Fiber optic,No,Yes,Yes,Yes,Yes,Yes,Two year,No,Bank transfer (automatic)
50,43.05,2208.05,Male,0,No,Yes,No,No phone service,DSL,Yes,Yes,No,No,Yes,No,One year,Yes,Bank transfer (automatic)
25,74.3,1952.25,Male,0,No,No,Yes,No,Fiber optic,Yes,No,No,No,No,No,Month-to-month,No,Bank transfer (automatic)
54,24.95,1364.75,Male,1,Yes,No,No,No phone service,DSL,No,No,No,No,No,No,Month-to-month,Yes,Bank transfer (automatic)
1,19.95,19.95,Female,0,No,No,Yes,No,No,No internet service,No internet service,No internet service,No internet service,No internet service,No internet service,Month-to-month,No,Credit card (automatic)
54,59.8,3246.45,Female,0,Yes,Yes,Yes,Yes,DSL,No,Yes,Yes,No,No,No,Two year,Yes,Bank transfer (automatic)
1,30.2,30.2,Male,0,Yes,Yes,No,No phone service,DSL,No,Yes,No,No,No,No,Month-to-month,No,Electronic check
48,96.9,4473.45,Male,0,Yes,No,Yes,Yes,Fiber optic,Yes,Yes,Yes,No,Yes,No,Two year,Yes,Bank transfer (automatic)
5,74.35,334.8,Female,1,Yes,No,Yes,Yes,Fiber optic,No,No,No,No,No,No,Month-to-month,Yes,Electronic check
51,94.0,4905.75,Male,1,No,No,Yes,No,Fiber optic,No,No,Yes,No,Yes,Yes,One year,Yes,Bank transfer (automatic)
16,74.45,1261.35,Male,1,No,No,Yes,Yes,Fiber optic,No,No,No,No,No,No,Month-to-month,Yes,Bank transfer (automatic)
12,105.3,1275.65,Female,0,No,Yes,Yes,Yes,Fiber optic,No,Yes,Yes,No,Yes,Yes,Month-to-month,Yes,Electronic check
59,94.05,5483.9,Female,1,Yes,No,Yes,Yes,Fiber optic,Yes,Yes,Yes,Yes,No,No,One year,Yes,Electronic check
29,89.65,2623.65,Male,0,No,No,Yes,No,Fiber optic,No,Yes,No,Yes,Yes,No,Month-to-month,No,Mailed check
68,89.05,6185.8,Female,0,Yes,Yes,Yes,Yes,DSL,Yes,Yes,Yes,Yes,Yes,Yes,Two year,Yes,Bank transfer (automatic)
1,79.2,79.2,Female,1,No,No,Yes,No,Fiber optic,No,No,No,No,Yes,No,Month-to-month,Yes,Electronic check
10,72.85,688.65,Male,1,No,No,Yes,No,Fiber optic,No,Yes,No,No,No,No,Month-to-month,Yes,Electronic check
59,64.05,3886.85,Male,1,Yes,No,No,No phone service,DSL,Yes,No,Yes,Yes,Yes,Yes,Two year,Yes,Credit card (automatic)
1,95.6,95.6,Female,0,No,No,Yes,No,Fiber optic,Yes,No,No,No,Yes,Yes,Month-to-month,Yes,Electronic check
54,82.45,4350.1,Female,1,No,No,Yes,Yes,DSL,Yes,Yes,No,Yes,Yes,Yes,One year,No,Bank transfer (automatic)
60,101.15,6067.4,Male,0,Yes,No,Yes,Yes,Fiber optic,No,No,Yes,No,Yes,Yes,Two year,No,Credit card (automatic)
72,105.0,7589.8,Female,0,Yes,No,Yes,Yes,Fiber optic,Yes,No,Yes,No,Yes,Yes,Two year,Yes,Credit card (automatic)
69,110.05,7430.75,Male,0,No,No,Yes,Yes,Fiber optic,Yes,Yes,Yes,No,Yes,Yes,Two year,Yes,Credit card (automatic)
35,19.25,617.65,Female,0,No,No,Yes,No,No,No internet service,No internet service,No internet service,No internet service,No internet service,No internet service,Month-to-month,No,Bank transfer (automatic)
1,19.5,19.5,Female,0,No,No,Yes,No,No,No internet service,No internet service,No internet service,No internet service,No internet service,No internet service,Month-to-month,Yes,Mailed check
69,106.4,7251.9,Female,0,Yes,No,Yes,No,Fiber optic,Yes,Yes,No,Yes,Yes,Yes,One year,Yes,Credit card (automatic)
22,51.1,1232.9,Male,0,Yes,Yes,Yes,No,DSL,No,No,No,Yes,No,No,Month-to-month,Yes,Electronic check
18,56.25,969.85,Male,0,No,No,Yes,Yes,DSL,Yes,No,No,No,No,No,Month-to-month,No,Mailed check
58,84.3,4916.4,Female,0,Yes,No,Yes,Yes,DSL,Yes,No,Yes,Yes,Yes,Yes,Two year,Yes,Electronic check
51,111.5,5703.25,Female,0,No,No,Yes,Yes,Fiber optic,No,Yes,Yes,Yes,Yes,Yes,One year,Yes,Electronic check
35,20.6,754.0,Male,0,No,No,Yes,No,No,No internet service,No internet service,No internet service,No internet service,No internet service,No internet service,One year,No,Bank transfer (automatic)
20,60.0,1259.35,Female,1,Yes,No,Yes,No,DSL,No,Yes,No,No,No,Yes,Month-to-month,Yes,Electronic check
2,96.0,174.8,Female,0,No,No,Yes,Yes,Fiber optic,No,No,No,No,Yes,Yes,Month-to-month,Yes,Electronic check
22,48.8,1054.6,Female,0,No,No,Yes,No,DSL,Yes,No,No,No,No,No,Month-to-month,Yes,Credit card (automatic)
54,105.4,5643.4,Male,0,No,No,Yes,No,Fiber optic,Yes,Yes,No,Yes,Yes,Yes,One year,Yes,Credit card (automatic)
12,49.05,593.05,Male,0,No,No,Yes,No,DSL,No,Yes,No,No,No,No,Month-to-month,Yes,Bank transfer (automatic)
1,19.9,19.9,Female,0,No,No,Yes,No,No,No internet service,No internet service,No internet service,No internet service,No internet service,No internet service,Month-to-month,Yes,Mailed check
45,108.45,4964.7,Male,0,No,No,Yes,Yes,Fiber optic,Yes,No,Yes,Yes,Yes,Yes,Month-to-month,Yes,Credit card (automatic)
9,20.25,186.15,Female,0,No,No,Yes,No,No,No internet service,No internet service,No internet service,No internet service,No internet service,No internet service,Month-to-month,No,Mailed check
29,55.25,1620.2,Female,0,No,No,Yes,Yes,DSL,No,Yes,No,No,No,No,One year,Yes,Electronic check
35,19.6,686.95,Male,0,Yes,Yes,Yes,No,No,No internet service,No internet service,No internet service,No internet service,No internet service,No internet service,Two year,No,Mailed check
39,23.8,903.8,Male,0,Yes,Yes,Yes,Yes,No,No internet service,No internet service,No internet service,No internet service,No internet service,No internet service,Two year,Yes,Mailed check
30,19.05,637.55,Male,0,Yes,No,Yes,No,No,No internet service,No internet service,No internet service,No internet service,No internet service,No internet service,Two year,No,Mailed check
49,85.3,4297.95,Male,0,Yes,No,Yes,No,Fiber optic,No,Yes,No,No,Yes,No,Month-to-month,Yes,Credit card (automatic)
3,50.4,137.25,Male,0,No,No,Yes,Yes,DSL,No,No,No,No,No,No,Month-to-month,No,Bank transfer (automatic)
60,89.55,5231.2,Male,0,No,No,Yes,Yes,Fiber optic,No,No,Yes,No,Yes,No,Two year,Yes,Electronic check
38,83.9,3233.6,Female,0,No,No,Yes,No,Fiber optic,Yes,Yes,Yes,No,No,No,Month-to-month,Yes,Credit card (automatic)
2,59.5,130.5,Male,0,Yes,Yes,Yes,No,DSL,Yes,Yes,No,Yes,No,No,Two year,No,Mailed check
48,19.25,855.1,Male,0,Yes,No,Yes,No,No,No internet service,No internet service,No internet service,No internet service,No internet service,No internet service,Two year,No,Mailed check
19,20.2,382.2,Female,0,Yes,Yes,Yes,No,No,No internet service,No internet service,No internet service,No internet service,No internet service,No internet service,Month-to-month,No,Mailed check
29,84.45,2467.1,Male,0,Yes,No,Yes,Yes,Fiber optic,Yes,Yes,No,No,No,No,Month-to-month,Yes,Electronic check
43,40.45,1912.85,Male,0,No,Yes,No,No phone service,DSL,Yes,Yes,Yes,No,No,No,Month-to-month,Yes,Electronic check
40,97.1,3706.95,Male,0,Yes,No,Yes,Yes,Fiber optic,No,No,No,No,Yes,Yes,Month-to-month,Yes,Bank transfer (automatic)
6,74.4,434.1,Female,1,No,No,Yes,No,Fiber optic,No,No,Yes,No,No,No,Month-to-month,No,Electronic check
14,89.65,1208.35,Female,0,Yes,Yes,Yes,No,Fiber optic,No,Yes,No,Yes,No,Yes,Month-to-month,Yes,Credit card (automatic)
1,50.15,50.15,Male,0,No,No,Yes,No,DSL,No,Yes,No,No,No,No,Month-to-month,Yes,Mailed check
54,86.2,4524.05,Female,0,Yes,Yes,Yes,Yes,DSL,No,Yes,Yes,Yes,Yes,Yes,Month-to-month,Yes,Electronic check
47,73.6,3522.65,Male,0,Yes,No,Yes,No,DSL,No,Yes,Yes,No,Yes,Yes,Two year,No,Electronic check
5,80.0,412.5,Female,0,No,No,Yes,No,Fiber optic,No,No,No,No,No,Yes,Month-to-month,Yes,Electronic check
6,20.1,100.35,Female,0,Yes,Yes,Yes,No,No,No internet service,No internet service,No internet service,No internet service,No internet service,No internet service,Two year,No,Mailed check
18,25.1,428.45,Female,0,Yes,Yes,Yes,Yes,No,No internet service,No internet service,No internet service,No internet service,No internet service,No internet service,Two year,No,Mailed check
33,79.95,2684.85,Female,0,No,No,Yes,No,Fiber optic,No,Yes,No,Yes,No,No,One year,Yes,Bank transfer (automatic)
24,89.55,2187.15,Male,0,No,No,Yes,No,Fiber optic,No,Yes,Yes,No,No,Yes,Month-to-month,Yes,Electronic check
52,19.2,1054.75,Male,0,Yes,Yes,Yes,No,No,No internet service,No internet service,No internet service,No internet service,No internet service,No internet service,Two year,No,Mailed check
24,52.5,1208.15,Female,0,Yes,Yes,No,No phone service,DSL,Yes,Yes,Yes,Yes,No,Yes,Two year,Yes,Mailed check
61,103.9,6449.15,Male,0,Yes,Yes,Yes,No,Fiber optic,No,Yes,Yes,Yes,Yes,Yes,One year,No,Credit card (automatic)
45,98.7,4525.8,Male,1,Yes,No,Yes,Yes,Fiber optic,No,Yes,Yes,Yes,Yes,No,One year,Yes,Bank transfer (automatic)
72,108.4,7719.5,Male,0,Yes,No,Yes,Yes,Fiber optic,No,Yes,Yes,Yes,Yes,Yes,Two year,Yes,Electronic check
53,77.4,4155.95,Male,0,Yes,No,Yes,Yes,DSL,Yes,No,Yes,Yes,Yes,No,One year,No,Bank transfer (automatic)
48,34.7,1604.5,Female,0,Yes,No,No,No phone service,DSL,No,Yes,Yes,No,No,No,One year,No,Mailed check
23,19.65,451.55,Female,0,Yes,Yes,Yes,No,No,No internet service,No internet service,No internet service,No internet service,No internet service,No internet service,Two year,Yes,Mailed check
8,84.0,613.4,Female,1,Yes,No,Yes,Yes,Fiber optic,No,No,No,No,No,Yes,Month-to-month,Yes,Electronic check
4,19.95,82.9,Female,0,Yes,Yes,Yes,No,No,No internet service,No internet service,No internet service,No internet service,No internet service,No internet service,Month-to-month,Yes,Electronic check
69,105.35,7240.65,Female,0,Yes,No,Yes,Yes,Fiber optic,No,No,Yes,Yes,Yes,Yes,Two year,No,Bank transfer (automatic)
6,47.95,305.1,Female,0,No,No,No,No phone service,DSL,No,No,Yes,No,Yes,Yes,Month-to-month,Yes,Electronic check
1,45.3,45.3,Male,0,No,No,No,No phone service,DSL,No,No,No,No,Yes,Yes,Month-to-month,Yes,Mailed check
7,44.4,265.8,Male,1,No,No,No,No phone service,DSL,No,Yes,No,Yes,No,Yes,Month-to-month,Yes,Electronic check
50,75.5,4025.6,Male,0,Yes,Yes,Yes,No,DSL,Yes,No,No,Yes,Yes,Yes,One year,No,Electronic check
71,104.15,7365.3,Male,0,Yes,No,Yes,Yes,Fiber optic,No,Yes,No,Yes,Yes,Yes,Two year,Yes,Credit card (automatic)
16,54.85,916.15,Male,0,No,No,No,No phone service,DSL,Yes,Yes,Yes,Yes,Yes,No,Two year,No,Mailed check
6,63.4,348.8,Female,0,No,No,No,No phone service,DSL,Yes,Yes,Yes,Yes,Yes,Yes,Two year,Yes,Mailed check
32,91.05,2954.5,Female,0,Yes,Yes,Yes,Yes,Fiber optic,No,No,Yes,No,No,Yes,Month-to-month,Yes,Bank transfer (automatic)
72,84.7,6185.15,Female,0,No,No,Yes,Yes,Fiber optic,Yes,No,No,Yes,No,No,Two year,Yes,Bank transfer (automatic)
51,90.15,4554.85,Female,0,Yes,Yes,Yes,Yes,Fiber optic,No,No,Yes,No,No,Yes,One year,Yes,Electronic check
8,76.15,645.8,Male,0,Yes,Yes,Yes,Yes,DSL,Yes,Yes,No,Yes,No,Yes,Two year,Yes,Credit card (automatic)
1,45.6,45.6,Male,0,No,No,Yes,No,DSL,No,No,No,No,No,No,Month-to-month,No,Mailed check
24,51.15,1275.7,Male,0,No,No,Yes,No,DSL,Yes,No,No,No,No,No,Month-to-month,Yes,Electronic check
64,76.1,4818.8,Male,0,Yes,No,Yes,Yes,DSL,No,Yes,Yes,Yes,Yes,No,Two year,Yes,Bank transfer (automatic)
4,88.45,370.65,Male,0,No,No,Yes,No,Fiber optic,No,No,No,No,Yes,Yes,Month-to-month,Yes,Electronic check
65,59.6,3739.8,Female,0,No,No,Yes,No,DSL,Yes,Yes,No,Yes,No,No,Two year,Yes,Mailed check
4,65.55,237.2,Male,0,No,No,Yes,Yes,DSL,No,No,No,Yes,No,Yes,Month-to-month,No,Mailed check
36,18.55,689.0,Male,0,No,No,Yes,No,No,No internet service,No internet service,No internet service,No internet service,No internet service,No internet service,Two year,Yes,Credit card (automatic)
1,45.05,45.05,Male,0,No,No,Yes,No,DSL,No,No,No,No,No,No,Month-to-month,No,Mailed check
18,19.55,389.25,Female,0,No,No,Yes,No,No,No internet service,No internet service,No internet service,No internet service,No internet service,No internet service,Month-to-month,Yes,Mailed check
15,58.95,955.15,Female,0,No,No,Yes,No,DSL,Yes,No,Yes,Yes,No,No,Month-to-month,No,Electronic check
47,106.35,4849.1,Female,0,No,No,Yes,Yes,Fiber optic,No,Yes,Yes,No,Yes,Yes,Month-to-month,Yes,Electronic check
4,95.45,396.1,Female,1,No,No,Yes,Yes,Fiber optic,No,No,No,No,Yes,Yes,Month-to-month,Yes,Electronic check
59,99.5,5961.1,Male,0,Yes,No,Yes,Yes,Fiber optic,No,No,Yes,No,Yes,Yes,One year,Yes,Bank transfer (automatic)
45,100.85,4740.0,Male,0,No,No,Yes,Yes,Fiber optic,No,Yes,No,No,Yes,Yes,Month-to-month,Yes,Credit card (automatic)
64,105.25,6823.4,Male,0,Yes,No,Yes,Yes,Fiber optic,No,Yes,No,Yes,Yes,Yes,Two year,Yes,Electronic check
8,66.25,546.45,Male,0,No,No,Yes,No,DSL,No,No,No,No,Yes,Yes,Month-to-month,Yes,Electronic check
35,73.45,2661.1,Male,0,Yes,Yes,Yes,Yes,DSL,No,No,No,Yes,Yes,Yes,One year,Yes,Bank transfer (automatic)
23,20.0,445.3,Male,0,Yes,Yes,Yes,No,No,No internet service,No internet service,No internet service,No internet service,No internet service,No internet service,One year,Yes,Credit card (automatic)
72,63.7,4464.8,Male,0,No,No,No,No phone service,DSL,Yes,Yes,Yes,Yes,Yes,Yes,Two year,Yes,Bank transfer (automatic)
36,19.55,620.75,Female,0,No,No,Yes,No,No,No internet service,No internet service,No internet service,No internet service,No internet service,No internet service,One year,No,Mailed check
20,70.55,1493.55,Male,0,No,No,Yes,No,Fiber optic,No,No,No,No,No,No,Month-to-month,No,Credit card (automatic)
71,99.65,7181.25,Female,1,No,No,Yes,Yes,Fiber optic,Yes,Yes,No,Yes,Yes,No,One year,Yes,Credit card (automatic)
72,19.7,1421.9,Male,0,Yes,No,Yes,No,No,No internet service,No internet service,No internet service,No internet service,No internet service,No internet service,Two year,No,Credit card (automatic)
1,23.45,23.45,Male,0,Yes,No,No,No phone service,DSL,No,No,No,No,No,No,Month-to-month,Yes,Electronic check
63,99.65,6311.2,Female,0,Yes,Yes,Yes,Yes,Fiber optic,Yes,No,No,No,Yes,Yes,One year,Yes,Credit card (automatic)
2,29.85,75.6,Male,0,No,No,No,No phone service,DSL,No,No,No,Yes,No,No,Month-to-month,No,Bank transfer (automatic)
19,44.9,839.65,Female,0,Yes,No,Yes,No,DSL,No,No,No,No,No,No,Month-to-month,No,Mailed check
62,23.75,1446.8,Male,0,Yes,No,Yes,Yes,No,No internet service,No internet service,No internet service,No internet service,No internet service,No internet service,One year,Yes,Credit card (automatic)
47,99.7,4747.2,Female,1,Yes,No,Yes,Yes,Fiber optic,No,No,Yes,No,Yes,Yes,Month-to-month,No,Electronic check
15,101.9,1667.25,Male,0,Yes,Yes,Yes,No,Fiber optic,Yes,No,No,Yes,Yes,Yes,One year,No,Electronic check
1,20.65,20.65,Female,0,Yes,No,Yes,No,No,No internet service,No internet service,No internet service,No internet service,No internet service,No internet service,Month-to-month,Yes,Mailed check
2,44.7,93.7,Male,1,No,No,Yes,No,DSL,No,No,No,No,No,No,Month-to-month,Yes,Electronic check
27,19.15,501.35,Female,0,No,No,Yes,No,No,No internet service,No internet service,No internet service,No internet service,No internet service,No internet service,One year,No,Mailed check
5,39.5,210.75,Female,0,No,No,No,No phone service,DSL,No,No,Yes,No,No,Yes,Month-to-month,No,Electronic check
70,89.75,6367.2,Female,0,No,No,Yes,Yes,DSL,Yes,Yes,Yes,Yes,Yes,Yes,Two year,No,Credit card (automatic)
22,84.75,1816.75,Female,0,No,Yes,Yes,Yes,Fiber optic,No,No,No,No,No,Yes,Month-to-month,Yes,Electronic check
7,49.65,305.55,Male,0,Yes,Yes,No,No phone service,DSL,Yes,No,Yes,Yes,No,Yes,Two year,No,Credit card (automatic)
15,51.55,765.5,Male,0,No,No,Yes,Yes,DSL,No,No,No,No,No,No,Month-to-month,No,Electronic check
36,80.4,2937.65,Female,0,Yes,No,Yes,No,Fiber optic,No,No,No,No,No,Yes,Month-to-month,No,Electronic check
55,103.65,5676.65,Female,0,Yes,No,Yes,Yes,Fiber optic,No,Yes,Yes,No,Yes,Yes,Month-to-month,Yes,Credit card (automatic)
72,25.1,1857.85,Female,0,Yes,Yes,Yes,Yes,No,No internet service,No internet service,No internet service,No internet service,No internet service,No internet service,Two year,No,Bank transfer (automatic)
15,100.15,1415.0,Female,0,No,No,Yes,Yes,Fiber optic,No,Yes,No,No,Yes,Yes,Month-to-month,Yes,Electronic check
15,74.2,1133.9,Male,1,No,No,Yes,Yes,Fiber optic,No,No,No,No,No,No,Month-to-month,Yes,Credit card (automatic)
36,91.95,3301.05,Female,1,Yes,No,Yes,Yes,Fiber optic,No,Yes,No,No,Yes,No,Month-to-month,Yes,Credit card (automatic)
71,19.45,1378.45,Male,0,Yes,Yes,Yes,No,No,No internet service,No internet service,No internet service,No internet service,No internet service,No internet service,Two year,No,Mailed check
13,31.65,389.95,Female,0,No,No,No,No phone service,DSL,No,Yes,No,No,No,No,Month-to-month,Yes,Electronic check
0,20.0,0.0,Female,0,Yes,Yes,Yes,No,No,No internet service,No internet service,No internet service,No internet service,No internet service,No internet service,Two year,No,Mailed check
32,80.3,2483.05,Male,1,Yes,No,Yes,No,Fiber optic,No,No,No,No,No,Yes,Month-to-month,Yes,Credit card (automatic)
69,95.35,6382.0,Male,1,Yes,No,Yes,Yes,Fiber optic,No,Yes,Yes,No,No,Yes,Month-to-month,Yes,Bank transfer (automatic)
22,50.35,1098.85,Female,0,No,No,No,No phone service,DSL,No,Yes,No,No,Yes,Yes,Month-to-month,Yes,Electronic check
26,47.85,1190.5,Female,0,Yes,No,No,No phone service,DSL,Yes,Yes,Yes,No,Yes,No,One year,No,Bank transfer (automatic)
12,25.25,274.7,Female,0,Yes,Yes,Yes,Yes,No,No internet service,No internet service,No internet service,No internet service,No internet service,No internet service,Two year,No,Credit card (automatic)
1,74.45,74.45,Female,1,No,No,Yes,Yes,Fiber optic,No,No,No,No,No,No,Month-to-month,Yes,Mailed check
3,30.4,82.15,Male,0,No,No,No,No phone service,DSL,No,No,No,Yes,No,No,Month-to-month,No,Electronic check
13,20.4,251.65,Male,0,No,No,Yes,No,No,No internet service,No internet service,No internet service,No internet service,No internet service,No internet service,Month-to-month,Yes,Electronic check
27,85.2,2151.6,Male,0,Yes,Yes,Yes,Yes,Fiber optic,No,Yes,No,Yes,No,No,Month-to-month,Yes,Credit card (automatic)
9,75.6,661.55,Male,0,No,No,Yes,No,Fiber optic,Yes,No,No,No,No,No,Month-to-month,No,Electronic check
10,45.25,428.7,Female,0,No,No,Yes,No,DSL,No,No,No,No,No,No,Month-to-month,No,Mailed check
30,90.4,2820.65,Male,0,No,No,Yes,Yes,Fiber optic,Yes,Yes,Yes,No,No,No,One year,No,Bank transfer (automatic)
3,29.2,98.5,Female,0,No,No,No,No phone service,DSL,No,Yes,No,No,No,No,Month-to-month,No,Mailed check
18,48.35,810.7,Female,1,Yes,No,No,No phone service,DSL,No,No,Yes,No,Yes,Yes,Month-to-month,Yes,Electronic check
1,20.1,20.1,Male,0,No,No,Yes,No,No,No internet service,No internet service,No internet service,No internet service,No internet service,No internet service,Month-to-month,Yes,Mailed check
1,79.9,79.9,Male,0,No,No,Yes,No,Fiber optic,No,No,No,No,No,Yes,Month-to-month,No,Electronic check
72,20.35,1354.4,Male,0,Yes,Yes,Yes,No,No,No internet service,No internet service,No internet service,No internet service,No internet service,No internet service,Two year,No,Electronic check
58,68.4,3972.25,Female,0,Yes,No,Yes,Yes,DSL,Yes,No,No,Yes,No,Yes,One year,Yes,Electronic check
6,19.65,116.85,Female,0,No,No,Yes,No,No,No internet service,No internet service,No internet service,No internet service,No internet service,No internet service,Two year,No,Credit card (automatic)
17,75.4,1322.55,Female,0,Yes,No,Yes,Yes,DSL,No,Yes,No,No,Yes,Yes,Month-to-month,Yes,Bank transfer (automatic)
71,105.1,7548.1,Male,1,Yes,Yes,Yes,Yes,Fiber optic,Yes,Yes,No,No,Yes,Yes,Month-to-month,Yes,Credit card (automatic)
59,93.35,5386.5,Female,0,Yes,No,Yes,Yes,Fiber optic,No,No,Yes,Yes,Yes,No,Month-to-month,No,Electronic check
26,90.1,2312.55,Female,0,Yes,No,Yes,Yes,DSL,Yes,Yes,Yes,Yes,Yes,Yes,One year,Yes,Credit card (automatic)
6,98.15,567.45,Female,0,No,No,Yes,No,Fiber optic,Yes,Yes,Yes,Yes,No,Yes,Month-to-month,Yes,Bank transfer (automatic)
11,23.15,245.2,Male,0,No,No,Yes,Yes,No,No internet service,No internet service,No internet service,No internet service,No internet service,No internet service,Month-to-month,No,Credit card (automatic)
34,87.45,2874.15,Female,0,Yes,Yes,Yes,Yes,Fiber optic,No,No,Yes,No,Yes,No,Month-to-month,No,Electronic check
23,98.7,2249.1,Female,0,No,No,Yes,Yes,Fiber optic,No,Yes,No,No,Yes,Yes,Month-to-month,Yes,Credit card (automatic)
3,70.4,204.7,Female,1,No,No,Yes,No,Fiber optic,No,No,No,No,No,No,Month-to-month,Yes,Electronic check
54,105.85,5826.65,Male,0,No,Yes,Yes,No,Fiber optic,Yes,Yes,No,Yes,Yes,Yes,One year,Yes,Electronic check
7,86.5,582.5,Female,0,Yes,No,Yes,Yes,Fiber optic,No,No,No,No,Yes,No,Month-to-month,Yes,Electronic check
18,61.5,1087.45,Female,0,Yes,Yes,Yes,No,DSL,Yes,Yes,No,Yes,No,No,One year,Yes,Mailed check
7,64.3,445.95,Male,0,No,No,Yes,No,DSL,No,No,Yes,Yes,Yes,No,Month-to-month,No,Bank transfer (automatic)
14,64.7,941.0,Female,0,Yes,No,Yes,Yes,DSL,Yes,No,No,No,Yes,No,Month-to-month,Yes,Bank transfer (automatic)
58,20.3,1160.75,Female,0,Yes,Yes,Yes,No,No,No internet service,No internet service,No internet service,No internet service,No internet service,No internet service,Two year,No,Credit card (automatic)
64,70.2,4481.0,Female,1,No,No,Yes,No,DSL,Yes,Yes,No,Yes,Yes,No,Two year,Yes,Credit card (automatic)
2,30.9,59.05,Female,0,No,No,No,No phone service,DSL,No,No,No,Yes,No,No,Month-to-month,Yes,Electronic check
72,108.1,7774.05,Female,1,No,No,Yes,Yes,Fiber optic,No,Yes,Yes,Yes,Yes,Yes,Two year,Yes,Bank transfer (automatic)
9,74.75,706.6,Female,0,No,No,Yes,Yes,Fiber optic,No,No,No,No,No,No,Month-to-month,Yes,Electronic check
8,54.75,438.05,Male,0,No,No,Yes,No,DSL,No,No,No,No,No,Yes,Month-to-month,Yes,Credit card (automatic)
68,118.6,7990.05,Female,0,Yes,No,Yes,Yes,Fiber optic,Yes,Yes,Yes,Yes,Yes,Yes,Two year,No,Mailed check
72,116.45,8013.55,Female,0,No,No,Yes,Yes,Fiber optic,Yes,Yes,Yes,Yes,Yes,Yes,Two year,Yes,Bank transfer (automatic)
27,56.2,1567.55,Male,0,No,Yes,Yes,No,DSL,Yes,Yes,No,No,No,No,One year,No,Mailed check
1,76.4,76.4,Female,1,Yes,No,Yes,No,Fiber optic,No,Yes,No,No,No,No,Month-to-month,Yes,Mailed check
69,82.45,5555.3,Female,0,No,No,Yes,No,DSL,Yes,No,Yes,Yes,Yes,Yes,Two year,Yes,Credit card (automatic)
71,25.0,1753.0,Female,0,Yes,No,Yes,Yes,No,No internet service,No internet service,No internet service,No internet service,No internet service,No internet service,Two year,No,Bank transfer (automatic)
39,59.3,2209.15,Female,0,No,No,Yes,No,DSL,No,No,No,Yes,No,Yes,One year,No,Electronic check
65,105.05,6744.25,Female,0,No,No,Yes,Yes,Fiber optic,No,Yes,No,Yes,Yes,Yes,One year,Yes,Bank transfer (automatic)
68,54.45,3687.75,Female,0,No,No,Yes,Yes,DSL,Yes,No,No,No,No,No,Month-to-month,No,Mailed check
65,99.1,6496.15,Male,1,No,No,Yes,No,Fiber optic,No,Yes,Yes,No,Yes,Yes,Month-to-month,Yes,Bank transfer (automatic)
20,105.85,2239.65,Female,0,Yes,Yes,Yes,Yes,Fiber optic,No,Yes,Yes,No,Yes,Yes,Month-to-month,Yes,Bank transfer (automatic)
66,65.85,4097.05,Male,0,Yes,Yes,Yes,No,DSL,Yes,Yes,Yes,Yes,No,No,Two year,No,Mailed check
18,68.35,1299.8,Male,0,No,No,Yes,No,DSL,Yes,No,Yes,Yes,Yes,No,Month-to-month,Yes,Electronic check
65,24.8,1600.95,Male,0,No,No,Yes,Yes,No,No internet service,No internet service,No internet service,No internet service,No internet service,No internet service,One year,No,Credit card (automatic)
8,83.55,680.05,Female,0,Yes,Yes,Yes,No,Fiber optic,No,Yes,No,No,Yes,No,Month-to-month,Yes,Electronic check
9,44.95,431.0,Male,0,No,No,Yes,No,DSL,No,No,No,No,No,No,Month-to-month,No,Mailed check
46,70.6,3231.05,Female,0,Yes,No,Yes,No,DSL,Yes,Yes,No,Yes,No,Yes,One year,No,Mailed check
15,83.05,1258.3,Female,1,Yes,No,Yes,Yes,Fiber optic,No,No,Yes,Yes,No,No,Month-to-month,Yes,Electronic check
34,65.0,2157.5,Female,0,No,No,Yes,Yes,DSL,No,No,No,Yes,Yes,No,Month-to-month,No,Mailed check
19,96.8,1743.05,Female,0,Yes,No,Yes,No,Fiber optic,No,No,Yes,No,Yes,Yes,Month-to-month,Yes,Electronic check
72,90.25,6369.45,Male,0,Yes,No,Yes,Yes,DSL,Yes,Yes,Yes,Yes,Yes,Yes,Two year,Yes,Credit card (automatic)
1,71.35,71.35,Male,0,No,No,Yes,No,Fiber optic,No,No,No,No,No,No,Month-to-month,Yes,Mailed check
28,54.4,1516.6,Male,0,No,Yes,Yes,No,DSL,No,Yes,No,Yes,No,No,One year,Yes,Credit card (automatic)
54,65.3,3512.9,Male,0,No,No,Yes,No,DSL,Yes,Yes,No,No,Yes,No,Two year,Yes,Bank transfer (automatic)
15,55.2,864.55,Male,0,No,Yes,Yes,No,DSL,No,No,Yes,Yes,No,No,One year,No,Credit card (automatic)
2,62.15,113.1,Female,0,Yes,No,Yes,No,DSL,Yes,No,No,No,No,Yes,Month-to-month,Yes,Mailed check
68,80.35,5589.3,Male,1,Yes,No,Yes,Yes,Fiber optic,No,No,Yes,No,No,No,Month-to-month,Yes,Credit card (automatic)
41,20.0,879.8,Male,0,Yes,Yes,Yes,No,No,No internet service,No internet service,No internet service,No internet service,No internet service,No internet service,Two year,Yes,Mailed check
57,19.5,1167.6,Female,0,Yes,Yes,Yes,No,No,No internet service,No internet service,No internet service,No internet service,No internet service,No internet service,Two year,No,Bank transfer (automatic)
72,108.95,7875.0,Male,0,Yes,No,Yes,Yes,Fiber optic,Yes,Yes,No,Yes,Yes,Yes,Two year,Yes,Credit card (automatic)
70,114.75,7842.3,Male,0,Yes,Yes,Yes,Yes,Fiber optic,Yes,Yes,Yes,Yes,Yes,Yes,Two year,No,Credit card (automatic)
48,44.8,2104.55,Female,0,No,No,No,No phone service,DSL,Yes,Yes,No,No,Yes,No,Month-to-month,Yes,Electronic check
63,75.7,4676.7,Male,0,Yes,Yes,Yes,Yes,DSL,Yes,No,Yes,Yes,No,Yes,Two year,No,Mailed check
30,91.7,2758.15,Female,1,No,No,Yes,Yes,Fiber optic,Yes,Yes,Yes,No,No,No,Month-to-month,No,Credit card (automatic)
1,90.75,90.75,Male,0,Yes,No,Yes,No,Fiber optic,No,No,No,No,Yes,Yes,Month-to-month,Yes,Electronic check
24,54.15,1240.25,Female,0,No,No,No,No phone service,DSL,No,Yes,Yes,No,Yes,Yes,Month-to-month,Yes,Credit card (automatic)
64,20.2,1277.75,Female,0,Yes,Yes,Yes,No,No,No internet service,No internet service,No internet service,No internet service,No internet service,No internet service,Two year,No,Mailed check
71,89.3,6388.65,Female,0,Yes,No,Yes,Yes,DSL,Yes,Yes,Yes,Yes,Yes,Yes,Two year,No,Credit card (automatic)
9,49.2,447.9,Male,1,No,No,Yes,No,DSL,No,No,No,Yes,No,No,Month-to-month,No,Mailed check
10,73.55,693.3,Female,0,No,Yes,Yes,Yes,DSL,Yes,No,Yes,Yes,No,Yes,One year,No,Credit card (automatic)
66,89.0,5898.6,Female,0,Yes,No,Yes,Yes,Fiber optic,Yes,Yes,No,Yes,No,No,One year,No,Electronic check
23,75.4,1643.55,Female,1,No,No,Yes,No,Fiber optic,Yes,No,No,No,No,No,Month-to-month,Yes,Bank transfer (automatic)
46,80.0,3769.7,Male,0,Yes,Yes,Yes,Yes,Fiber optic,No,Yes,No,No,No,No,Month-to-month,Yes,Bank transfer (automatic)
1,20.3,20.3,Female,0,No,No,Yes,No,No,No internet service,No internet service,No internet service,No internet service,No internet service,No internet service,Month-to-month,Yes,Mailed check
11,95.0,1120.3,Female,1,No,No,Yes,No,Fiber optic,No,Yes,No,No,Yes,Yes,Month-to-month,Yes,Electronic check
4,100.2,420.2,Male,0,Yes,No,Yes,Yes,Fiber optic,No,Yes,No,No,Yes,Yes,Month-to-month,Yes,Electronic check
67,116.2,7752.3,Male,0,No,No,Yes,Yes,Fiber optic,Yes,Yes,Yes,Yes,Yes,Yes,Two year,No,Credit card (automatic)
34,78.95,2647.2,Male,0,Yes,Yes,Yes,No,Fiber optic,No,No,No,No,No,Yes,One year,Yes,Bank transfer (automatic)
14,100.55,1415.55,Male,0,No,No,Yes,Yes,Fiber optic,No,Yes,No,No,Yes,Yes,Month-to-month,Yes,Electronic check
29,98.65,2862.75,Female,1,No,No,Yes,Yes,Fiber optic,No,No,No,Yes,Yes,Yes,Month-to-month,No,Electronic check
26,44.45,1183.8,Female,0,No,No,No,No phone service,DSL,No,No,Yes,Yes,Yes,No,Month-to-month,Yes,Credit card (automatic)
3,76.1,257.6,Female,0,No,No,Yes,Yes,Fiber optic,No,No,No,No,No,No,Month-to-month,No,Electronic check
31,49.2,1498.55,Female,0,Yes,No,Yes,No,DSL,No,No,No,Yes,No,No,Month-to-month,Yes,Mailed check
33,103.75,3361.05,Female,0,Yes,No,Yes,No,Fiber optic,Yes,No,Yes,Yes,Yes,Yes,One year,Yes,Electronic check
3,80.5,232.35,Female,0,No,No,Yes,No,Fiber optic,No,No,No,No,Yes,No,Month-to-month,Yes,Electronic check
28,103.3,2890.65,Female,1,No,No,Yes,Yes,Fiber optic,No,No,Yes,Yes,Yes,Yes,Month-to-month,Yes,Electronic check
3,65.25,209.9,Male,0,No,No,Yes,Yes,DSL,No,No,No,Yes,Yes,No,Month-to-month,Yes,Mailed check
58,110.65,6526.65,Female,0,Yes,No,Yes,Yes,Fiber optic,Yes,Yes,Yes,No,Yes,Yes,One year,Yes,Credit card (automatic)
72,83.55,6093.3,Male,0,Yes,Yes,Yes,Yes,DSL,Yes,No,Yes,Yes,Yes,Yes,Two year,Yes,Credit card (automatic)
65,19.55,1218.65,Male,0,No,No,Yes,No,No,No internet service,No internet service,No internet service,No internet service,No internet service,No internet service,Two year,Yes,Credit card (automatic)
1,35.0,35.0,Female,0,Yes,No,No,No phone service,DSL,No,No,No,No,No,Yes,Month-to-month,No,Electronic check
70,114.2,7723.9,Female,0,Yes,Yes,Yes,Yes,Fiber optic,Yes,Yes,Yes,Yes,Yes,Yes,Two year,Yes,Bank transfer (automatic)
28,104.8,3046.05,Female,0,Yes,No,Yes,Yes,Fiber optic,No,No,Yes,Yes,Yes,Yes,Month-to-month,Yes,Electronic check
72,25.4,1809.35,Male,1,No,No,Yes,Yes,No,No internet service,No internet service,No internet service,No internet service,No internet service,No internet service,Two year,No,Bank transfer (automatic)
46,21.1,937.1,Female,0,No,No,Yes,No,No,No internet service,No internet service,No internet service,No internet service,No internet service,No internet service,Two year,Yes,Electronic check
30,69.1,2093.9,Male,1,No,No,Yes,Yes,DSL,No,No,Yes,Yes,Yes,No,Two year,Yes,Credit card (automatic)
51,59.3,3014.65,Male,0,Yes,Yes,No,No phone service,DSL,Yes,Yes,Yes,No,Yes,Yes,One year,No,Electronic check
20,19.35,433.75,Female,0,No,No,Yes,No,No,No internet service,No internet service,No internet service,No internet service,No internet service,No internet service,One year,Yes,Credit card (automatic)
31,98.9,2911.3,Female,1,Yes,Yes,Yes,No,Fiber optic,No,No,Yes,Yes,Yes,Yes,Month-to-month,Yes,Electronic check
11,65.15,723.35,Male,0,Yes,Yes,Yes,Yes,DSL,Yes,No,No,No,Yes,No,Month-to-month,Yes,Bank transfer (automatic)
1,86.0,86.0,Female,1,No,No,Yes,No,Fiber optic,No,Yes,No,No,No,Yes,Month-to-month,Yes,Electronic check
4,20.4,94.5,Female,0,No,Yes,Yes,No,No,No internet service,No internet service,No internet service,No internet service,No internet service,No internet service,Month-to-month,No,Credit card (automatic)
5,20.55,99.45,Male,0,Yes,Yes,Yes,No,No,No internet service,No internet service,No internet service,No internet service,No internet service,No internet service,One year,No,Electronic check
1,20.25,20.25,Male,0,No,No,Yes,No,No,No internet service,No internet service,No internet service,No internet service,No internet service,No internet service,Month-to-month,Yes,Mailed check
30,74.75,2111.3,Male,1,No,No,Yes,No,DSL,Yes,Yes,No,No,Yes,Yes,Month-to-month,Yes,Electronic check
25,70.95,1767.35,Male,0,No,No,Yes,No,Fiber optic,No,No,No,No,No,No,Month-to-month,No,Mailed check
61,115.1,7008.15,Female,0,Yes,Yes,Yes,Yes,Fiber optic,Yes,Yes,Yes,Yes,Yes,Yes,Two year,No,Credit card (automatic)
71,116.1,8310.55,Male,0,Yes,No,Yes,Yes,Fiber optic,Yes,Yes,Yes,Yes,Yes,Yes,Two year,Yes,Bank transfer (automatic)
22,90.0,1993.8,Female,0,No,No,Yes,Yes,Fiber optic,No,No,No,Yes,Yes,No,Month-to-month,Yes,Electronic check
29,26.1,692.55,Female,0,Yes,Yes,Yes,Yes,No,No internet service,No internet service,No internet service,No internet service,No internet service,No internet service,Two year,No,Mailed check
39,73.15,2730.85,Male,0,No,No,Yes,Yes,Fiber optic,No,No,No,No,No,No,Month-to-month,Yes,Credit card (automatic)
29,99.05,2952.85,Female,1,Yes,No,Yes,Yes,Fiber optic,No,No,Yes,No,Yes,Yes,Month-to-month,Yes,Bank transfer (automatic)
60,20.95,1270.55,Male,0,Yes,Yes,Yes,No,No,No internet service,No internet service,No internet service,No internet service,No internet service,No internet service,Two year,Yes,Bank transfer (automatic)
53,61.1,3357.9,Male,0,No,No,Yes,No,DSL,No,No,Yes,No,No,Yes,One year,Yes,Electronic check
16,55.85,857.8,Male,0,Yes,Yes,Yes,No,DSL,Yes,Yes,No,No,No,No,One year,Yes,Mailed check
1,95.85,95.85,Female,0,No,No,Yes,No,Fiber optic,No,No,No,Yes,Yes,Yes,Month-to-month,Yes,Electronic check
37,45.4,1593.1,Female,0,Yes,No,No,No phone service,DSL,Yes,No,No,Yes,Yes,No,Two year,No,Electronic check
40,24.6,973.95,Male,0,No,No,Yes,Yes,No,No internet service,No internet service,No internet service,No internet service,No internet service,No internet service,Two year,Yes,Mailed check
1,24.25,24.25,Male,0,No,No,No,No phone service,DSL,No,No,No,No,No,No,Month-to-month,Yes,Electronic check
3,45.35,141.5,Male,0,No,No,Yes,No,DSL,No,No,No,No,No,No,Month-to-month,Yes,Electronic check
55,19.15,998.1,Female,0,Yes,Yes,Yes,No,No,No internet service,No internet service,No internet service,No internet service,No internet service,No internet service,One year,No,Credit card (automatic)
47,21.3,1041.8,Female,0,Yes,Yes,Yes,No,No,No internet service,No internet service,No internet service,No internet service,No internet service,No internet service,Two year,Yes,Bank transfer (automatic)
6,85.15,503.6,Male,1,No,No,Yes,No,Fiber optic,Yes,No,No,No,Yes,No,Month-to-month,Yes,Bank transfer (automatic)
21,104.55,2239.4,Female,0,No,No,Yes,No,Fiber optic,No,Yes,Yes,Yes,Yes,Yes,One year,Yes,Mailed check
70,101.1,6994.8,Male,0,Yes,Yes,Yes,No,Fiber optic,Yes,Yes,Yes,Yes,Yes,No,Two year,Yes,Credit card (automatic)
22,55.15,1193.05,Male,0,No,No,Yes,No,DSL,No,Yes,No,Yes,No,No,One year,Yes,Credit card (automatic)
12,19.35,219.35,Female,0,No,No,Yes,No,No,No internet service,No internet service,No internet service,No internet service,No internet service,No internet service,One year,Yes,Bank transfer (automatic)
72,103.65,7634.8,Male,0,No,No,Yes,Yes,Fiber optic,No,Yes,Yes,No,Yes,Yes,Two year,Yes,Electronic check
72,109.7,8129.3,Female,0,Yes,Yes,Yes,Yes,Fiber optic,Yes,Yes,Yes,No,Yes,Yes,Two year,No,Credit card (automatic)
13,64.75,877.35,Male,0,Yes,Yes,Yes,No,DSL,No,No,No,No,Yes,Yes,One year,Yes,Electronic check
49,103.0,5166.2,Female,1,No,No,Yes,Yes,Fiber optic,Yes,Yes,Yes,Yes,No,Yes,One year,No,Bank transfer (automatic)
9,81.15,784.45,Male,0,No,No,Yes,Yes,Fiber optic,Yes,No,No,No,No,No,Month-to-month,Yes,Electronic check
72,86.05,6309.65,Male,0,No,No,Yes,Yes,DSL,Yes,Yes,No,Yes,Yes,Yes,Two year,No,Credit card (automatic)
62,65.1,3846.75,Female,0,No,No,Yes,No,DSL,Yes,No,No,Yes,No,Yes,Two year,Yes,Mailed check
28,92.35,2602.9,Female,0,Yes,No,Yes,No,Fiber optic,Yes,No,No,No,Yes,Yes,Month-to-month,Yes,Mailed check
30,105.7,3181.8,Male,1,Yes,No,Yes,Yes,Fiber optic,Yes,Yes,Yes,Yes,Yes,No,Month-to-month,Yes,Bank transfer (automatic)
5,19.85,108.05,Female,0,No,No,Yes,No,No,No internet service,No internet service,No internet service,No internet service,No internet service,No internet service,Month-to-month,No,Credit card (automatic)
32,81.1,2619.25,Male,1,No,No,Yes,Yes,Fiber optic,No,No,Yes,No,No,No,Month-to-month,Yes,Credit card (automatic)
4,19.0,78.9,Male,0,No,No,Yes,No,No,No internet service,No internet service,No internet service,No internet service,No internet service,No internet service,Month-to-month,No,Mailed check
71,91.25,6589.6,Male,0,Yes,Yes,Yes,Yes,DSL,Yes,Yes,Yes,Yes,Yes,Yes,Two year,Yes,Mailed check
66,84.0,5714.25,Male,0,Yes,Yes,Yes,Yes,DSL,Yes,No,Yes,Yes,Yes,Yes,Two year,Yes,Mailed check
72,109.95,7852.4,Male,0,Yes,No,Yes,Yes,Fiber optic,Yes,Yes,No,Yes,Yes,Yes,Two year,Yes,Credit card (automatic)
44,90.65,3974.15,Male,0,Yes,No,Yes,No,Fiber optic,No,No,No,No,Yes,Yes,One year,Yes,Bank transfer (automatic)
19,49.6,962.9,Female,0,Yes,Yes,Yes,No,DSL,No,No,Yes,No,No,No,Month-to-month,Yes,Bank transfer (automatic)
37,55.05,2030.75,Male,0,Yes,No,Yes,Yes,DSL,Yes,No,No,No,No,No,Month-to-month,Yes,Mailed check
46,43.95,2007.85,Female,0,Yes,No,No,No phone service,DSL,No,No,No,No,Yes,Yes,Month-to-month,Yes,Electronic check
60,74.85,4456.35,Female,1,Yes,Yes,Yes,No,DSL,Yes,Yes,Yes,Yes,No,Yes,One year,Yes,Credit card (automatic)
1,48.55,48.55,Male,0,No,No,Yes,No,DSL,Yes,No,No,No,No,No,Month-to-month,Yes,Mailed check
59,111.35,6519.75,Male,0,No,No,Yes,Yes,Fiber optic,No,Yes,Yes,Yes,Yes,Yes,Month-to-month,Yes,Electronic check
38,70.6,2708.2,Male,0,No,No,Yes,No,DSL,Yes,Yes,No,Yes,Yes,No,One year,No,Mailed check
71,65.15,4681.75,Male,0,Yes,No,Yes,Yes,DSL,Yes,Yes,No,Yes,No,No,Two year,No,Bank transfer (automatic)
1,55.0,55.0,Female,0,No,No,Yes,No,DSL,No,No,No,No,Yes,No,Month-to-month,Yes,Credit card (automatic)
72,80.85,5727.45,Male,0,Yes,Yes,Yes,Yes,DSL,Yes,Yes,Yes,Yes,Yes,No,Two year,Yes,Bank transfer (automatic)
3,76.95,228.4,Male,0,No,No,Yes,Yes,Fiber optic,No,No,No,No,No,No,Month-to-month,Yes,Electronic check
55,100.0,5509.3,Female,1,No,No,Yes,Yes,Fiber optic,No,No,Yes,No,Yes,Yes,One year,Yes,Electronic check
22,20.45,471.55,Male,0,Yes,No,Yes,No,No,No internet service,No internet service,No internet service,No internet service,No internet service,No internet service,Month-to-month,Yes,Bank transfer (automatic)
30,19.4,578.5,Female,0,No,No,Yes,No,No,No internet service,No internet service,No internet service,No internet service,No internet service,No internet service,Two year,No,Credit card (automatic)
53,19.4,1110.35,Male,0,Yes,Yes,Yes,No,No,No internet service,No internet service,No internet service,No internet service,No internet service,No internet service,Two year,Yes,Mailed check
47,54.25,2538.2,Male,0,Yes,Yes,Yes,Yes,DSL,No,Yes,No,No,No,No,Month-to-month,No,Electronic check
62,79.95,4819.75,Female,1,Yes,No,Yes,No,DSL,Yes,No,Yes,Yes,Yes,Yes,Two year,Yes,Credit card (automatic)
44,96.1,4364.1,Female,0,Yes,No,Yes,Yes,Fiber optic,No,No,No,No,Yes,Yes,Month-to-month,Yes,Electronic check
14,18.8,255.55,Female,0,Yes,Yes,Yes,No,No,No internet service,No internet service,No internet service,No internet service,No internet service,No internet service,Two year,No,Mailed check
43,66.25,2907.35,Male,0,Yes,No,Yes,Yes,DSL,Yes,Yes,No,Yes,No,No,Month-to-month,No,Bank transfer (automatic)
28,20.25,535.35,Female,0,No,Yes,Yes,No,No,No internet service,No internet service,No internet service,No internet service,No internet service,No internet service,Month-to-month,No,Mailed check
72,69.85,5102.35,Male,0,Yes,Yes,Yes,Yes,DSL,Yes,Yes,Yes,Yes,No,No,Two year,No,Bank transfer (automatic)
2,60.95,134.6,Male,0,No,Yes,Yes,Yes,DSL,Yes,Yes,No,No,No,No,Month-to-month,No,Bank transfer (automatic)
52,50.5,2566.3,Female,1,No,No,No,No phone service,DSL,No,Yes,Yes,Yes,Yes,No,Month-to-month,Yes,Electronic check
72,78.45,5682.25,Female,1,Yes,No,Yes,Yes,DSL,Yes,Yes,Yes,Yes,No,Yes,Two year,No,Bank transfer (automatic)
14,91.65,1301.0,Female,0,Yes,Yes,Yes,Yes,Fiber optic,No,No,No,Yes,Yes,No,Month-to-month,Yes,Electronic check
34,67.65,2339.3,Female,0,No,Yes,Yes,No,DSL,Yes,No,Yes,Yes,Yes,No,Two year,No,Credit card (automatic)
72,103.75,7346.2,Male,0,Yes,No,Yes,Yes,Fiber optic,No,Yes,Yes,No,Yes,Yes,Two year,Yes,Bank transfer (automatic)
35,25.4,949.8,Female,0,Yes,Yes,Yes,Yes,No,No internet service,No internet service,No internet service,No internet service,No internet service,No internet service,Two year,Yes,Credit card (automatic)
14,89.8,1129.1,Female,0,No,No,Yes,No,Fiber optic,No,No,No,No,Yes,Yes,Month-to-month,Yes,Mailed check
5,71.45,371.6,Male,1,No,No,Yes,No,Fiber optic,No,No,No,No,No,No,Month-to-month,Yes,Mailed check
10,21.2,222.65,Female,0,No,No,Yes,No,No,No internet service,No internet service,No internet service,No internet service,No internet service,No internet service,Month-to-month,Yes,Electronic check
12,19.2,239.0,Male,0,Yes,Yes,Yes,No,No,No internet service,No internet service,No internet service,No internet service,No internet service,No internet service,Month-to-month,Yes,Electronic check
35,95.45,3474.05,Male,1,No,No,Yes,Yes,Fiber optic,No,No,No,No,Yes,Yes,Month-to-month,Yes,Electronic check
11,76.4,838.7,Female,0,No,No,Yes,No,Fiber optic,Yes,No,No,No,No,No,Month-to-month,No,Electronic check
66,61.35,4193.4,Female,0,No,No,No,No phone service,DSL,Yes,No,Yes,Yes,Yes,Yes,Two year,Yes,Bank transfer (automatic)
58,100.35,5681.1,Male,0,Yes,No,Yes,Yes,Fiber optic,No,No,Yes,No,Yes,Yes,One year,No,Credit card (automatic)
6,54.85,355.1,Female,0,Yes,Yes,Yes,No,DSL,No,No,No,No,Yes,No,Month-to-month,No,Electronic check
27,101.9,2681.15,Female,0,Yes,No,Yes,No,Fiber optic,Yes,No,No,Yes,Yes,Yes,One year,Yes,Credit card (automatic)
61,73.8,4616.05,Female,0,Yes,Yes,Yes,No,DSL,No,No,Yes,Yes,Yes,Yes,Two year,Yes,Bank transfer (automatic)
13,25.15,331.85,Male,0,No,No,No,No phone service,DSL,No,No,No,No,No,No,Month-to-month,Yes,Bank transfer (automatic)
52,58.75,3038.55,Female,0,No,No,No,No phone service,DSL,Yes,Yes,Yes,No,Yes,Yes,Two year,Yes,Bank transfer (automatic)
20,20.05,400.0,Male,0,Yes,Yes,Yes,No,No,No internet service,No internet service,No internet service,No internet service,No internet service,No internet service,Two year,No,Mailed check
42,94.45,3923.8,Female,0,Yes,Yes,Yes,Yes,Fiber optic,Yes,Yes,No,No,Yes,No,One year,Yes,Credit card (automatic)
40,80.0,3168.75,Male,0,Yes,No,Yes,No,Fiber optic,No,Yes,Yes,No,No,No,Month-to-month,Yes,Electronic check
56,44.85,2564.95,Female,0,No,No,No,No phone service,DSL,No,No,No,No,Yes,Yes,Month-to-month,Yes,Credit card (automatic)
45,50.9,2298.55,Male,0,No,No,Yes,No,DSL,Yes,No,No,No,No,No,Month-to-month,Yes,Bank transfer (automatic)
24,21.05,531.55,Female,0,No,Yes,Yes,No,No,No internet service,No internet service,No internet service,No internet service,No internet service,No internet service,One year,No,Bank transfer (automatic)
1,20.75,20.75,Male,0,No,Yes,Yes,No,No,No internet service,No internet service,No internet service,No internet service,No internet service,No internet service,Month-to-month,No,Mailed check
18,82.0,1425.45,Male,0,No,No,Yes,Yes,DSL,No,No,Yes,Yes,Yes,Yes,One year,Yes,Credit card (automatic)
4,86.05,308.1,Male,0,No,No,Yes,No,Fiber optic,No,No,Yes,No,No,Yes,Month-to-month,No,Electronic check
29,74.2,1993.25,Female,0,No,No,Yes,Yes,Fiber optic,No,No,No,No,No,No,Month-to-month,Yes,Electronic check
3,107.95,313.6,Male,0,No,No,Yes,Yes,Fiber optic,No,Yes,Yes,No,Yes,Yes,Month-to-month,No,Mailed check
46,30.3,1380.1,Male,0,No,No,No,No phone service,DSL,No,Yes,No,No,No,No,Month-to-month,No,Bank transfer (automatic)
2,70.35,120.25,Female,0,Yes,No,Yes,No,Fiber optic,No,No,No,No,No,No,Month-to-month,Yes,Electronic check
24,96.0,2122.45,Male,0,No,No,Yes,No,Fiber optic,No,No,No,Yes,Yes,Yes,Month-to-month,Yes,Electronic check
72,84.7,5893.9,Female,0,Yes,Yes,Yes,Yes,DSL,Yes,No,Yes,Yes,Yes,Yes,Two year,No,Credit card (automatic)
56,96.85,5219.65,Female,1,No,No,Yes,Yes,Fiber optic,Yes,Yes,No,No,No,Yes,Month-to-month,Yes,Electronic check
25,76.15,1992.95,Female,0,No,No,Yes,No,DSL,Yes,No,No,Yes,Yes,Yes,Month-to-month,Yes,Credit card (automatic)
34,60.85,2003.6,Female,0,Yes,No,Yes,Yes,DSL,Yes,No,No,Yes,No,No,Month-to-month,Yes,Bank transfer (automatic)
18,20.05,345.9,Male,0,Yes,Yes,Yes,No,No,No internet service,No internet service,No internet service,No internet service,No internet service,No internet service,One year,No,Bank transfer (automatic)
54,24.75,1342.15,Female,0,Yes,Yes,Yes,Yes,No,No internet service,No internet service,No internet service,No internet service,No internet service,No internet service,One year,Yes,Bank transfer (automatic)
4,78.9,299.75,Female,0,Yes,Yes,Yes,No,Fiber optic,No,No,No,No,Yes,No,Month-to-month,Yes,Mailed check
22,69.75,1545.4,Female,1,No,No,Yes,No,DSL,Yes,No,Yes,Yes,No,Yes,Month-to-month,Yes,Mailed check
18,45.65,747.2,Male,0,No,Yes,Yes,No,DSL,No,No,No,No,No,No,Month-to-month,Yes,Credit card (automatic)
54,104.3,5278.15,Male,0,Yes,No,Yes,Yes,Fiber optic,No,Yes,Yes,No,Yes,Yes,Month-to-month,Yes,Electronic check
58,45.3,2651.2,Male,1,Yes,No,No,No phone service,DSL,No,Yes,Yes,No,No,Yes,Month-to-month,Yes,Electronic check
15,65.6,1010.0,Female,0,No,Yes,Yes,No,DSL,Yes,Yes,Yes,Yes,No,No,One year,No,Credit card (automatic)
72,107.5,7853.7,Female,0,No,No,Yes,Yes,Fiber optic,No,No,Yes,Yes,Yes,Yes,Two year,Yes,Credit card (automatic)
47,19.65,973.1,Male,0,Yes,No,Yes,No,No,No internet service,No internet service,No internet service,No internet service,No internet service,No internet service,Two year,No,Mailed check
49,109.2,5290.45,Male,0,No,Yes,Yes,Yes,Fiber optic,Yes,Yes,Yes,No,Yes,Yes,One year,Yes,Credit card (automatic)
20,49.6,939.8,Male,0,Yes,Yes,Yes,No,DSL,No,No,Yes,No,No,No,Month-to-month,Yes,Electronic check
1,31.35,31.35,Male,0,No,Yes,No,No phone service,DSL,No,Yes,No,No,No,No,Month-to-month,Yes,Mailed check
1,25.2,25.2,Female,0,No,No,No,No phone service,DSL,No,No,No,No,No,No,Month-to-month,No,Mailed check
23,54.15,1312.45,Male,0,No,Yes,Yes,No,DSL,No,Yes,No,Yes,No,No,Month-to-month,No,Electronic check
1,49.9,49.9,Male,0,No,Yes,Yes,No,DSL,No,Yes,No,No,No,No,Month-to-month,Yes,Electronic check
51,96.4,4911.05,Male,0,Yes,No,Yes,Yes,Fiber optic,Yes,Yes,No,No,No,Yes,One year,Yes,Credit card (automatic)
41,104.7,4346.4,Male,0,No,No,Yes,Yes,Fiber optic,No,Yes,Yes,No,Yes,Yes,Month-to-month,Yes,Electronic check
5,50.95,229.4,Female,0,No,No,No,No phone service,DSL,No,Yes,No,No,Yes,Yes,Month-to-month,Yes,Credit card (automatic)
8,74.05,600.15,Female,1,No,No,Yes,No,Fiber optic,No,No,Yes,No,No,No,Month-to-month,Yes,Bank transfer (automatic)
3,20.2,50.6,Male,0,No,Yes,Yes,No,No,No internet service,No internet service,No internet service,No internet service,No internet service,No internet service,Month-to-month,No,Bank transfer (automatic)
30,94.05,2866.45,Male,0,Yes,No,Yes,Yes,Fiber optic,No,No,No,No,Yes,Yes,Month-to-month,Yes,Credit card (automatic)
22,54.2,1152.7,Male,0,Yes,No,Yes,No,DSL,Yes,No,No,Yes,No,No,Month-to-month,Yes,Electronic check
55,19.7,1140.05,Female,0,Yes,No,Yes,No,No,No internet service,No internet service,No internet service,No internet service,No internet service,No internet service,One year,No,Electronic check
25,20.1,486.05,Female,0,Yes,Yes,Yes,No,No,No internet service,No internet service,No internet service,No internet service,No internet service,No internet service,Two year,No,Mailed check
16,74.55,1170.5,Male,0,No,No,Yes,No,Fiber optic,No,No,No,Yes,No,No,Month-to-month,Yes,Credit card (automatic)
72,115.75,8399.15,Male,1,Yes,Yes,Yes,Yes,Fiber optic,Yes,Yes,Yes,Yes,Yes,Yes,Two year,Yes,Credit card (automatic)
65,82.5,5215.1,Female,0,Yes,Yes,Yes,Yes,DSL,Yes,Yes,No,Yes,Yes,Yes,Two year,Yes,Bank transfer (automatic)
23,79.15,1676.95,Female,0,No,No,Yes,Yes,Fiber optic,No,Yes,No,No,No,No,Month-to-month,Yes,Electronic check
49,95.4,4613.95,Female,0,Yes,Yes,Yes,Yes,Fiber optic,No,No,No,No,Yes,Yes,Month-to-month,Yes,Bank transfer (automatic)
38,83.45,3147.15,Female,1,Yes,No,Yes,No,Fiber optic,Yes,No,No,No,No,Yes,Month-to-month,Yes,Electronic check
15,101.75,1669.4,Female,0,Yes,No,Yes,No,Fiber optic,Yes,No,Yes,No,Yes,Yes,Month-to-month,No,Electronic check
27,56.15,1439.35,Female,0,No,No,Yes,No,DSL,No,Yes,No,Yes,No,No,Month-to-month,Yes,Mailed check
3,24.75,66.95,Male,0,No,No,No,No phone service,DSL,No,No,No,No,No,No,Month-to-month,No,Electronic check
5,20.25,109.8,Male,0,No,No,Yes,No,No,No internet service,No internet service,No internet service,No internet service,No internet service,No internet service,Month-to-month,No,Mailed check
71,25.45,1813.35,Female,0,Yes,Yes,Yes,Yes,No,No internet service,No internet service,No internet service,No internet service,No internet service,No internet service,Two year,No,Bank transfer (automatic)
12,89.55,1021.75,Male,0,No,No,Yes,Yes,Fiber optic,No,No,Yes,No,Yes,No,Month-to-month,Yes,Electronic check
72,109.75,7758.9,Male,0,Yes,No,Yes,Yes,Fiber optic,No,Yes,Yes,Yes,Yes,Yes,Two year,Yes,Credit card (automatic)
4,74.8,321.9,Male,0,No,No,Yes,No,Fiber optic,No,No,Yes,No,No,No,Month-to-month,Yes,Bank transfer (automatic)
14,75.35,1025.95,Female,0,No,No,Yes,No,Fiber optic,No,No,Yes,No,No,No,Month-to-month,No,Electronic check
23,34.6,813.45,Female,0,Yes,Yes,No,No phone service,DSL,Yes,No,No,Yes,No,No,Two year,No,Mailed check
0,61.9,0.0,Male,0,No,Yes,Yes,Yes,DSL,Yes,Yes,No,Yes,No,No,Two year,Yes,Bank transfer (automatic)
54,24.05,1230.9,Male,0,Yes,Yes,Yes,Yes,No,No internet service,No internet service,No internet service,No internet service,No internet service,No internet service,Two year,Yes,Bank transfer (automatic)
1,62.8,62.8,Male,0,No,No,Yes,No,DSL,No,No,No,No,Yes,Yes,Month-to-month,Yes,Mailed check
29,70.75,1974.8,Male,0,Yes,Yes,Yes,No,Fiber optic,No,No,No,No,No,No,Month-to-month,Yes,Electronic check
50,20.55,1067.65,Male,0,Yes,No,Yes,No,No,No internet service,No internet service,No internet service,No internet service,No internet service,No internet service,Two year,No,Mailed check
38,91.7,3479.05,Male,0,Yes,No,Yes,Yes,Fiber optic,Yes,No,No,No,Yes,No,Month-to-month,No,Bank transfer (automatic)
48,102.5,4904.25,Female,0,No,No,Yes,No,Fiber optic,Yes,No,Yes,Yes,Yes,Yes,Two year,Yes,Credit card (automatic)
27,19.9,550.1,Female,0,Yes,Yes,Yes,No,No,No internet service,No internet service,No internet service,No internet service,No internet service,No internet service,Two year,No,Mailed check
8,20.15,165.5,Male,0,Yes,Yes,Yes,No,No,No internet service,No internet service,No internet service,No internet service,No internet service,No internet service,Two year,No,Mailed check
1,50.7,50.7,Male,0,No,No,Yes,No,DSL,Yes,No,No,No,No,No,Month-to-month,Yes,Mailed check
72,79.2,5401.9,Female,0,Yes,No,Yes,Yes,DSL,Yes,Yes,Yes,Yes,Yes,No,Two year,No,Credit card (automatic)
43,75.2,3198.6,Male,0,No,No,Yes,No,Fiber optic,Yes,No,No,No,No,No,Month-to-month,Yes,Electronic check
41,98.8,3959.15,Female,0,No,No,Yes,No,Fiber optic,No,Yes,No,Yes,Yes,Yes,Two year,Yes,Bank transfer (automatic)
65,105.25,6786.4,Female,1,Yes,No,Yes,Yes,Fiber optic,Yes,No,Yes,No,Yes,Yes,Month-to-month,No,Bank transfer (automatic)
39,100.45,3801.7,Male,0,No,No,Yes,No,Fiber optic,Yes,No,Yes,No,Yes,Yes,Two year,Yes,Electronic check
41,66.5,2728.6,Female,0,Yes,Yes,Yes,No,DSL,No,Yes,No,Yes,No,Yes,One year,Yes,Bank transfer (automatic)
17,94.2,1608.15,Female,1,No,No,Yes,Yes,Fiber optic,No,No,No,No,Yes,Yes,Month-to-month,Yes,Electronic check
71,69.2,4982.5,Female,1,Yes,Yes,Yes,Yes,DSL,Yes,Yes,No,No,Yes,No,One year,No,Electronic check
68,19.35,1292.65,Female,0,Yes,Yes,Yes,No,No,No internet service,No internet service,No internet service,No internet service,No internet service,No internet service,Two year,Yes,Bank transfer (automatic)
3,49.15,169.05,Male,0,No,No,Yes,No,DSL,No,No,Yes,No,No,No,Month-to-month,Yes,Electronic check
5,34.25,163.55,Female,0,Yes,Yes,No,No phone service,DSL,No,Yes,No,Yes,No,No,Month-to-month,No,Electronic check
44,85.25,3704.15,Male,0,No,No,Yes,Yes,DSL,No,Yes,Yes,Yes,Yes,Yes,One year,Yes,Bank transfer (automatic)
29,67.45,1801.1,Female,0,No,No,Yes,Yes,DSL,Yes,Yes,No,Yes,No,No,Month-to-month,No,Mailed check
12,20.45,255.35,Male,0,No,No,Yes,No,No,No internet service,No internet service,No internet service,No internet service,No internet service,No internet service,Month-to-month,No,Mailed check
7,78.5,571.05,Female,0,No,No,Yes,No,DSL,Yes,Yes,No,Yes,Yes,Yes,Month-to-month,Yes,Electronic check
8,99.65,820.5,Female,0,No,No,Yes,Yes,Fiber optic,No,No,Yes,No,Yes,Yes,Month-to-month,Yes,Electronic check
18,99.85,1776.95,Female,0,No,No,Yes,Yes,Fiber optic,No,No,No,Yes,Yes,Yes,Month-to-month,Yes,Bank transfer (automatic)
5,70.05,346.4,Male,0,No,No,Yes,No,DSL,No,No,Yes,No,Yes,Yes,Month-to-month,Yes,Electronic check
3,20.25,61.45,Male,0,No,No,Yes,No,No,No internet service,No internet service,No internet service,No internet service,No internet service,No internet service,Month-to-month,Yes,Electronic check
72,19.85,1434.1,Male,0,No,No,Yes,No,No,No internet service,No internet service,No internet service,No internet service,No internet service,No internet service,Two year,No,Bank transfer (automatic)
19,90.6,1660.0,Male,1,No,No,Yes,Yes,Fiber optic,Yes,No,No,No,Yes,No,Month-to-month,Yes,Electronic check
26,95.0,2497.2,Female,1,No,No,Yes,Yes,Fiber optic,Yes,Yes,No,No,No,Yes,Month-to-month,Yes,Electronic check
2,19.4,50.6,Male,0,No,No,Yes,No,No,No internet service,No internet service,No internet service,No internet service,No internet service,No internet service,Month-to-month,No,Mailed check
10,95.25,1021.55,Male,0,No,No,Yes,Yes,Fiber optic,No,Yes,Yes,No,No,Yes,Month-to-month,Yes,Electronic check
3,80.1,217.55,Female,0,No,No,Yes,No,Fiber optic,No,No,Yes,Yes,No,No,Month-to-month,No,Credit card (automatic)
25,75.5,1901.05,Male,0,Yes,Yes,Yes,No,Fiber optic,No,Yes,No,No,No,No,Month-to-month,Yes,Electronic check
59,88.75,5348.65,Female,1,Yes,Yes,Yes,Yes,Fiber optic,No,No,Yes,No,No,Yes,Month-to-month,Yes,Credit card (automatic)
57,54.65,3134.7,Male,0,No,No,Yes,No,DSL,No,Yes,No,Yes,No,No,One year,Yes,Mailed check
11,44.65,472.25,Female,0,No,No,Yes,No,DSL,No,No,No,No,No,No,Month-to-month,Yes,Mailed check
33,82.1,2603.1,Male,0,Yes,Yes,Yes,No,DSL,No,Yes,Yes,Yes,Yes,Yes,Two year,No,Credit card (automatic)
21,20.5,402.85,Male,0,No,No,Yes,No,No,No internet service,No internet service,No internet service,No internet service,No internet service,No internet service,Month-to-month,No,Credit card (automatic)
30,86.45,2538.05,Female,0,Yes,Yes,Yes,No,Fiber optic,No,No,Yes,No,No,Yes,One year,No,Electronic check
1,44.0,44.0,Male,0,No,Yes,Yes,No,DSL,No,No,No,No,No,No,Month-to-month,No,Electronic check
67,89.55,6038.55,Male,0,Yes,Yes,Yes,Yes,Fiber optic,Yes,Yes,No,Yes,No,No,One year,No,Electronic check
19,73.85,1424.5,Male,0,No,No,Yes,No,Fiber optic,No,Yes,No,No,No,No,Month-to-month,Yes,Credit card (automatic)
65,110.0,7138.65,Male,0,No,No,Yes,Yes,Fiber optic,Yes,No,Yes,Yes,Yes,Yes,One year,Yes,Credit card (automatic)
49,94.8,4690.65,Male,0,Yes,No,Yes,No,Fiber optic,No,Yes,No,No,Yes,Yes,Two year,Yes,Electronic check
52,44.25,2276.1,Male,0,Yes,Yes,No,No phone service,DSL,Yes,No,Yes,No,No,Yes,One year,No,Bank transfer (automatic)
2,81.5,162.55,Female,1,No,No,Yes,No,Fiber optic,No,No,No,No,Yes,No,Month-to-month,No,Mailed check
4,97.95,384.5,Female,0,Yes,Yes,Yes,Yes,Fiber optic,No,Yes,No,No,Yes,Yes,Month-to-month,Yes,Electronic check
2,20.3,41.2,Female,0,No,No,Yes,No,No,No internet service,No internet service,No internet service,No internet service,No internet service,No internet service,Month-to-month,No,Mailed check
17,34.4,592.75,Male,0,Yes,No,No,No phone service,DSL,Yes,No,Yes,No,No,No,Month-to-month,No,Mailed check
44,54.05,2375.2,Male,0,Yes,Yes,No,No phone service,DSL,Yes,Yes,Yes,Yes,No,Yes,Two year,Yes,Credit card (automatic)
56,88.9,4968.0,Female,0,Yes,Yes,Yes,No,Fiber optic,No,No,No,No,Yes,Yes,One year,No,Bank transfer (automatic)
42,25.25,1108.2,Female,0,Yes,No,Yes,Yes,No,No internet service,No internet service,No internet service,No internet service,No internet service,No internet service,Two year,No,Electronic check
17,94.4,1607.2,Female,0,Yes,Yes,Yes,Yes,Fiber optic,Yes,No,Yes,No,Yes,No,Month-to-month,No,Electronic check
71,82.0,5999.85,Female,0,Yes,Yes,Yes,No,DSL,Yes,No,Yes,Yes,Yes,Yes,Two year,Yes,Credit card (automatic)
1,25.3,25.3,Male,0,No,Yes,No,No phone service,DSL,No,No,No,No,No,No,Month-to-month,Yes,Electronic check
33,60.9,2033.85,Female,0,No,No,Yes,Yes,DSL,Yes,Yes,No,No,No,No,Month-to-month,Yes,Mailed check
12,20.1,232.4,Female,0,Yes,Yes,Yes,No,No,No internet service,No internet service,No internet service,No internet service,No internet service,No internet service,Month-to-month,Yes,Credit card (automatic)
1,20.45,20.45,Male,0,No,No,Yes,No,No,No internet service,No internet service,No internet service,No internet service,No internet service,No internet service,Month-to-month,Yes,Mailed check
37,24.1,861.85,Female,0,Yes,Yes,Yes,Yes,No,No internet service,No internet service,No internet service,No internet service,No internet service,No internet service,Two year,Yes,Bank transfer (automatic)
1,19.75,19.75,Male,0,No,No,Yes,No,No,No internet service,No internet service,No internet service,No internet service,No internet service,No internet service,Month-to-month,No,Bank transfer (automatic)
6,44.75,270.95,Male,0,No,No,Yes,No,DSL,No,No,No,No,No,No,Month-to-month,No,Electronic check
3,25.1,79.8,Male,0,No,No,No,No phone service,DSL,No,No,No,No,No,No,Month-to-month,No,Electronic check
6,55.3,324.25,Male,0,Yes,Yes,Yes,No,DSL,No,Yes,Yes,No,No,No,Month-to-month,Yes,Mailed check
54,65.25,3529.95,Male,1,No,No,Yes,No,DSL,No,No,Yes,Yes,No,Yes,One year,No,Bank transfer (automatic)
9,58.5,539.85,Female,0,No,No,No,No phone service,DSL,Yes,No,Yes,Yes,Yes,Yes,Month-to-month,No,Mailed check
68,55.9,3848.8,Female,0,Yes,No,Yes,No,DSL,Yes,No,No,Yes,No,No,One year,No,Bank transfer (automatic)
64,91.8,5960.5,Male,0,Yes,Yes,Yes,Yes,Fiber optic,Yes,Yes,Yes,No,No,No,Month-to-month,Yes,Electronic check
9,84.45,762.5,Female,1,No,No,Yes,Yes,Fiber optic,No,No,No,No,No,Yes,Month-to-month,Yes,Electronic check
70,93.9,6579.05,Female,0,Yes,Yes,Yes,Yes,Fiber optic,Yes,Yes,Yes,Yes,No,No,Two year,No,Bank transfer (automatic)
67,60.05,3994.05,Male,0,Yes,Yes,Yes,No,DSL,Yes,Yes,No,Yes,No,No,One year,No,Mailed check
58,24.35,1423.85,Female,0,No,No,Yes,Yes,No,No internet service,No internet service,No internet service,No internet service,No internet service,No internet service,Two year,No,Credit card (automatic)
10,79.85,797.25,Male,0,No,No,Yes,Yes,Fiber optic,No,Yes,No,No,No,No,Month-to-month,No,Electronic check
60,101.4,6176.6,Female,1,No,No,Yes,Yes,Fiber optic,Yes,No,No,No,Yes,Yes,One year,Yes,Bank transfer (automatic)
59,19.3,1192.7,Male,0,Yes,Yes,Yes,No,No,No internet service,No internet service,No internet service,No internet service,No internet service,No internet service,Two year,No,Credit card (automatic)
1,82.3,82.3,Female,0,No,No,Yes,No,Fiber optic,No,Yes,Yes,No,No,No,Month-to-month,Yes,Electronic check
67,26.3,1688.9,Male,0,Yes,Yes,Yes,Yes,No,No internet service,No internet service,No internet service,No internet service,No internet service,No internet service,Two year,No,Mailed check
49,90.85,4515.85,Female,1,No,No,Yes,Yes,Fiber optic,No,No,Yes,No,No,Yes,Month-to-month,Yes,Credit card (automatic)
10,20.0,198.6,Male,0,No,No,Yes,No,No,No internet service,No internet service,No internet service,No internet service,No internet service,No internet service,Month-to-month,Yes,Credit card (automatic)
41,35.45,1391.65,Female,0,Yes,No,No,No phone service,DSL,No,Yes,No,Yes,No,No,One year,No,Mailed check
58,98.7,5812.6,Male,1,Yes,No,Yes,Yes,Fiber optic,No,No,Yes,No,Yes,Yes,Month-to-month,Yes,Electronic check
9,20.15,238.15,Female,0,No,No,Yes,No,No,No internet service,No internet service,No internet service,No internet service,No internet service,No internet service,Month-to-month,No,Bank transfer (automatic)
19,99.95,1931.75,Male,0,No,No,Yes,Yes,Fiber optic,No,Yes,No,No,Yes,Yes,Month-to-month,Yes,Electronic check
9,24.6,190.1,Male,0,No,No,No,No phone service,DSL,No,No,No,No,No,No,Month-to-month,Yes,Mailed check
1,20.25,20.25,Male,0,No,Yes,Yes,No,No,No internet service,No internet service,No internet service,No internet service,No internet service,No internet service,Month-to-month,Yes,Mailed check
28,50.8,1386.8,Male,0,Yes,Yes,No,No phone service,DSL,Yes,No,Yes,Yes,Yes,No,One year,No,Mailed check
54,79.85,4308.25,Male,0,No,No,Yes,Yes,Fiber optic,No,Yes,No,No,No,No,Month-to-month,Yes,Bank transfer (automatic)
2,80.65,144.15,Female,0,No,No,Yes,No,Fiber optic,No,No,No,No,Yes,No,Month-to-month,Yes,Electronic check
28,105.8,2998.0,Male,1,Yes,No,Yes,Yes,Fiber optic,No,Yes,No,Yes,Yes,Yes,Month-to-month,Yes,Electronic check
72,24.1,1734.65,Male,0,Yes,Yes,Yes,Yes,No,No internet service,No internet service,No internet service,No internet service,No internet service,No internet service,Two year,No,Credit card (automatic)
4,85.65,321.65,Female,0,No,No,Yes,Yes,Fiber optic,No,No,No,No,Yes,No,Month-to-month,Yes,Electronic check
72,115.8,8476.5,Female,0,Yes,Yes,Yes,Yes,Fiber optic,Yes,Yes,Yes,Yes,Yes,Yes,Two year,Yes,Bank transfer (automatic)
25,34.0,853.0,Female,0,Yes,No,No,No phone service,DSL,No,No,No,No,Yes,No,Month-to-month,Yes,Bank transfer (automatic)
1,69.25,69.25,Female,1,No,No,Yes,No,Fiber optic,No,No,No,No,No,No,Month-to-month,Yes,Electronic check
45,84.55,3713.95,Male,0,Yes,No,Yes,Yes,Fiber optic,Yes,No,Yes,No,No,No,Month-to-month,Yes,Mailed check
66,115.8,7942.15,Male,0,Yes,No,Yes,Yes,Fiber optic,Yes,Yes,Yes,Yes,Yes,Yes,One year,No,Bank transfer (automatic)
2,89.5,161.5,Female,1,No,No,Yes,Yes,Fiber optic,No,Yes,No,No,No,Yes,Month-to-month,No,Electronic check
57,70.35,4124.65,Female,0,Yes,No,Yes,No,DSL,Yes,Yes,No,Yes,Yes,No,Two year,Yes,Credit card (automatic)
26,38.85,1025.15,Female,0,Yes,Yes,No,No phone service,DSL,Yes,Yes,No,Yes,No,No,Month-to-month,No,Credit card (automatic)
34,30.4,938.65,Male,0,Yes,Yes,No,No phone service,DSL,Yes,No,No,No,No,No,One year,No,Bank transfer (automatic)
71,19.9,1355.1,Male,0,No,No,Yes,No,No,No internet service,No internet service,No internet service,No internet service,No internet service,No internet service,Two year,Yes,Credit card (automatic)
72,84.3,5997.1,Male,0,No,No,Yes,Yes,DSL,Yes,No,Yes,Yes,Yes,Yes,Two year,No,Credit card (automatic)
4,20.4,84.75,Female,0,No,Yes,Yes,No,No,No internet service,No internet service,No internet service,No internet service,No internet service,No internet service,One year,Yes,Mailed check
63,40.6,2588.95,Male,0,No,Yes,No,No phone service,DSL,Yes,Yes,No,Yes,No,No,One year,Yes,Bank transfer (automatic)
71,79.05,5552.5,Male,0,No,No,Yes,Yes,Fiber optic,No,Yes,No,No,No,No,One year,Yes,Credit card (automatic)
68,64.1,4326.25,Female,0,Yes,No,Yes,No,DSL,No,Yes,No,Yes,Yes,No,Two year,No,Bank transfer (automatic)
21,35.1,770.4,Female,0,No,No,No,No phone service,DSL,Yes,No,No,Yes,No,No,Two year,No,Mailed check
72,116.05,8404.9,Male,1,Yes,No,Yes,Yes,Fiber optic,Yes,Yes,Yes,Yes,Yes,Yes,Two year,Yes,Bank transfer (automatic)
4,65.6,250.1,Male,0,Yes,No,Yes,Yes,DSL,No,No,Yes,No,Yes,No,Month-to-month,No,Electronic check
59,79.2,4590.35,Female,1,No,No,Yes,Yes,Fiber optic,No,Yes,No,No,No,No,Two year,Yes,Credit card (automatic)
34,89.85,3091.75,Male,0,Yes,Yes,Yes,No,Fiber optic,No,Yes,Yes,No,Yes,No,Month-to-month,Yes,Electronic check
60,102.5,6157.6,Male,0,Yes,No,Yes,Yes,Fiber optic,No,Yes,Yes,No,Yes,Yes,One year,No,Bank transfer (automatic)
23,69.5,1652.1,Female,0,Yes,Yes,Yes,Yes,DSL,No,Yes,No,Yes,Yes,No,Month-to-month,Yes,Credit card (automatic)
70,85.95,5931.75,Male,0,Yes,Yes,Yes,Yes,DSL,No,Yes,Yes,Yes,Yes,Yes,Two year,Yes,Credit card (automatic)
10,75.05,786.3,Male,0,No,No,Yes,Yes,Fiber optic,No,No,No,No,No,No,Month-to-month,No,Electronic check
1,93.55,93.55,Male,1,No,No,Yes,Yes,Fiber optic,No,No,No,No,Yes,Yes,Month-to-month,Yes,Electronic check
28,20.5,563.05,Female,0,Yes,No,Yes,No,No,No internet service,No internet service,No internet service,No internet service,No internet service,No internet service,Month-to-month,No,Mailed check
15,76.0,1130.85,Male,0,No,No,Yes,Yes,Fiber optic,No,No,No,No,No,No,Month-to-month,Yes,Mailed check
52,30.1,1623.4,Male,0,No,No,No,No phone service,DSL,No,Yes,No,No,No,No,One year,No,Mailed check
17,56.1,946.95,Male,0,No,No,Yes,No,DSL,Yes,Yes,No,No,No,No,One year,No,Mailed check
59,90.3,5194.05,Female,0,Yes,Yes,Yes,Yes,DSL,Yes,Yes,Yes,Yes,Yes,Yes,Two year,No,Credit card (automatic)
1,75.3,75.3,Male,0,No,No,Yes,Yes,Fiber optic,No,No,No,No,No,No,Month-to-month,Yes,Electronic check
48,70.55,3420.5,Male,0,Yes,No,Yes,Yes,DSL,No,Yes,Yes,No,No,Yes,One year,Yes,Credit card (automatic)
40,106.0,4178.65,Male,0,Yes,No,Yes,Yes,Fiber optic,No,Yes,Yes,No,Yes,Yes,One year,Yes,Bank transfer (automatic)
3,19.3,54.7,Female,0,Yes,Yes,Yes,No,No,No internet service,No internet service,No internet service,No internet service,No internet service,No internet service,Month-to-month,No,Mailed check
24,64.35,1558.65,Female,0,Yes,Yes,Yes,Yes,DSL,Yes,Yes,Yes,No,No,No,Two year,No,Electronic check
37,99.2,3754.6,Female,0,Yes,No,Yes,Yes,Fiber optic,Yes,No,Yes,Yes,No,Yes,One year,Yes,Electronic check
9,85.35,754.65,Female,0,Yes,Yes,Yes,Yes,Fiber optic,No,No,No,No,Yes,No,Month-to-month,Yes,Bank transfer (automatic)
26,19.2,459.6,Female,0,Yes,No,Yes,No,No,No internet service,No internet service,No internet service,No internet service,No internet service,No internet service,One year,No,Mailed check
34,75.55,2425.4,Male,1,Yes,No,Yes,Yes,Fiber optic,No,No,No,No,No,No,Month-to-month,Yes,Electronic check
70,89.0,6293.2,Female,0,Yes,Yes,Yes,Yes,DSL,Yes,Yes,Yes,Yes,Yes,Yes,Two year,Yes,Bank transfer (automatic)
32,106.35,3520.75,Male,1,Yes,No,Yes,Yes,Fiber optic,No,Yes,Yes,No,Yes,Yes,Month-to-month,No,Bank transfer (automatic)
13,54.45,706.85,Male,0,Yes,No,No,No phone service,DSL,Yes,No,No,Yes,Yes,Yes,Month-to-month,Yes,Electronic check
69,24.45,1718.2,Male,0,Yes,Yes,Yes,Yes,No,No internet service,No internet service,No internet service,No internet service,No internet service,No internet service,Two year,No,Bank transfer (automatic)
52,94.6,5025.8,Female,0,Yes,No,Yes,Yes,Fiber optic,No,Yes,Yes,No,Yes,No,Month-to-month,No,Bank transfer (automatic)
17,61.95,1070.7,Female,0,Yes,Yes,Yes,Yes,DSL,No,No,Yes,Yes,No,No,One year,Yes,Mailed check
61,61.45,3751.15,Female,0,Yes,Yes,No,No phone service,DSL,No,Yes,Yes,Yes,Yes,Yes,Two year,Yes,Bank transfer (automatic)
38,54.5,2076.05,Female,0,Yes,Yes,Yes,No,DSL,Yes,Yes,No,No,No,No,Month-to-month,No,Electronic check
56,98.7,5669.5,Female,0,Yes,No,Yes,No,Fiber optic,No,No,Yes,Yes,Yes,Yes,Month-to-month,Yes,Electronic check
66,106.05,6981.35,Male,0,Yes,No,Yes,Yes,Fiber optic,Yes,No,Yes,No,Yes,Yes,Two year,Yes,Credit card (automatic)
29,25.1,712.85,Female,0,No,No,No,No phone service,DSL,No,No,No,No,No,No,Month-to-month,Yes,Credit card (automatic)
15,19.4,289.3,Female,0,No,No,Yes,No,No,No internet service,No internet service,No internet service,No internet service,No internet service,No internet service,Month-to-month,No,Bank transfer (automatic)
44,19.35,847.25,Male,1,Yes,No,Yes,No,No,No internet service,No internet service,No internet service,No internet service,No internet service,No internet service,Two year,Yes,Credit card (automatic)
1,50.8,50.8,Male,0,No,No,Yes,No,DSL,No,Yes,No,No,No,No,Month-to-month,No,Electronic check
7,44.75,333.65,Male,0,Yes,Yes,Yes,No,DSL,No,No,No,No,No,No,Month-to-month,No,Electronic check
55,103.7,5656.75,Female,0,Yes,Yes,Yes,No,Fiber optic,No,Yes,Yes,Yes,Yes,Yes,One year,Yes,Bank transfer (automatic)
8,94.7,740.3,Male,0,No,No,Yes,No,Fiber optic,No,No,Yes,No,Yes,Yes,Month-to-month,Yes,Electronic check
65,108.05,7118.9,Female,0,Yes,No,Yes,Yes,Fiber optic,No,Yes,Yes,Yes,Yes,Yes,One year,Yes,Credit card (automatic)
23,59.95,1406.0,Male,0,Yes,No,Yes,No,DSL,Yes,No,No,No,No,Yes,Month-to-month,Yes,Bank transfer (automatic)
1,74.9,74.9,Male,0,No,No,Yes,Yes,Fiber optic,No,No,No,No,No,No,Month-to-month,Yes,Electronic check
72,114.3,8058.55,Male,0,Yes,Yes,Yes,Yes,Fiber optic,Yes,Yes,Yes,Yes,Yes,Yes,Two year,Yes,Credit card (automatic)
71,23.95,1756.2,Male,1,Yes,No,Yes,Yes,No,No internet service,No internet service,No internet service,No internet service,No internet service,No internet service,Two year,No,Bank transfer (automatic)
1,19.65,19.65,Female,0,No,No,Yes,No,No,No internet service,No internet service,No internet service,No internet service,No internet service,No internet service,Month-to-month,No,Mailed check
71,24.4,1725.4,Female,0,Yes,No,Yes,Yes,No,No internet service,No internet service,No internet service,No internet service,No internet service,No internet service,Two year,Yes,Credit card (automatic)
67,90.6,6056.15,Male,0,Yes,No,Yes,No,Fiber optic,Yes,Yes,No,No,No,Yes,One year,Yes,Credit card (automatic)
46,20.05,902.0,Male,0,No,No,Yes,No,No,No internet service,No internet service,No internet service,No internet service,No internet service,No internet service,Two year,No,Bank transfer (automatic)
15,74.9,1107.25,Male,0,Yes,Yes,Yes,Yes,Fiber optic,No,No,No,No,No,No,Month-to-month,Yes,Bank transfer (automatic)
64,74.65,4869.35,Female,1,No,No,Yes,Yes,DSL,No,Yes,Yes,Yes,No,Yes,Month-to-month,No,Credit card (automatic)
67,104.1,7040.85,Male,0,Yes,No,Yes,Yes,Fiber optic,No,Yes,Yes,No,Yes,Yes,One year,No,Electronic check
7,94.7,673.1,Male,1,Yes,No,Yes,Yes,Fiber optic,Yes,Yes,No,No,No,Yes,Month-to-month,Yes,Credit card (automatic)
37,92.5,3473.4,Male,1,Yes,No,Yes,Yes,Fiber optic,No,No,No,No,Yes,Yes,Month-to-month,Yes,Electronic check
62,72.0,4284.2,Female,0,Yes,No,Yes,No,DSL,Yes,Yes,Yes,No,Yes,No,Two year,Yes,Credit card (automatic)
1,24.05,24.05,Male,0,No,No,Yes,Yes,No,No internet service,No internet service,No internet service,No internet service,No internet service,No internet service,Month-to-month,Yes,Mailed check
6,69.1,435.0,Male,0,No,No,Yes,No,Fiber optic,No,No,No,No,No,No,Month-to-month,Yes,Electronic check
40,63.9,2635.0,Female,0,Yes,No,Yes,Yes,DSL,No,Yes,No,No,Yes,No,One year,No,Bank transfer (automatic)
6,20.2,98.35,Male,0,No,Yes,Yes,No,No,No internet service,No internet service,No internet service,No internet service,No internet service,No internet service,Month-to-month,Yes,Mailed check
13,44.0,659.35,Male,0,No,Yes,Yes,No,DSL,No,No,No,No,No,No,Month-to-month,No,Mailed check
9,94.05,811.65,Male,0,No,No,Yes,No,Fiber optic,No,No,Yes,No,Yes,Yes,Month-to-month,Yes,Electronic check
4,61.3,249.4,Male,0,No,No,Yes,No,DSL,No,No,No,Yes,Yes,No,Month-to-month,Yes,Electronic check
2,20.4,42.9,Male,0,No,Yes,Yes,No,No,No internet service,No internet service,No internet service,No internet service,No internet service,No internet service,Month-to-month,No,Mailed check
34,44.85,1442.6,Male,0,Yes,Yes,No,No phone service,DSL,No,No,Yes,Yes,Yes,No,Month-to-month,Yes,Electronic check
53,98.4,5149.5,Female,0,Yes,No,Yes,Yes,Fiber optic,No,Yes,No,No,Yes,Yes,Month-to-month,Yes,Credit card (automatic)
12,45.0,524.35,Female,0,No,No,Yes,No,DSL,No,No,No,No,No,No,Month-to-month,Yes,Bank transfer (automatic)
7,49.75,331.3,Male,0,Yes,Yes,Yes,No,DSL,Yes,No,No,No,No,No,One year,Yes,Electronic check
28,25.7,734.6,Female,1,Yes,No,Yes,Yes,No,No internet service,No internet service,No internet service,No internet service,No internet service,No internet service,Month-to-month,No,Mailed check
51,69.75,3562.5,Female,0,Yes,Yes,Yes,No,DSL,Yes,Yes,No,Yes,No,Yes,One year,Yes,Credit card (automatic)
38,69.0,2669.45,Male,0,Yes,No,Yes,Yes,DSL,No,No,Yes,Yes,No,Yes,One year,No,Credit card (automatic)
23,57.75,1282.85,Female,0,Yes,Yes,Yes,No,DSL,Yes,Yes,No,Yes,No,No,One year,Yes,Mailed check
70,51.05,3635.15,Male,0,Yes,No,No,No phone service,DSL,No,Yes,Yes,Yes,No,Yes,One year,Yes,Bank transfer (automatic)
10,19.95,187.75,Female,0,Yes,No,Yes,No,No,No internet service,No internet service,No internet service,No internet service,No internet service,No internet service,Month-to-month,Yes,Bank transfer (automatic)
22,78.65,1663.75,Male,0,Yes,Yes,Yes,Yes,DSL,No,No,Yes,Yes,Yes,Yes,One year,Yes,Mailed check
55,44.85,2479.05,Male,1,No,No,No,No phone service,DSL,Yes,Yes,No,No,Yes,No,Month-to-month,Yes,Electronic check
1,89.25,89.25,Male,0,No,No,Yes,No,Fiber optic,No,No,No,No,Yes,Yes,Month-to-month,Yes,Electronic check
5,65.6,339.9,Male,0,No,No,Yes,No,DSL,No,Yes,No,Yes,No,Yes,Month-to-month,Yes,Bank transfer (automatic)
46,93.7,4154.8,Male,0,No,No,Yes,Yes,Fiber optic,Yes,Yes,No,No,No,Yes,Month-to-month,Yes,Electronic check
2,45.4,80.95,Female,0,No,No,Yes,No,DSL,No,No,No,No,No,No,Month-to-month,Yes,Electronic check
71,19.8,1388.45,Male,1,Yes,Yes,Yes,No,No,No internet service,No internet service,No internet service,No internet service,No internet service,No internet service,Two year,No,Credit card (automatic)
3,20.0,61.7,Female,0,No,No,Yes,No,No,No internet service,No internet service,No internet service,No internet service,No internet service,No internet service,Month-to-month,Yes,Mailed check
60,95.4,5812.0,Male,0,Yes,Yes,Yes,Yes,Fiber optic,Yes,No,Yes,No,Yes,No,One year,Yes,Bank transfer (automatic)
14,76.1,1054.8,Male,0,No,Yes,Yes,No,DSL,Yes,Yes,Yes,Yes,No,Yes,Two year,No,Bank transfer (automatic)
72,24.75,1769.6,Male,0,Yes,Yes,Yes,Yes,No,No internet service,No internet service,No internet service,No internet service,No internet service,No internet service,Two year,No,Bank transfer (automatic)
15,51.1,711.15,Female,0,Yes,No,Yes,Yes,DSL,No,No,No,No,No,No,Month-to-month,Yes,Electronic check
70,90.15,6237.05,Male,0,Yes,Yes,Yes,Yes,DSL,Yes,Yes,Yes,Yes,Yes,Yes,Two year,Yes,Credit card (automatic)
36,99.15,3615.6,Female,0,No,No,Yes,Yes,Fiber optic,No,Yes,No,No,Yes,Yes,Month-to-month,Yes,Electronic check
9,90.8,809.75,Female,0,No,No,Yes,No,Fiber optic,No,No,No,No,Yes,Yes,Month-to-month,Yes,Bank transfer (automatic)
6,45.65,323.45,Female,0,Yes,No,Yes,No,DSL,No,No,No,No,No,No,Month-to-month,No,Mailed check
5,84.7,392.5,Female,1,No,No,Yes,No,Fiber optic,No,Yes,No,No,Yes,No,Month-to-month,Yes,Electronic check
1,46.2,46.2,Male,0,No,No,Yes,No,DSL,No,No,No,No,No,No,Month-to-month,No,Credit card (automatic)
72,25.4,1797.1,Male,0,Yes,No,Yes,Yes,No,No internet service,No internet service,No internet service,No internet service,No internet service,No internet service,Two year,No,Mailed check
33,93.35,3092.0,Male,0,Yes,No,Yes,Yes,Fiber optic,No,Yes,Yes,No,No,Yes,Month-to-month,Yes,Electronic check
1,69.65,69.65,Male,1,No,No,Yes,No,Fiber optic,No,No,No,No,No,No,Month-to-month,Yes,Electronic check
24,49.55,1210.4,Male,0,No,No,Yes,No,DSL,Yes,No,No,No,No,No,Month-to-month,Yes,Bank transfer (automatic)
15,19.45,340.85,Male,0,Yes,No,Yes,No,No,No internet service,No internet service,No internet service,No internet service,No internet service,No internet service,Month-to-month,Yes,Credit card (automatic)
22,94.95,2142.8,Male,0,No,No,Yes,No,Fiber optic,No,Yes,Yes,Yes,No,Yes,Month-to-month,Yes,Bank transfer (automatic)
16,38.9,664.4,Female,0,No,No,No,No phone service,DSL,Yes,No,No,No,Yes,No,Month-to-month,Yes,Electronic check
20,98.55,1842.8,Male,1,No,No,Yes,Yes,Fiber optic,No,No,Yes,No,Yes,Yes,Month-to-month,Yes,Electronic check
56,100.3,5614.45,Male,0,Yes,No,Yes,Yes,Fiber optic,No,Yes,No,No,Yes,Yes,One year,No,Credit card (automatic)
72,102.65,7550.3,Male,1,Yes,No,Yes,Yes,Fiber optic,Yes,Yes,Yes,No,No,Yes,Two year,Yes,Credit card (automatic)
38,66.15,2522.4,Female,0,No,No,Yes,Yes,DSL,Yes,Yes,Yes,No,No,No,Month-to-month,Yes,Bank transfer (automatic)
24,54.95,1348.5,Male,0,No,No,Yes,No,DSL,Yes,No,No,Yes,No,No,Month-to-month,No,Electronic check
34,20.05,679.0,Male,0,Yes,No,Yes,No,No,No internet service,No internet service,No internet service,No internet service,No internet service,No internet service,Two year,No,Credit card (automatic)
7,79.7,586.05,Female,0,No,No,Yes,No,Fiber optic,No,No,No,No,Yes,No,Month-to-month,Yes,Electronic check
19,20.25,383.65,Female,0,No,No,Yes,No,No,No internet service,No internet service,No internet service,No internet service,No internet service,No internet service,One year,No,Credit card (automatic)
30,40.35,1187.05,Female,0,No,No,No,No phone service,DSL,No,No,No,Yes,No,Yes,One year,Yes,Credit card (automatic)
6,48.8,297.35,Female,0,Yes,Yes,Yes,No,DSL,No,No,No,Yes,No,No,Month-to-month,Yes,Mailed check
11,19.65,225.75,Male,0,Yes,Yes,Yes,No,No,No internet service,No internet service,No internet service,No internet service,No internet service,No internet service,Two year,No,Mailed check
71,106.8,7623.2,Male,1,No,No,Yes,Yes,Fiber optic,No,Yes,No,Yes,Yes,Yes,Two year,Yes,Electronic check
38,60.0,2193.2,Male,0,Yes,No,No,No phone service,DSL,Yes,Yes,No,Yes,Yes,Yes,Two year,Yes,Bank transfer (automatic)
42,19.35,867.3,Male,0,Yes,Yes,Yes,No,No,No internet service,No internet service,No internet service,No internet service,No internet service,No internet service,Two year,No,Mailed check
60,79.2,4765.0,Female,0,No,No,Yes,Yes,Fiber optic,No,No,Yes,No,No,No,One year,Yes,Bank transfer (automatic)
9,103.1,970.45,Male,0,Yes,Yes,Yes,No,Fiber optic,No,No,Yes,Yes,Yes,Yes,Month-to-month,No,Electronic check
16,20.1,318.6,Female,0,No,No,Yes,No,No,No internet service,No internet service,No internet service,No internet service,No internet service,No internet service,One year,No,Bank transfer (automatic)
57,93.75,5625.55,Male,1,No,No,Yes,Yes,Fiber optic,Yes,No,No,Yes,No,Yes,Two year,No,Electronic check
71,106.7,7382.25,Male,0,No,Yes,Yes,Yes,Fiber optic,Yes,No,Yes,No,Yes,Yes,Two year,No,Bank transfer (automatic)
12,85.05,999.8,Male,0,Yes,No,Yes,No,Fiber optic,No,Yes,No,No,No,Yes,Month-to-month,Yes,Credit card (automatic)
46,101.1,4674.4,Female,0,No,No,Yes,Yes,Fiber optic,No,No,Yes,No,Yes,Yes,One year,Yes,Electronic check
66,70.85,4738.85,Female,1,Yes,No,Yes,Yes,DSL,No,Yes,Yes,No,Yes,No,One year,Yes,Bank transfer (automatic)
10,40.7,449.3,Female,0,No,No,No,No phone service,DSL,Yes,Yes,Yes,No,No,No,Month-to-month,No,Bank transfer (automatic)
71,25.55,1898.1,Male,0,No,No,Yes,Yes,No,No internet service,No internet service,No internet service,No internet service,No internet service,No internet service,Two year,No,Bank transfer (automatic)
60,94.15,5811.8,Female,0,Yes,Yes,Yes,Yes,Fiber optic,Yes,Yes,No,No,Yes,No,One year,No,Bank transfer (automatic)
31,73.9,2217.15,Female,1,No,No,Yes,Yes,Fiber optic,No,No,No,No,No,No,Month-to-month,Yes,Electronic check
42,92.15,3875.4,Female,0,Yes,Yes,Yes,No,Fiber optic,No,No,Yes,No,Yes,Yes,Month-to-month,Yes,Electronic check
8,20.45,162.3,Male,0,No,No,Yes,No,No,No internet service,No internet service,No internet service,No internet service,No internet service,No internet service,Month-to-month,Yes,Credit card (automatic)
71,84.4,5969.3,Female,0,Yes,No,Yes,No,DSL,Yes,Yes,Yes,Yes,Yes,Yes,Two year,Yes,Credit card (automatic)
67,84.8,5598.3,Female,0,Yes,Yes,Yes,No,Fiber optic,Yes,Yes,Yes,No,No,No,One year,No,Bank transfer (automatic)
5,19.35,126.05,Male,0,Yes,No,Yes,No,No,No internet service,No internet service,No internet service,No internet service,No internet service,No internet service,Month-to-month,No,Mailed check
6,55.15,322.9,Female,0,No,No,Yes,No,DSL,Yes,Yes,No,No,No,No,Month-to-month,No,Mailed check
52,63.25,3342.45,Male,0,No,No,Yes,No,DSL,Yes,Yes,No,No,Yes,No,Two year,Yes,Credit card (automatic)
42,77.95,3384.0,Female,0,Yes,Yes,Yes,No,Fiber optic,No,No,No,No,Yes,No,Month-to-month,Yes,Credit card (automatic)
5,44.8,220.45,Female,0,Yes,Yes,Yes,No,DSL,No,No,No,No,No,No,Month-to-month,No,Mailed check
33,86.15,2745.7,Female,0,Yes,Yes,Yes,Yes,Fiber optic,No,No,No,No,No,Yes,Month-to-month,No,Credit card (automatic)
25,20.75,499.4,Male,0,No,No,Yes,No,No,No internet service,No internet service,No internet service,No internet service,No internet service,No internet service,Two year,Yes,Mailed check
68,72.95,4953.25,Male,0,Yes,Yes,Yes,No,DSL,No,No,Yes,Yes,Yes,Yes,Two year,Yes,Bank transfer (automatic)
67,60.95,4119.4,Male,1,Yes,No,Yes,No,DSL,Yes,Yes,No,Yes,No,No,One year,Yes,Bank transfer (automatic)
72,64.45,4720.0,Male,0,Yes,Yes,Yes,Yes,DSL,Yes,Yes,Yes,No,No,No,Two year,No,Credit card (automatic)
5,92.5,452.7,Male,0,No,No,Yes,Yes,Fiber optic,No,No,Yes,No,Yes,No,Month-to-month,Yes,Electronic check
40,40.25,1564.05,Male,0,No,Yes,No,No phone service,DSL,Yes,Yes,No,Yes,No,No,One year,No,Mailed check
7,84.55,646.85,Female,1,Yes,No,Yes,Yes,Fiber optic,No,No,No,No,No,Yes,Month-to-month,Yes,Electronic check
68,79.6,5461.45,Male,0,No,No,Yes,No,Fiber optic,No,Yes,Yes,No,No,No,One year,No,Credit card (automatic)
71,19.9,1397.3,Female,0,Yes,Yes,Yes,No,No,No internet service,No internet service,No internet service,No internet service,No internet service,No internet service,Two year,No,Credit card (automatic)
11,61.25,729.95,Male,0,No,No,Yes,No,DSL,No,Yes,No,No,Yes,No,One year,Yes,Electronic check
24,24.2,609.05,Male,0,Yes,Yes,Yes,Yes,No,No internet service,No internet service,No internet service,No internet service,No internet service,No internet service,Two year,No,Mailed check
4,45.65,191.05,Female,0,No,No,Yes,No,DSL,No,No,No,No,No,No,Month-to-month,No,Mailed check
48,103.85,4946.05,Female,0,No,No,Yes,Yes,Fiber optic,No,No,Yes,Yes,Yes,Yes,Month-to-month,Yes,Electronic check
4,29.15,110.05,Female,0,No,No,No,No phone service,DSL,Yes,No,No,No,No,No,Month-to-month,Yes,Mailed check
4,80.25,303.7,Female,1,No,No,Yes,Yes,Fiber optic,Yes,No,No,No,No,No,Month-to-month,Yes,Electronic check
56,73.85,4092.85,Female,0,No,No,Yes,No,Fiber optic,No,Yes,No,No,No,No,Month-to-month,Yes,Electronic check
71,98.65,6962.85,Male,0,Yes,No,Yes,Yes,Fiber optic,No,No,Yes,No,Yes,Yes,One year,Yes,Credit card (automatic)
62,100.15,6413.65,Female,0,No,Yes,Yes,Yes,Fiber optic,No,No,Yes,No,Yes,Yes,One year,Yes,Electronic check
47,94.8,4535.85,Male,0,No,No,Yes,Yes,Fiber optic,Yes,Yes,No,No,Yes,No,One year,No,Bank transfer (automatic)
6,84.35,474.9,Female,1,Yes,No,Yes,Yes,Fiber optic,No,No,No,No,No,Yes,Month-to-month,Yes,Electronic check
68,84.7,5711.05,Female,0,Yes,No,Yes,Yes,Fiber optic,Yes,Yes,No,No,No,No,Two year,Yes,Bank transfer (automatic)
8,43.35,371.4,Male,1,Yes,No,No,No phone service,DSL,No,Yes,Yes,No,No,Yes,Month-to-month,Yes,Mailed check
27,110.5,2857.6,Female,1,No,No,Yes,Yes,Fiber optic,Yes,Yes,Yes,No,Yes,Yes,One year,Yes,Bank transfer (automatic)
1,45.05,45.05,Male,0,No,No,Yes,No,DSL,No,No,No,No,No,No,Month-to-month,Yes,Mailed check
22,89.75,1938.9,Male,1,Yes,No,Yes,No,Fiber optic,No,No,No,No,Yes,Yes,Month-to-month,Yes,Bank transfer (automatic)
5,99.15,465.05,Female,0,Yes,Yes,Yes,No,Fiber optic,No,Yes,No,Yes,Yes,Yes,Month-to-month,Yes,Mailed check
3,56.15,168.15,Male,0,Yes,Yes,Yes,No,DSL,No,Yes,Yes,No,No,No,Month-to-month,Yes,Mailed check
9,98.3,923.5,Female,0,No,No,Yes,Yes,Fiber optic,No,No,Yes,No,Yes,Yes,Month-to-month,No,Credit card (automatic)
20,81.45,1671.6,Female,1,No,No,Yes,No,Fiber optic,No,No,No,No,No,Yes,Month-to-month,Yes,Electronic check
22,79.2,1742.75,Female,0,Yes,No,Yes,Yes,DSL,Yes,No,No,Yes,Yes,Yes,Month-to-month,Yes,Electronic check
5,80.7,374.8,Female,1,No,No,Yes,No,Fiber optic,Yes,Yes,No,No,No,No,Month-to-month,No,Electronic check
68,85.3,5560.0,Female,0,Yes,Yes,Yes,Yes,DSL,No,Yes,Yes,Yes,Yes,Yes,Two year,No,Bank transfer (automatic)
4,78.45,330.05,Male,0,No,No,Yes,Yes,Fiber optic,No,Yes,No,No,No,No,Month-to-month,No,Electronic check
52,101.25,5301.1,Female,0,Yes,Yes,Yes,Yes,Fiber optic,No,No,Yes,No,Yes,Yes,One year,No,Bank transfer (automatic)
33,68.25,2171.15,Male,0,No,No,Yes,No,Fiber optic,No,No,No,No,No,No,Month-to-month,No,Electronic check
71,24.7,1810.55,Female,0,Yes,Yes,Yes,Yes,No,No internet service,No internet service,No internet service,No internet service,No internet service,No internet service,Two year,No,Bank transfer (automatic)
43,35.2,1463.7,Male,0,No,No,No,No phone service,DSL,Yes,No,Yes,No,No,No,One year,Yes,Credit card (automatic)
65,95.45,6223.3,Female,1,No,No,Yes,Yes,Fiber optic,No,Yes,Yes,No,Yes,No,Month-to-month,Yes,Bank transfer (automatic)
4,19.6,93.45,Female,0,Yes,No,Yes,No,No,No internet service,No internet service,No internet service,No internet service,No internet service,No internet service,Month-to-month,No,Mailed check
1,70.6,70.6,Male,0,No,No,Yes,No,Fiber optic,No,No,No,No,No,No,Month-to-month,Yes,Mailed check
49,99.25,4920.8,Male,0,Yes,No,Yes,No,Fiber optic,No,No,Yes,Yes,Yes,Yes,One year,Yes,Credit card (automatic)
70,75.35,5437.75,Female,0,Yes,Yes,Yes,No,DSL,Yes,No,No,Yes,Yes,Yes,Two year,No,Credit card (automatic)
1,20.15,20.15,Male,0,Yes,Yes,Yes,No,No,No internet service,No internet service,No internet service,No internet service,No internet service,No internet service,Month-to-month,Yes,Bank transfer (automatic)
1,24.7,24.7,Male,0,No,Yes,No,No phone service,DSL,No,No,No,No,No,No,Month-to-month,Yes,Electronic check
5,89.35,461.7,Female,0,No,No,Yes,No,Fiber optic,No,Yes,No,Yes,No,Yes,Month-to-month,Yes,Electronic check
13,96.85,1235.55,Female,1,No,No,Yes,No,Fiber optic,No,No,Yes,No,Yes,Yes,Month-to-month,Yes,Electronic check
72,104.45,7459.0,Male,0,Yes,Yes,Yes,Yes,Fiber optic,No,Yes,Yes,No,Yes,Yes,One year,Yes,Credit card (automatic)
41,104.45,4162.05,Female,0,Yes,No,Yes,No,Fiber optic,Yes,Yes,Yes,No,Yes,Yes,One year,Yes,Bank transfer (automatic)
9,45.15,416.45,Female,0,No,No,Yes,No,DSL,No,No,No,No,No,No,Month-to-month,No,Electronic check
72,68.4,4855.35,Male,0,Yes,Yes,Yes,No,DSL,Yes,Yes,No,Yes,Yes,No,Two year,No,Bank transfer (automatic)
50,19.4,1023.95,Female,0,No,No,Yes,No,No,No internet service,No internet service,No internet service,No internet service,No internet service,No internet service,Two year,No,Credit card (automatic)
46,44.95,2168.9,Female,0,No,No,Yes,No,DSL,No,No,No,No,No,No,Month-to-month,No,Bank transfer (automatic)
58,50.3,2878.55,Male,0,Yes,No,Yes,No,DSL,No,No,Yes,No,No,No,One year,No,Credit card (automatic)
57,20.65,1125.6,Male,0,No,No,Yes,No,No,No internet service,No internet service,No internet service,No internet service,No internet service,No internet service,Two year,No,Bank transfer (automatic)
10,49.55,475.7,Male,0,Yes,Yes,Yes,No,DSL,No,Yes,No,No,No,No,One year,No,Mailed check
45,81.3,3541.1,Female,0,Yes,Yes,Yes,Yes,DSL,Yes,Yes,Yes,Yes,Yes,No,Month-to-month,No,Mailed check
25,25.4,546.85,Male,0,Yes,Yes,Yes,Yes,No,No internet service,No internet service,No internet service,No internet service,No internet service,No internet service,Month-to-month,Yes,Bank transfer (automatic)
58,19.15,1035.5,Male,0,No,No,Yes,No,No,No internet service,No internet service,No internet service,No internet service,No internet service,No internet service,Two year,Yes,Bank transfer (automatic)
72,110.6,7962.2,Male,0,Yes,No,Yes,Yes,Fiber optic,No,Yes,Yes,Yes,Yes,Yes,Two year,Yes,Credit card (automatic)
71,115.05,8016.6,Male,1,Yes,No,Yes,Yes,Fiber optic,Yes,Yes,Yes,Yes,Yes,Yes,Two year,Yes,Bank transfer (automatic)
64,89.45,5692.65,Male,0,Yes,No,Yes,Yes,Fiber optic,Yes,Yes,Yes,No,No,No,One year,No,Bank transfer (automatic)
1,44.55,44.55,Female,0,No,No,Yes,No,DSL,No,No,No,No,No,No,Month-to-month,Yes,Credit card (automatic)
18,50.0,892.7,Female,0,No,No,Yes,No,DSL,No,No,Yes,No,No,No,Month-to-month,Yes,Mailed check
42,94.4,4014.6,Male,0,Yes,No,Yes,Yes,Fiber optic,Yes,No,Yes,No,No,Yes,Month-to-month,Yes,Electronic check
